97cd75e03f70656bd942ea27ebd7babd 0 69905450 2
97cd75e03f70656bd942ea27ebd7babd 0 141033670 2
97cd75e03f70656bd942ea27ebd7babd 0 303125540 2
97cd75e03f70656bd942ea27ebd7babd 0 62532628 2
97cd75e03f70656bd942ea27ebd7babd 0 14180837 2
97cd75e03f70656bd942ea27ebd7babd 0 155750376 2
97cd75e03f70656bd942ea27ebd7babd 0 10758405 2
97cd75e03f70656bd942ea27ebd7babd 0 19189937 2
97cd75e03f70656bd942ea27ebd7babd 0 98811529 2
97cd75e03f70656bd942ea27ebd7babd 0 312479911 2
97cd75e03f70656bd942ea27ebd7babd 0 141033669 2
97cd75e03f70656bd942ea27ebd7babd 0 294028597 2
97cd75e03f70656bd942ea27ebd7babd 0 164917004 2
97cd75e03f70656bd942ea27ebd7babd 0 297507099 1
97cd75e03f70656bd942ea27ebd7babd 0 10723615 2
97cd75e03f70656bd942ea27ebd7babd 0 112006763 2
97cd75e03f70656bd942ea27ebd7babd 0 301690936 1
97cd75e03f70656bd942ea27ebd7babd 0 289757417 2
97cd75e03f70656bd942ea27ebd7babd 0 10723619 2
97cd75e03f70656bd942ea27ebd7babd 0 165147011 2
97cd75e03f70656bd942ea27ebd7babd 0 10723618 2
97cd75e03f70656bd942ea27ebd7babd 0 10723624 1
d67109e1ca0ae6026ec27f59815c7a5a 0 292615443 2
d67109e1ca0ae6026ec27f59815c7a5a 0 135783609 1
d67109e1ca0ae6026ec27f59815c7a5a 0 290570822 2
d67109e1ca0ae6026ec27f59815c7a5a 0 42981781 0
d67109e1ca0ae6026ec27f59815c7a5a 0 4862094 2
d67109e1ca0ae6026ec27f59815c7a5a 0 127132257 2
d67109e1ca0ae6026ec27f59815c7a5a 0 155465329 2
d67109e1ca0ae6026ec27f59815c7a5a 0 170065185 2
d67109e1ca0ae6026ec27f59815c7a5a 0 291593832 2
d67109e1ca0ae6026ec27f59815c7a5a 0 164501946 2
d67109e1ca0ae6026ec27f59815c7a5a 0 173705457 2
d67109e1ca0ae6026ec27f59815c7a5a 0 275043475 2
d67109e1ca0ae6026ec27f59815c7a5a 0 144839557 2
d67109e1ca0ae6026ec27f59815c7a5a 0 149798951 2
d67109e1ca0ae6026ec27f59815c7a5a 0 160432632 2
d67109e1ca0ae6026ec27f59815c7a5a 0 126946270 2
d67109e1ca0ae6026ec27f59815c7a5a 0 46885187 1
d67109e1ca0ae6026ec27f59815c7a5a 0 126931540 2
d67109e1ca0ae6026ec27f59815c7a5a 0 22491132 0
d67109e1ca0ae6026ec27f59815c7a5a 0 309735212 1
d67109e1ca0ae6026ec27f59815c7a5a 0 4473034 2
7845aa70335809e0297a30b55bf29ba6 0 18522065 2
7845aa70335809e0297a30b55bf29ba6 0 160618421 2
7845aa70335809e0297a30b55bf29ba6 0 17798923 2
7845aa70335809e0297a30b55bf29ba6 0 5840491 2
7845aa70335809e0297a30b55bf29ba6 0 10099928 2
7845aa70335809e0297a30b55bf29ba6 0 138671326 2
7845aa70335809e0297a30b55bf29ba6 0 17811750 2
7845aa70335809e0297a30b55bf29ba6 0 10099434 2
7845aa70335809e0297a30b55bf29ba6 0 169078995 2
7845aa70335809e0297a30b55bf29ba6 0 131422390 0
7845aa70335809e0297a30b55bf29ba6 0 46940304 2
7845aa70335809e0297a30b55bf29ba6 0 310306004 2
7845aa70335809e0297a30b55bf29ba6 0 129747034 2
7845aa70335809e0297a30b55bf29ba6 0 143311507 2
7845aa70335809e0297a30b55bf29ba6 0 132767689 2
7845aa70335809e0297a30b55bf29ba6 0 31005983 2
7845aa70335809e0297a30b55bf29ba6 0 71455222 2
7845aa70335809e0297a30b55bf29ba6 0 17568060 2
7845aa70335809e0297a30b55bf29ba6 0 88915309 2
7845aa70335809e0297a30b55bf29ba6 0 2611999 2
7845aa70335809e0297a30b55bf29ba6 0 74704224 2
7845aa70335809e0297a30b55bf29ba6 0 19243194 2
7845aa70335809e0297a30b55bf29ba6 0 10099573 2
7845aa70335809e0297a30b55bf29ba6 0 122232921 2
9091fd80834695b8c696adf3b6f20d55 0 284054467 0
9091fd80834695b8c696adf3b6f20d55 0 160460788 1
9091fd80834695b8c696adf3b6f20d55 0 70478802 0
9091fd80834695b8c696adf3b6f20d55 0 2768849 0
9091fd80834695b8c696adf3b6f20d55 0 24753466 0
9091fd80834695b8c696adf3b6f20d55 0 159552828 0
9091fd80834695b8c696adf3b6f20d55 0 87317962 0
9091fd80834695b8c696adf3b6f20d55 0 2656968 0
9091fd80834695b8c696adf3b6f20d55 0 46360974 1
9091fd80834695b8c696adf3b6f20d55 0 305403304 0
9091fd80834695b8c696adf3b6f20d55 0 46358891 0
9091fd80834695b8c696adf3b6f20d55 0 9641698 0
9091fd80834695b8c696adf3b6f20d55 0 301672956 0
9091fd80834695b8c696adf3b6f20d55 0 145725595 0
9091fd80834695b8c696adf3b6f20d55 0 69296855 1
9091fd80834695b8c696adf3b6f20d55 0 7131030 0
9091fd80834695b8c696adf3b6f20d55 0 290724625 0
9091fd80834695b8c696adf3b6f20d55 0 158244862 0
9091fd80834695b8c696adf3b6f20d55 0 134959694 0
9091fd80834695b8c696adf3b6f20d55 0 46355235 2
9091fd80834695b8c696adf3b6f20d55 0 25028696 0
9091fd80834695b8c696adf3b6f20d55 0 46358445 1
9091fd80834695b8c696adf3b6f20d55 0 148919694 0
9091fd80834695b8c696adf3b6f20d55 0 303084616 0
9091fd80834695b8c696adf3b6f20d55 0 292480802 0
9091fd80834695b8c696adf3b6f20d55 0 95299890 1
9091fd80834695b8c696adf3b6f20d55 0 39794122 0
562ca7b9a565a1a27f9c71670c9f541e 0 160669041 2
562ca7b9a565a1a27f9c71670c9f541e 0 40110324 1
562ca7b9a565a1a27f9c71670c9f541e 0 146974531 2
562ca7b9a565a1a27f9c71670c9f541e 0 160675267 2
562ca7b9a565a1a27f9c71670c9f541e 0 157878908 2
562ca7b9a565a1a27f9c71670c9f541e 0 129221863 2
562ca7b9a565a1a27f9c71670c9f541e 0 232772596 2
562ca7b9a565a1a27f9c71670c9f541e 0 275988103 2
562ca7b9a565a1a27f9c71670c9f541e 0 136028310 2
562ca7b9a565a1a27f9c71670c9f541e 0 6432283 2
562ca7b9a565a1a27f9c71670c9f541e 0 17827989 2
562ca7b9a565a1a27f9c71670c9f541e 0 129260637 2
562ca7b9a565a1a27f9c71670c9f541e 0 44675314 2
562ca7b9a565a1a27f9c71670c9f541e 0 301426804 2
562ca7b9a565a1a27f9c71670c9f541e 0 17820575 2
562ca7b9a565a1a27f9c71670c9f541e 0 162170643 2
562ca7b9a565a1a27f9c71670c9f541e 0 31490152 2
562ca7b9a565a1a27f9c71670c9f541e 0 291799627 2
562ca7b9a565a1a27f9c71670c9f541e 0 158732276 2
562ca7b9a565a1a27f9c71670c9f541e 0 122247116 2
562ca7b9a565a1a27f9c71670c9f541e 0 311494046 2
562ca7b9a565a1a27f9c71670c9f541e 0 109524971 2
3490ff75cc1d7cc958eea148ecf9f064 0 62548868 1
3490ff75cc1d7cc958eea148ecf9f064 0 40118662 0
3490ff75cc1d7cc958eea148ecf9f064 0 301781331 1
3490ff75cc1d7cc958eea148ecf9f064 0 274701661 1
3490ff75cc1d7cc958eea148ecf9f064 0 311442592 1
3490ff75cc1d7cc958eea148ecf9f064 0 305496254 1
3490ff75cc1d7cc958eea148ecf9f064 0 290702351 2
3490ff75cc1d7cc958eea148ecf9f064 0 170512591 1
3490ff75cc1d7cc958eea148ecf9f064 0 160704850 2
3490ff75cc1d7cc958eea148ecf9f064 0 276164113 1
3490ff75cc1d7cc958eea148ecf9f064 0 274818631 0
3490ff75cc1d7cc958eea148ecf9f064 0 311443124 2
3490ff75cc1d7cc958eea148ecf9f064 0 274818301 1
3490ff75cc1d7cc958eea148ecf9f064 0 290851067 0
3490ff75cc1d7cc958eea148ecf9f064 0 276466579 1
3490ff75cc1d7cc958eea148ecf9f064 0 300187827 1
3490ff75cc1d7cc958eea148ecf9f064 0 290665548 1
3490ff75cc1d7cc958eea148ecf9f064 0 58913574 0
3490ff75cc1d7cc958eea148ecf9f064 0 143386778 2
3490ff75cc1d7cc958eea148ecf9f064 0 63185143 1
3490ff75cc1d7cc958eea148ecf9f064 0 268317280 0
3490ff75cc1d7cc958eea148ecf9f064 0 290458423 0
3490ff75cc1d7cc958eea148ecf9f064 0 36995441 0
3490ff75cc1d7cc958eea148ecf9f064 0 70580910 1
3490ff75cc1d7cc958eea148ecf9f064 0 36990732 1
3490ff75cc1d7cc958eea148ecf9f064 0 291457189 1
3490ff75cc1d7cc958eea148ecf9f064 0 171662754 1
3490ff75cc1d7cc958eea148ecf9f064 0 10914642 1
3490ff75cc1d7cc958eea148ecf9f064 0 23072324 2
69a3ac0c9cf2fb3bc0b2ceb56db2edfe 0 290847310 0
69a3ac0c9cf2fb3bc0b2ceb56db2edfe 0 3742862 0
69a3ac0c9cf2fb3bc0b2ceb56db2edfe 0 67753975 0
69a3ac0c9cf2fb3bc0b2ceb56db2edfe 0 24883528 0
69a3ac0c9cf2fb3bc0b2ceb56db2edfe 0 24893544 0
69a3ac0c9cf2fb3bc0b2ceb56db2edfe 0 292166320 2
69a3ac0c9cf2fb3bc0b2ceb56db2edfe 0 86012864 2
69a3ac0c9cf2fb3bc0b2ceb56db2edfe 0 77744283 1
69a3ac0c9cf2fb3bc0b2ceb56db2edfe 0 24894071 0
69a3ac0c9cf2fb3bc0b2ceb56db2edfe 0 279726699 2
69a3ac0c9cf2fb3bc0b2ceb56db2edfe 0 24871855 0
69a3ac0c9cf2fb3bc0b2ceb56db2edfe 0 71353907 0
69a3ac0c9cf2fb3bc0b2ceb56db2edfe 0 8983956 1
69a3ac0c9cf2fb3bc0b2ceb56db2edfe 0 24866462 0
69a3ac0c9cf2fb3bc0b2ceb56db2edfe 0 50677894 2
69a3ac0c9cf2fb3bc0b2ceb56db2edfe 0 287171538 0
69a3ac0c9cf2fb3bc0b2ceb56db2edfe 0 134929685 1
69a3ac0c9cf2fb3bc0b2ceb56db2edfe 0 24774160 2
69a3ac0c9cf2fb3bc0b2ceb56db2edfe 0 78479327 2
9af879f2df293898cb7a6cb4de5c4a86 0 291452191 1
9af879f2df293898cb7a6cb4de5c4a86 0 166625590 0
9af879f2df293898cb7a6cb4de5c4a86 0 127599738 0
9af879f2df293898cb7a6cb4de5c4a86 0 173221789 0
9af879f2df293898cb7a6cb4de5c4a86 0 173701473 0
9af879f2df293898cb7a6cb4de5c4a86 0 36390237 0
9af879f2df293898cb7a6cb4de5c4a86 0 308893756 0
9af879f2df293898cb7a6cb4de5c4a86 0 313042304 0
9af879f2df293898cb7a6cb4de5c4a86 0 964766 0
9af879f2df293898cb7a6cb4de5c4a86 0 46708965 0
9af879f2df293898cb7a6cb4de5c4a86 0 294105574 1
9af879f2df293898cb7a6cb4de5c4a86 0 294146701 1
9af879f2df293898cb7a6cb4de5c4a86 0 37996043 0
9af879f2df293898cb7a6cb4de5c4a86 0 24768198 0
9af879f2df293898cb7a6cb4de5c4a86 0 25560014 0
9af879f2df293898cb7a6cb4de5c4a86 0 17045423 0
9af879f2df293898cb7a6cb4de5c4a86 0 143187221 0
9af879f2df293898cb7a6cb4de5c4a86 0 313019430 0
9af879f2df293898cb7a6cb4de5c4a86 0 305192534 0
9af879f2df293898cb7a6cb4de5c4a86 0 294096946 0
9af879f2df293898cb7a6cb4de5c4a86 0 313010312 0
9af879f2df293898cb7a6cb4de5c4a86 0 303970267 1
9af879f2df293898cb7a6cb4de5c4a86 0 302714619 0
9af879f2df293898cb7a6cb4de5c4a86 0 100921191 1
9af879f2df293898cb7a6cb4de5c4a86 0 299530032 0
652d873a275fd4ba0504d141cf387c59 0 10970753 2
652d873a275fd4ba0504d141cf387c59 0 145727066 2
652d873a275fd4ba0504d141cf387c59 0 8383510 2
652d873a275fd4ba0504d141cf387c59 0 291873421 2
652d873a275fd4ba0504d141cf387c59 0 171415830 2
652d873a275fd4ba0504d141cf387c59 0 47002907 2
652d873a275fd4ba0504d141cf387c59 0 17805952 2
652d873a275fd4ba0504d141cf387c59 0 168915340 1
652d873a275fd4ba0504d141cf387c59 0 9115948 2
652d873a275fd4ba0504d141cf387c59 0 174705592 2
652d873a275fd4ba0504d141cf387c59 0 9882970 2
652d873a275fd4ba0504d141cf387c59 0 17825969 1
652d873a275fd4ba0504d141cf387c59 0 275699593 2
652d873a275fd4ba0504d141cf387c59 0 276242047 2
652d873a275fd4ba0504d141cf387c59 0 160651189 1
652d873a275fd4ba0504d141cf387c59 0 161266527 2
652d873a275fd4ba0504d141cf387c59 0 300888902 1
652d873a275fd4ba0504d141cf387c59 0 86629753 2
652d873a275fd4ba0504d141cf387c59 0 150006905 2
652d873a275fd4ba0504d141cf387c59 0 140387002 2
652d873a275fd4ba0504d141cf387c59 0 62528796 2
652d873a275fd4ba0504d141cf387c59 0 168359556 2
653094b26e8efc3bd5d6ca6124575e93 0 126646727 2
653094b26e8efc3bd5d6ca6124575e93 0 127872116 2
653094b26e8efc3bd5d6ca6124575e93 0 46641357 2
653094b26e8efc3bd5d6ca6124575e93 0 168815708 2
653094b26e8efc3bd5d6ca6124575e93 0 95223613 2
653094b26e8efc3bd5d6ca6124575e93 0 32441933 1
653094b26e8efc3bd5d6ca6124575e93 0 135386574 2
653094b26e8efc3bd5d6ca6124575e93 0 135137115 2
653094b26e8efc3bd5d6ca6124575e93 0 168809501 2
653094b26e8efc3bd5d6ca6124575e93 0 138454489 2
653094b26e8efc3bd5d6ca6124575e93 0 2690957 1
653094b26e8efc3bd5d6ca6124575e93 0 135401147 2
653094b26e8efc3bd5d6ca6124575e93 0 8341330 2
653094b26e8efc3bd5d6ca6124575e93 0 2635026 2
653094b26e8efc3bd5d6ca6124575e93 0 125458211 0
653094b26e8efc3bd5d6ca6124575e93 0 158308713 2
653094b26e8efc3bd5d6ca6124575e93 0 7934084 0
653094b26e8efc3bd5d6ca6124575e93 0 158418247 2
653094b26e8efc3bd5d6ca6124575e93 0 123568423 1
653094b26e8efc3bd5d6ca6124575e93 0 135401151 2
d49230534d6a85b88426fb74707a9cbb 0 268587262 1
d49230534d6a85b88426fb74707a9cbb 0 78451353 2
d49230534d6a85b88426fb74707a9cbb 0 301761498 1
d49230534d6a85b88426fb74707a9cbb 0 301622350 2
d49230534d6a85b88426fb74707a9cbb 0 276611961 2
d49230534d6a85b88426fb74707a9cbb 0 292198518 2
d49230534d6a85b88426fb74707a9cbb 0 274998478 1
d49230534d6a85b88426fb74707a9cbb 0 170423634 2
d49230534d6a85b88426fb74707a9cbb 0 140708423 2
d49230534d6a85b88426fb74707a9cbb 0 161494700 2
d49230534d6a85b88426fb74707a9cbb 0 303751332 2
d49230534d6a85b88426fb74707a9cbb 0 302717122 2
d49230534d6a85b88426fb74707a9cbb 0 294152539 1
d49230534d6a85b88426fb74707a9cbb 0 295601293 2
d49230534d6a85b88426fb74707a9cbb 0 289752390 1
d49230534d6a85b88426fb74707a9cbb 0 289556950 1
d49230534d6a85b88426fb74707a9cbb 0 274841786 2
d49230534d6a85b88426fb74707a9cbb 0 149031258 1
d49230534d6a85b88426fb74707a9cbb 0 290469404 2
d49230534d6a85b88426fb74707a9cbb 0 292262349 1
d49230534d6a85b88426fb74707a9cbb 0 290538966 2
d49230534d6a85b88426fb74707a9cbb 0 154753630 0
d49230534d6a85b88426fb74707a9cbb 0 274720668 1
d49230534d6a85b88426fb74707a9cbb 0 308774650 2
d49230534d6a85b88426fb74707a9cbb 0 302694896 2
8a1fbc42a27ef093c503103e1368f3d4 0 4872143 1
8a1fbc42a27ef093c503103e1368f3d4 0 86335140 2
8a1fbc42a27ef093c503103e1368f3d4 0 139955738 2
8a1fbc42a27ef093c503103e1368f3d4 0 159490479 2
8a1fbc42a27ef093c503103e1368f3d4 0 78428944 2
8a1fbc42a27ef093c503103e1368f3d4 0 293163177 2
8a1fbc42a27ef093c503103e1368f3d4 0 10852650 2
8a1fbc42a27ef093c503103e1368f3d4 0 86314288 2
8a1fbc42a27ef093c503103e1368f3d4 0 29213313 2
8a1fbc42a27ef093c503103e1368f3d4 0 46947913 2
8a1fbc42a27ef093c503103e1368f3d4 0 44458482 2
8a1fbc42a27ef093c503103e1368f3d4 0 313429809 2
8a1fbc42a27ef093c503103e1368f3d4 0 7290506 2
8a1fbc42a27ef093c503103e1368f3d4 0 17561286 2
8a1fbc42a27ef093c503103e1368f3d4 0 136928392 2
8a1fbc42a27ef093c503103e1368f3d4 0 146140527 2
8a1fbc42a27ef093c503103e1368f3d4 0 87344207 2
8a1fbc42a27ef093c503103e1368f3d4 0 301419986 2
8a1fbc42a27ef093c503103e1368f3d4 0 8549914 1
8a1fbc42a27ef093c503103e1368f3d4 0 107666727 2
8a1fbc42a27ef093c503103e1368f3d4 0 86879133 1
8a1fbc42a27ef093c503103e1368f3d4 0 18718048 2
8a1fbc42a27ef093c503103e1368f3d4 0 131782896 2
8a1fbc42a27ef093c503103e1368f3d4 0 95223770 2
a2a64265721427605ec182827171265b 0 172032112 2
a2a64265721427605ec182827171265b 0 19963145 2
a2a64265721427605ec182827171265b 0 107382167 2
a2a64265721427605ec182827171265b 0 171786327 2
a2a64265721427605ec182827171265b 0 138941658 2
a2a64265721427605ec182827171265b 0 161350061 2
a2a64265721427605ec182827171265b 0 161573978 2
a2a64265721427605ec182827171265b 0 153492521 2
a2a64265721427605ec182827171265b 0 19214360 2
a2a64265721427605ec182827171265b 0 155042867 2
a2a64265721427605ec182827171265b 0 160600100 2
a2a64265721427605ec182827171265b 0 150437810 2
a2a64265721427605ec182827171265b 0 40123789 2
a2a64265721427605ec182827171265b 0 160187894 2
a2a64265721427605ec182827171265b 0 156968293 2
a2a64265721427605ec182827171265b 0 274912665 2
a2a64265721427605ec182827171265b 0 159386596 2
a2a64265721427605ec182827171265b 0 166763153 2
a2a64265721427605ec182827171265b 0 17822481 2
a2a64265721427605ec182827171265b 0 304162048 2
a2a64265721427605ec182827171265b 0 140741937 2
a2a64265721427605ec182827171265b 0 290570255 2
a2a64265721427605ec182827171265b 0 8680396 2
a2a64265721427605ec182827171265b 0 166763169 2
a2a64265721427605ec182827171265b 0 151360146 2
a2a64265721427605ec182827171265b 0 123216874 2
a2a64265721427605ec182827171265b 0 149904484 2
a2a64265721427605ec182827171265b 0 40117080 2
a2a64265721427605ec182827171265b 0 56770466 2
00dea7cb26b0df14733b1aa2e48d4189 0 292319111 0
00dea7cb26b0df14733b1aa2e48d4189 0 98867222 1
00dea7cb26b0df14733b1aa2e48d4189 0 11012449 2
00dea7cb26b0df14733b1aa2e48d4189 0 293033472 2
00dea7cb26b0df14733b1aa2e48d4189 0 151378454 2
00dea7cb26b0df14733b1aa2e48d4189 0 289670589 0
00dea7cb26b0df14733b1aa2e48d4189 0 121368578 2
00dea7cb26b0df14733b1aa2e48d4189 0 148406943 1
00dea7cb26b0df14733b1aa2e48d4189 0 158024195 2
00dea7cb26b0df14733b1aa2e48d4189 0 107380854 1
00dea7cb26b0df14733b1aa2e48d4189 0 122513221 2
644e56222501df386be4b404cb2d02b0 0 48214505 0
644e56222501df386be4b404cb2d02b0 0 15125539 0
644e56222501df386be4b404cb2d02b0 0 135888501 0
644e56222501df386be4b404cb2d02b0 0 290100903 0
644e56222501df386be4b404cb2d02b0 0 291435049 2
644e56222501df386be4b404cb2d02b0 0 290570682 0
644e56222501df386be4b404cb2d02b0 0 293574475 0
644e56222501df386be4b404cb2d02b0 0 19100590 0
644e56222501df386be4b404cb2d02b0 0 78200845 0
644e56222501df386be4b404cb2d02b0 0 276431890 0
644e56222501df386be4b404cb2d02b0 0 133814463 0
644e56222501df386be4b404cb2d02b0 0 293842746 0
644e56222501df386be4b404cb2d02b0 0 299839281 0
644e56222501df386be4b404cb2d02b0 0 48213971 1
644e56222501df386be4b404cb2d02b0 0 291802749 0
644e56222501df386be4b404cb2d02b0 0 275656301 0
644e56222501df386be4b404cb2d02b0 0 291580210 0
644e56222501df386be4b404cb2d02b0 0 169433058 0
644e56222501df386be4b404cb2d02b0 0 21106655 0
644e56222501df386be4b404cb2d02b0 0 85859423 0
644e56222501df386be4b404cb2d02b0 0 312651378 0
644e56222501df386be4b404cb2d02b0 0 147688621 0
644e56222501df386be4b404cb2d02b0 0 299872825 1
644e56222501df386be4b404cb2d02b0 0 290849355 0
644e56222501df386be4b404cb2d02b0 0 11741488 0
644e56222501df386be4b404cb2d02b0 0 36003601 1
644e56222501df386be4b404cb2d02b0 0 8137780 0
644e56222501df386be4b404cb2d02b0 0 295563531 0
f40ef0e5ac56c2ae1febd382b3ff319c 0 276306726 1
f40ef0e5ac56c2ae1febd382b3ff319c 0 143671753 0
f40ef0e5ac56c2ae1febd382b3ff319c 0 6858407 0
f40ef0e5ac56c2ae1febd382b3ff319c 0 290061278 0
f40ef0e5ac56c2ae1febd382b3ff319c 0 292424650 0
f40ef0e5ac56c2ae1febd382b3ff319c 0 290464103 0
f40ef0e5ac56c2ae1febd382b3ff319c 0 290119155 0
f40ef0e5ac56c2ae1febd382b3ff319c 0 87538203 0
f40ef0e5ac56c2ae1febd382b3ff319c 0 30304465 0
f40ef0e5ac56c2ae1febd382b3ff319c 0 292274796 0
f40ef0e5ac56c2ae1febd382b3ff319c 0 289778411 0
f40ef0e5ac56c2ae1febd382b3ff319c 0 302778782 0
f40ef0e5ac56c2ae1febd382b3ff319c 0 7225737 1
f40ef0e5ac56c2ae1febd382b3ff319c 0 44366963 1
f40ef0e5ac56c2ae1febd382b3ff319c 0 132619571 0
f40ef0e5ac56c2ae1febd382b3ff319c 0 301699369 0
f40ef0e5ac56c2ae1febd382b3ff319c 0 276218426 0
f40ef0e5ac56c2ae1febd382b3ff319c 0 274813149 0
f40ef0e5ac56c2ae1febd382b3ff319c 0 7315594 1
f40ef0e5ac56c2ae1febd382b3ff319c 0 7147561 0
f40ef0e5ac56c2ae1febd382b3ff319c 0 25042182 0
f40ef0e5ac56c2ae1febd382b3ff319c 0 42390010 2
f40ef0e5ac56c2ae1febd382b3ff319c 0 274804241 0
f40ef0e5ac56c2ae1febd382b3ff319c 0 279653574 1
f40ef0e5ac56c2ae1febd382b3ff319c 0 174853439 1
f40ef0e5ac56c2ae1febd382b3ff319c 0 276160173 0
6b58c5db2a6d99ec1ee8daf7467ed326 0 107967131 2
6b58c5db2a6d99ec1ee8daf7467ed326 0 160116289 2
6b58c5db2a6d99ec1ee8daf7467ed326 0 36340527 2
6b58c5db2a6d99ec1ee8daf7467ed326 0 24799016 2
6b58c5db2a6d99ec1ee8daf7467ed326 0 300927368 2
6b58c5db2a6d99ec1ee8daf7467ed326 0 308892138 2
6b58c5db2a6d99ec1ee8daf7467ed326 0 142056238 2
6b58c5db2a6d99ec1ee8daf7467ed326 0 58965182 2
6b58c5db2a6d99ec1ee8daf7467ed326 0 2417550 2
6b58c5db2a6d99ec1ee8daf7467ed326 0 44606720 2
6b58c5db2a6d99ec1ee8daf7467ed326 0 2448081 2
6b58c5db2a6d99ec1ee8daf7467ed326 0 58973289 2
6b58c5db2a6d99ec1ee8daf7467ed326 0 4841693 2
6b58c5db2a6d99ec1ee8daf7467ed326 0 86252135 2
6b58c5db2a6d99ec1ee8daf7467ed326 0 58974168 2
6b58c5db2a6d99ec1ee8daf7467ed326 0 33475225 2
6b58c5db2a6d99ec1ee8daf7467ed326 0 8700637 2
6b58c5db2a6d99ec1ee8daf7467ed326 0 42849492 2
6b58c5db2a6d99ec1ee8daf7467ed326 0 18082413 2
6b58c5db2a6d99ec1ee8daf7467ed326 0 16390646 2
6b58c5db2a6d99ec1ee8daf7467ed326 0 58980208 2
6b58c5db2a6d99ec1ee8daf7467ed326 0 15106499 2
6b58c5db2a6d99ec1ee8daf7467ed326 0 137607503 2
6b58c5db2a6d99ec1ee8daf7467ed326 0 51501612 2
6b58c5db2a6d99ec1ee8daf7467ed326 0 689251 2
6b58c5db2a6d99ec1ee8daf7467ed326 0 24810953 2
adb15e7efac1c2c98a9e7c583f4bf050 0 40076189 2
adb15e7efac1c2c98a9e7c583f4bf050 0 2589475 2
adb15e7efac1c2c98a9e7c583f4bf050 0 167056067 1
adb15e7efac1c2c98a9e7c583f4bf050 0 154654799 2
adb15e7efac1c2c98a9e7c583f4bf050 0 159481737 1
adb15e7efac1c2c98a9e7c583f4bf050 0 300327239 2
adb15e7efac1c2c98a9e7c583f4bf050 0 168225231 2
adb15e7efac1c2c98a9e7c583f4bf050 0 18070650 2
adb15e7efac1c2c98a9e7c583f4bf050 0 299195759 2
adb15e7efac1c2c98a9e7c583f4bf050 0 300212776 2
adb15e7efac1c2c98a9e7c583f4bf050 0 18038490 2
adb15e7efac1c2c98a9e7c583f4bf050 0 132677248 2
adb15e7efac1c2c98a9e7c583f4bf050 0 158287956 2
adb15e7efac1c2c98a9e7c583f4bf050 0 39828265 2
adb15e7efac1c2c98a9e7c583f4bf050 0 171540126 2
adb15e7efac1c2c98a9e7c583f4bf050 0 309665979 1
adb15e7efac1c2c98a9e7c583f4bf050 0 168359446 2
adb15e7efac1c2c98a9e7c583f4bf050 0 13964831 2
adb15e7efac1c2c98a9e7c583f4bf050 0 2674272 2
adb15e7efac1c2c98a9e7c583f4bf050 0 159425986 1
adb15e7efac1c2c98a9e7c583f4bf050 0 292068175 2
adb15e7efac1c2c98a9e7c583f4bf050 0 160948003 2
adb15e7efac1c2c98a9e7c583f4bf050 0 287582097 2
adb15e7efac1c2c98a9e7c583f4bf050 0 166221704 2
adb15e7efac1c2c98a9e7c583f4bf050 0 313691286 2
adb15e7efac1c2c98a9e7c583f4bf050 0 122061741 1
adb15e7efac1c2c98a9e7c583f4bf050 0 276106832 1
adb15e7efac1c2c98a9e7c583f4bf050 0 156715842 2
46ce09def23cf7789bb363340f3e57c4 0 276160791 2
46ce09def23cf7789bb363340f3e57c4 0 7964339 1
46ce09def23cf7789bb363340f3e57c4 0 275619084 2
46ce09def23cf7789bb363340f3e57c4 0 4195795 2
46ce09def23cf7789bb363340f3e57c4 0 74723151 1
46ce09def23cf7789bb363340f3e57c4 0 22497753 2
46ce09def23cf7789bb363340f3e57c4 0 746856 1
46ce09def23cf7789bb363340f3e57c4 0 42821919 2
46ce09def23cf7789bb363340f3e57c4 0 80198518 1
46ce09def23cf7789bb363340f3e57c4 0 163069767 2
46ce09def23cf7789bb363340f3e57c4 0 54164516 0
46ce09def23cf7789bb363340f3e57c4 0 16663087 2
46ce09def23cf7789bb363340f3e57c4 0 109772503 2
46ce09def23cf7789bb363340f3e57c4 0 72981732 2
46ce09def23cf7789bb363340f3e57c4 0 22502833 2
46ce09def23cf7789bb363340f3e57c4 0 268790997 0
46ce09def23cf7789bb363340f3e57c4 0 12007702 0
46ce09def23cf7789bb363340f3e57c4 0 4196401 2
46ce09def23cf7789bb363340f3e57c4 0 22498609 2
29c675baa4a0f5696bfc5732f37800ff 0 162620330 2
29c675baa4a0f5696bfc5732f37800ff 0 155647141 2
29c675baa4a0f5696bfc5732f37800ff 0 63581954 2
29c675baa4a0f5696bfc5732f37800ff 0 292044769 2
29c675baa4a0f5696bfc5732f37800ff 0 276312396 2
29c675baa4a0f5696bfc5732f37800ff 0 107388563 2
29c675baa4a0f5696bfc5732f37800ff 0 159416983 2
29c675baa4a0f5696bfc5732f37800ff 0 168219867 2
29c675baa4a0f5696bfc5732f37800ff 0 291952387 2
29c675baa4a0f5696bfc5732f37800ff 0 169640204 2
29c675baa4a0f5696bfc5732f37800ff 0 150664343 2
29c675baa4a0f5696bfc5732f37800ff 0 297970783 2
29c675baa4a0f5696bfc5732f37800ff 0 141533691 2
29c675baa4a0f5696bfc5732f37800ff 0 160947755 2
29c675baa4a0f5696bfc5732f37800ff 0 125802929 2
29c675baa4a0f5696bfc5732f37800ff 0 160651189 2
29c675baa4a0f5696bfc5732f37800ff 0 291414754 2
29c675baa4a0f5696bfc5732f37800ff 0 162568275 1
29c675baa4a0f5696bfc5732f37800ff 0 157883822 2
29c675baa4a0f5696bfc5732f37800ff 0 150548636 2
29c675baa4a0f5696bfc5732f37800ff 0 122689749 2
29c675baa4a0f5696bfc5732f37800ff 0 160946503 2
a2ca22d32330685609941ec26e31163c 0 17386453 0
a2ca22d32330685609941ec26e31163c 0 159577212 0
a2ca22d32330685609941ec26e31163c 0 17028054 0
a2ca22d32330685609941ec26e31163c 0 291433898 0
a2ca22d32330685609941ec26e31163c 0 546400 2
a2ca22d32330685609941ec26e31163c 0 684134 2
a2ca22d32330685609941ec26e31163c 0 6459743 0
a2ca22d32330685609941ec26e31163c 0 30214420 0
a2ca22d32330685609941ec26e31163c 0 291886393 0
a2ca22d32330685609941ec26e31163c 0 135812386 0
a2ca22d32330685609941ec26e31163c 0 17033449 0
a2ca22d32330685609941ec26e31163c 0 121682675 0
a2ca22d32330685609941ec26e31163c 0 943349 2
a2ca22d32330685609941ec26e31163c 0 945290 2
a2ca22d32330685609941ec26e31163c 0 943428 2
a2ca22d32330685609941ec26e31163c 0 268449186 0
a2ca22d32330685609941ec26e31163c 0 6459117 0
a2ca22d32330685609941ec26e31163c 0 612595 0
a2ca22d32330685609941ec26e31163c 0 38904058 0
a2ca22d32330685609941ec26e31163c 0 16412144 0
e6e893da3894729143d234f196c99fa2 0 308800663 2
e6e893da3894729143d234f196c99fa2 0 289835635 2
e6e893da3894729143d234f196c99fa2 0 11944925 2
e6e893da3894729143d234f196c99fa2 0 70338194 2
e6e893da3894729143d234f196c99fa2 0 8867554 2
e6e893da3894729143d234f196c99fa2 0 125765221 2
e6e893da3894729143d234f196c99fa2 0 7649527 2
e6e893da3894729143d234f196c99fa2 0 8334094 2
e6e893da3894729143d234f196c99fa2 0 39479834 2
e6e893da3894729143d234f196c99fa2 0 39435027 2
e6e893da3894729143d234f196c99fa2 0 313513384 2
e6e893da3894729143d234f196c99fa2 0 47064534 2
e6e893da3894729143d234f196c99fa2 0 85796524 2
e6e893da3894729143d234f196c99fa2 0 6241210 2
e6e893da3894729143d234f196c99fa2 0 6241190 2
e6e893da3894729143d234f196c99fa2 0 6277911 2
e6e893da3894729143d234f196c99fa2 0 85800163 2
e6e893da3894729143d234f196c99fa2 0 43316365 2
e6e893da3894729143d234f196c99fa2 0 128971157 2
e6e893da3894729143d234f196c99fa2 0 23052543 2
e6e893da3894729143d234f196c99fa2 0 6241139 2
e6e893da3894729143d234f196c99fa2 0 2353123 2
e6e893da3894729143d234f196c99fa2 0 62543702 2
e6e893da3894729143d234f196c99fa2 0 46895861 2
e6e893da3894729143d234f196c99fa2 0 70313087 2
e6e893da3894729143d234f196c99fa2 0 38447499 2
efd0b10c27ecb230ee4e741d3a53e479 0 296040250 2
efd0b10c27ecb230ee4e741d3a53e479 0 14377478 2
efd0b10c27ecb230ee4e741d3a53e479 0 131505876 2
efd0b10c27ecb230ee4e741d3a53e479 0 81283118 2
efd0b10c27ecb230ee4e741d3a53e479 0 122442155 2
efd0b10c27ecb230ee4e741d3a53e479 0 37138164 2
efd0b10c27ecb230ee4e741d3a53e479 0 8170795 2
efd0b10c27ecb230ee4e741d3a53e479 0 159451470 2
efd0b10c27ecb230ee4e741d3a53e479 0 153969706 2
efd0b10c27ecb230ee4e741d3a53e479 0 172087427 2
efd0b10c27ecb230ee4e741d3a53e479 0 4966982 2
efd0b10c27ecb230ee4e741d3a53e479 0 67771496 2
efd0b10c27ecb230ee4e741d3a53e479 0 274734171 2
efd0b10c27ecb230ee4e741d3a53e479 0 46400786 2
efd0b10c27ecb230ee4e741d3a53e479 0 70308641 2
efd0b10c27ecb230ee4e741d3a53e479 0 6434428 2
efd0b10c27ecb230ee4e741d3a53e479 0 63319159 2
efd0b10c27ecb230ee4e741d3a53e479 0 172087390 2
efd0b10c27ecb230ee4e741d3a53e479 0 62424986 2
efd0b10c27ecb230ee4e741d3a53e479 0 129056297 2
efd0b10c27ecb230ee4e741d3a53e479 0 25219857 2
efd0b10c27ecb230ee4e741d3a53e479 0 7143476 2
e777fb4e6e6a57942bf45de4eb297a56 0 6485441 0
e777fb4e6e6a57942bf45de4eb297a56 0 135417311 0
e777fb4e6e6a57942bf45de4eb297a56 0 32414617 0
e777fb4e6e6a57942bf45de4eb297a56 0 276182812 0
e777fb4e6e6a57942bf45de4eb297a56 0 276788366 0
e777fb4e6e6a57942bf45de4eb297a56 0 273896866 1
e777fb4e6e6a57942bf45de4eb297a56 0 38085341 0
e777fb4e6e6a57942bf45de4eb297a56 0 24874093 0
e777fb4e6e6a57942bf45de4eb297a56 0 15073419 0
e777fb4e6e6a57942bf45de4eb297a56 0 45177958 0
e777fb4e6e6a57942bf45de4eb297a56 0 276790039 1
e777fb4e6e6a57942bf45de4eb297a56 0 294085154 2
e777fb4e6e6a57942bf45de4eb297a56 0 305446789 0
e777fb4e6e6a57942bf45de4eb297a56 0 149996152 0
e777fb4e6e6a57942bf45de4eb297a56 0 312278241 0
e777fb4e6e6a57942bf45de4eb297a56 0 289577756 0
e777fb4e6e6a57942bf45de4eb297a56 0 279663243 0
e777fb4e6e6a57942bf45de4eb297a56 0 292794420 0
e777fb4e6e6a57942bf45de4eb297a56 0 78444073 0
43bccec49254f0f5e094653bcda105ec 0 299599665 2
43bccec49254f0f5e094653bcda105ec 0 172653371 2
43bccec49254f0f5e094653bcda105ec 0 74689063 1
43bccec49254f0f5e094653bcda105ec 0 151993077 2
43bccec49254f0f5e094653bcda105ec 0 158554780 2
43bccec49254f0f5e094653bcda105ec 0 43736857 2
43bccec49254f0f5e094653bcda105ec 0 158552256 2
43bccec49254f0f5e094653bcda105ec 0 37880262 2
43bccec49254f0f5e094653bcda105ec 0 157120525 2
43bccec49254f0f5e094653bcda105ec 0 291442526 2
43bccec49254f0f5e094653bcda105ec 0 284748373 2
43bccec49254f0f5e094653bcda105ec 0 275702460 2
43bccec49254f0f5e094653bcda105ec 0 143483958 2
43bccec49254f0f5e094653bcda105ec 0 144715697 2
43bccec49254f0f5e094653bcda105ec 0 276606386 2
43bccec49254f0f5e094653bcda105ec 0 150664114 1
43bccec49254f0f5e094653bcda105ec 0 157619933 2
43bccec49254f0f5e094653bcda105ec 0 148290121 2
43bccec49254f0f5e094653bcda105ec 0 172073630 2
74569bc356c88f520309e1dc2582fba1 0 345965 2
74569bc356c88f520309e1dc2582fba1 0 234633671 2
74569bc356c88f520309e1dc2582fba1 0 12164484 2
74569bc356c88f520309e1dc2582fba1 0 304990195 2
74569bc356c88f520309e1dc2582fba1 0 13714859 2
74569bc356c88f520309e1dc2582fba1 0 41265344 2
74569bc356c88f520309e1dc2582fba1 0 2694042 2
74569bc356c88f520309e1dc2582fba1 0 19022673 2
74569bc356c88f520309e1dc2582fba1 0 308874137 2
74569bc356c88f520309e1dc2582fba1 0 19214330 0
74569bc356c88f520309e1dc2582fba1 0 17176819 2
74569bc356c88f520309e1dc2582fba1 0 9136814 0
74569bc356c88f520309e1dc2582fba1 0 50067896 2
74569bc356c88f520309e1dc2582fba1 0 2542927 2
74569bc356c88f520309e1dc2582fba1 0 3099817 2
74569bc356c88f520309e1dc2582fba1 0 2657804 2
74569bc356c88f520309e1dc2582fba1 0 8374445 2
74569bc356c88f520309e1dc2582fba1 0 41651872 2
74569bc356c88f520309e1dc2582fba1 0 245093 2
74569bc356c88f520309e1dc2582fba1 0 17824037 2
74569bc356c88f520309e1dc2582fba1 0 57155445 2
74569bc356c88f520309e1dc2582fba1 0 2991060 2
74569bc356c88f520309e1dc2582fba1 0 5014691 2
74569bc356c88f520309e1dc2582fba1 0 2657060 2
74569bc356c88f520309e1dc2582fba1 0 2501635 1
74569bc356c88f520309e1dc2582fba1 0 9226507 2
1a67fb46391aa322060d761dc65971a9 0 33001120 0
1a67fb46391aa322060d761dc65971a9 0 25003870 1
1a67fb46391aa322060d761dc65971a9 0 296838512 0
1a67fb46391aa322060d761dc65971a9 0 40557060 1
1a67fb46391aa322060d761dc65971a9 0 48213742 2
1a67fb46391aa322060d761dc65971a9 0 18772632 2
1a67fb46391aa322060d761dc65971a9 0 46725817 2
1a67fb46391aa322060d761dc65971a9 0 71462574 1
1a67fb46391aa322060d761dc65971a9 0 170947438 0
1a67fb46391aa322060d761dc65971a9 0 274972457 1
1a67fb46391aa322060d761dc65971a9 0 31002850 2
1a67fb46391aa322060d761dc65971a9 0 276259304 2
1a67fb46391aa322060d761dc65971a9 0 151013716 1
1a67fb46391aa322060d761dc65971a9 0 289556466 2
1a67fb46391aa322060d761dc65971a9 0 41654926 2
1a67fb46391aa322060d761dc65971a9 0 301379394 0
1a67fb46391aa322060d761dc65971a9 0 173785496 0
1a67fb46391aa322060d761dc65971a9 0 34007532 2
2fc587e0febb815f217d16fe5a82f6c0 0 4763069 2
2fc587e0febb815f217d16fe5a82f6c0 0 8220909 2
2fc587e0febb815f217d16fe5a82f6c0 0 30666742 0
2fc587e0febb815f217d16fe5a82f6c0 0 63015878 2
2fc587e0febb815f217d16fe5a82f6c0 0 2632339 2
2fc587e0febb815f217d16fe5a82f6c0 0 162188207 2
2fc587e0febb815f217d16fe5a82f6c0 0 46677093 2
2fc587e0febb815f217d16fe5a82f6c0 0 20608222 2
2fc587e0febb815f217d16fe5a82f6c0 0 8725411 2
2fc587e0febb815f217d16fe5a82f6c0 0 250147879 1
2fc587e0febb815f217d16fe5a82f6c0 0 33575919 2
2fc587e0febb815f217d16fe5a82f6c0 0 36997162 2
2fc587e0febb815f217d16fe5a82f6c0 0 46676889 2
2fc587e0febb815f217d16fe5a82f6c0 0 42923589 2
2fc587e0febb815f217d16fe5a82f6c0 0 28332506 2
2fc587e0febb815f217d16fe5a82f6c0 0 63016992 2
2fc587e0febb815f217d16fe5a82f6c0 0 276217730 2
2fc587e0febb815f217d16fe5a82f6c0 0 295984936 0
2fc587e0febb815f217d16fe5a82f6c0 0 8340810 0
a3bbf2d373d4f07d297a5378c6630fcb 0 126172481 0
a3bbf2d373d4f07d297a5378c6630fcb 0 96747381 0
a3bbf2d373d4f07d297a5378c6630fcb 0 300904365 0
a3bbf2d373d4f07d297a5378c6630fcb 0 96035997 0
a3bbf2d373d4f07d297a5378c6630fcb 0 14387228 0
a3bbf2d373d4f07d297a5378c6630fcb 0 6612218 0
a3bbf2d373d4f07d297a5378c6630fcb 0 9443913 0
a3bbf2d373d4f07d297a5378c6630fcb 0 279648448 0
a3bbf2d373d4f07d297a5378c6630fcb 0 26620822 0
a3bbf2d373d4f07d297a5378c6630fcb 0 6608545 0
a3bbf2d373d4f07d297a5378c6630fcb 0 127931798 0
a3bbf2d373d4f07d297a5378c6630fcb 0 97847926 0
a3bbf2d373d4f07d297a5378c6630fcb 0 18702706 0
a3bbf2d373d4f07d297a5378c6630fcb 0 2541436 0
a3bbf2d373d4f07d297a5378c6630fcb 0 8386758 0
a3bbf2d373d4f07d297a5378c6630fcb 0 152448793 0
a3bbf2d373d4f07d297a5378c6630fcb 0 164351894 0
a3bbf2d373d4f07d297a5378c6630fcb 0 309709334 0
a3bbf2d373d4f07d297a5378c6630fcb 0 291609112 0
a3bbf2d373d4f07d297a5378c6630fcb 0 291887615 0
a3bbf2d373d4f07d297a5378c6630fcb 0 71474110 0
a3bbf2d373d4f07d297a5378c6630fcb 0 309264328 0
a3bbf2d373d4f07d297a5378c6630fcb 0 171893616 0
a3bbf2d373d4f07d297a5378c6630fcb 0 3104492 0
a3bbf2d373d4f07d297a5378c6630fcb 0 17555323 0
131c00aafe71bd5de7aa945c760b925a 0 85800556 2
131c00aafe71bd5de7aa945c760b925a 0 90801138 2
131c00aafe71bd5de7aa945c760b925a 0 155465907 2
131c00aafe71bd5de7aa945c760b925a 0 7960432 2
131c00aafe71bd5de7aa945c760b925a 0 8786689 2
131c00aafe71bd5de7aa945c760b925a 0 167023883 2
131c00aafe71bd5de7aa945c760b925a 0 158115985 2
131c00aafe71bd5de7aa945c760b925a 0 67185419 2
131c00aafe71bd5de7aa945c760b925a 0 7958705 2
131c00aafe71bd5de7aa945c760b925a 0 84222909 2
131c00aafe71bd5de7aa945c760b925a 0 168172772 2
131c00aafe71bd5de7aa945c760b925a 0 142632211 2
131c00aafe71bd5de7aa945c760b925a 0 8293987 2
131c00aafe71bd5de7aa945c760b925a 0 146439165 2
131c00aafe71bd5de7aa945c760b925a 0 70780592 2
131c00aafe71bd5de7aa945c760b925a 0 7960751 2
131c00aafe71bd5de7aa945c760b925a 0 61523938 2
131c00aafe71bd5de7aa945c760b925a 0 98846343 2
131c00aafe71bd5de7aa945c760b925a 0 123411030 2
131c00aafe71bd5de7aa945c760b925a 0 143806336 2
131c00aafe71bd5de7aa945c760b925a 0 7958707 2
131c00aafe71bd5de7aa945c760b925a 0 112740528 2
131c00aafe71bd5de7aa945c760b925a 0 267258 2
131c00aafe71bd5de7aa945c760b925a 0 70403377 2
131c00aafe71bd5de7aa945c760b925a 0 236379193 2
131c00aafe71bd5de7aa945c760b925a 0 313261758 2
131c00aafe71bd5de7aa945c760b925a 0 7028061 1
131c00aafe71bd5de7aa945c760b925a 0 9551032 2
9ae8eb0cd4e9e0ccbbb6dc5e829fc1f3 0 28943013 2
9ae8eb0cd4e9e0ccbbb6dc5e829fc1f3 0 304552053 1
9ae8eb0cd4e9e0ccbbb6dc5e829fc1f3 0 4866298 2
9ae8eb0cd4e9e0ccbbb6dc5e829fc1f3 0 301863473 2
9ae8eb0cd4e9e0ccbbb6dc5e829fc1f3 0 139765951 2
9ae8eb0cd4e9e0ccbbb6dc5e829fc1f3 0 301709157 2
9ae8eb0cd4e9e0ccbbb6dc5e829fc1f3 0 283175335 1
9ae8eb0cd4e9e0ccbbb6dc5e829fc1f3 0 42897855 0
9ae8eb0cd4e9e0ccbbb6dc5e829fc1f3 0 304036358 0
9ae8eb0cd4e9e0ccbbb6dc5e829fc1f3 0 161922855 2
9ae8eb0cd4e9e0ccbbb6dc5e829fc1f3 0 6251817 0
9ae8eb0cd4e9e0ccbbb6dc5e829fc1f3 0 10916979 2
9ae8eb0cd4e9e0ccbbb6dc5e829fc1f3 0 3099778 0
9ae8eb0cd4e9e0ccbbb6dc5e829fc1f3 0 26698831 2
9ae8eb0cd4e9e0ccbbb6dc5e829fc1f3 0 347946 2
9ae8eb0cd4e9e0ccbbb6dc5e829fc1f3 0 301488404 0
9ae8eb0cd4e9e0ccbbb6dc5e829fc1f3 0 151843576 0
9ae8eb0cd4e9e0ccbbb6dc5e829fc1f3 0 290564907 2
9ae8eb0cd4e9e0ccbbb6dc5e829fc1f3 0 141318959 0
9ae8eb0cd4e9e0ccbbb6dc5e829fc1f3 0 14306276 2
9ae8eb0cd4e9e0ccbbb6dc5e829fc1f3 0 276612031 2
9ae8eb0cd4e9e0ccbbb6dc5e829fc1f3 0 150002602 1
4c256973018aa8c74d480b9d83b7996f 0 227029100 2
4c256973018aa8c74d480b9d83b7996f 0 301488350 2
4c256973018aa8c74d480b9d83b7996f 0 311068061 2
4c256973018aa8c74d480b9d83b7996f 0 4468998 2
4c256973018aa8c74d480b9d83b7996f 0 303315886 2
4c256973018aa8c74d480b9d83b7996f 0 292927422 2
4c256973018aa8c74d480b9d83b7996f 0 275647901 2
4c256973018aa8c74d480b9d83b7996f 0 41660183 2
4c256973018aa8c74d480b9d83b7996f 0 24692489 2
4c256973018aa8c74d480b9d83b7996f 0 291381376 2
4c256973018aa8c74d480b9d83b7996f 0 14147138 2
4c256973018aa8c74d480b9d83b7996f 0 135973593 2
4c256973018aa8c74d480b9d83b7996f 0 5096316 2
4c256973018aa8c74d480b9d83b7996f 0 24865775 2
4c256973018aa8c74d480b9d83b7996f 0 302693878 2
4c256973018aa8c74d480b9d83b7996f 0 4475205 2
4c256973018aa8c74d480b9d83b7996f 0 24926390 2
4c256973018aa8c74d480b9d83b7996f 0 300886644 2
4c256973018aa8c74d480b9d83b7996f 0 7119206 2
4c256973018aa8c74d480b9d83b7996f 0 136404981 2
4c256973018aa8c74d480b9d83b7996f 0 17421927 2
4c256973018aa8c74d480b9d83b7996f 0 616803 2
4c256973018aa8c74d480b9d83b7996f 0 4466051 2
4c256973018aa8c74d480b9d83b7996f 0 1065274 2
4c256973018aa8c74d480b9d83b7996f 0 296872985 2
4c256973018aa8c74d480b9d83b7996f 0 302744485 2
4c256973018aa8c74d480b9d83b7996f 0 25671333 2
4c256973018aa8c74d480b9d83b7996f 0 296872990 2
8cc85d9d1d5424fb44a6e3c22ecc8a12 0 1173019 1
8cc85d9d1d5424fb44a6e3c22ecc8a12 0 15025550 2
8cc85d9d1d5424fb44a6e3c22ecc8a12 0 18389064 2
8cc85d9d1d5424fb44a6e3c22ecc8a12 0 8363148 2
8cc85d9d1d5424fb44a6e3c22ecc8a12 0 310981023 2
8cc85d9d1d5424fb44a6e3c22ecc8a12 0 18388598 1
8cc85d9d1d5424fb44a6e3c22ecc8a12 0 304488848 2
8cc85d9d1d5424fb44a6e3c22ecc8a12 0 153796335 0
8cc85d9d1d5424fb44a6e3c22ecc8a12 0 16169235 2
8cc85d9d1d5424fb44a6e3c22ecc8a12 0 6749723 2
8cc85d9d1d5424fb44a6e3c22ecc8a12 0 17902144 1
8cc85d9d1d5424fb44a6e3c22ecc8a12 0 275346364 1
8cc85d9d1d5424fb44a6e3c22ecc8a12 0 310984208 2
8cc85d9d1d5424fb44a6e3c22ecc8a12 0 291504875 2
8cc85d9d1d5424fb44a6e3c22ecc8a12 0 34152757 1
8cc85d9d1d5424fb44a6e3c22ecc8a12 0 158506557 1
8cc85d9d1d5424fb44a6e3c22ecc8a12 0 4415948 1
8cc85d9d1d5424fb44a6e3c22ecc8a12 0 4411205 2
8cc85d9d1d5424fb44a6e3c22ecc8a12 0 18388170 2
8cc85d9d1d5424fb44a6e3c22ecc8a12 0 158312327 2
8cc85d9d1d5424fb44a6e3c22ecc8a12 0 4414716 2
8cc85d9d1d5424fb44a6e3c22ecc8a12 0 2726728 2
8cc85d9d1d5424fb44a6e3c22ecc8a12 0 18388862 0
8cc85d9d1d5424fb44a6e3c22ecc8a12 0 310944522 2
9b2923bddc4938bcb6f1cd27169ed2e1 0 166194852 0
9b2923bddc4938bcb6f1cd27169ed2e1 0 24744925 1
9b2923bddc4938bcb6f1cd27169ed2e1 0 50844159 2
9b2923bddc4938bcb6f1cd27169ed2e1 0 293023320 0
9b2923bddc4938bcb6f1cd27169ed2e1 0 284845955 0
9b2923bddc4938bcb6f1cd27169ed2e1 0 43886574 0
9b2923bddc4938bcb6f1cd27169ed2e1 0 161606803 2
9b2923bddc4938bcb6f1cd27169ed2e1 0 294405374 0
9b2923bddc4938bcb6f1cd27169ed2e1 0 54155650 1
9b2923bddc4938bcb6f1cd27169ed2e1 0 305186963 1
9b2923bddc4938bcb6f1cd27169ed2e1 0 151596085 1
9b2923bddc4938bcb6f1cd27169ed2e1 0 43099267 0
9b2923bddc4938bcb6f1cd27169ed2e1 0 301316595 0
9b2923bddc4938bcb6f1cd27169ed2e1 0 6497837 0
9b2923bddc4938bcb6f1cd27169ed2e1 0 160618339 0
9b2923bddc4938bcb6f1cd27169ed2e1 0 289531325 1
9b2923bddc4938bcb6f1cd27169ed2e1 0 164017151 0
9b2923bddc4938bcb6f1cd27169ed2e1 0 289921275 0
9b2923bddc4938bcb6f1cd27169ed2e1 0 303215618 0
9b2923bddc4938bcb6f1cd27169ed2e1 0 85660865 0
9b2923bddc4938bcb6f1cd27169ed2e1 0 62529765 0
9b2923bddc4938bcb6f1cd27169ed2e1 0 284055929 0
9b2923bddc4938bcb6f1cd27169ed2e1 0 58979758 0
9b2923bddc4938bcb6f1cd27169ed2e1 0 287245307 1
9b2923bddc4938bcb6f1cd27169ed2e1 0 109529590 0
9b2923bddc4938bcb6f1cd27169ed2e1 0 173704112 0
9b2923bddc4938bcb6f1cd27169ed2e1 0 157689468 0
9b2923bddc4938bcb6f1cd27169ed2e1 0 166709708 0
9b2923bddc4938bcb6f1cd27169ed2e1 0 300348608 0
b9ad3ed3cdd94a9248b41027054aa84f 0 127395703 0
b9ad3ed3cdd94a9248b41027054aa84f 0 156952782 2
b9ad3ed3cdd94a9248b41027054aa84f 0 145622318 2
b9ad3ed3cdd94a9248b41027054aa84f 0 157672471 2
b9ad3ed3cdd94a9248b41027054aa84f 0 76342819 0
b9ad3ed3cdd94a9248b41027054aa84f 0 40048680 2
b9ad3ed3cdd94a9248b41027054aa84f 0 76340978 0
b9ad3ed3cdd94a9248b41027054aa84f 0 51414746 1
b9ad3ed3cdd94a9248b41027054aa84f 0 151267029 2
b9ad3ed3cdd94a9248b41027054aa84f 0 169707310 2
b9ad3ed3cdd94a9248b41027054aa84f 0 122692091 1
b9ad3ed3cdd94a9248b41027054aa84f 0 127667448 1
b9ad3ed3cdd94a9248b41027054aa84f 0 76342703 0
b9ad3ed3cdd94a9248b41027054aa84f 0 124659568 2
b9ad3ed3cdd94a9248b41027054aa84f 0 166425399 0
b9ad3ed3cdd94a9248b41027054aa84f 0 76341609 0
b9ad3ed3cdd94a9248b41027054aa84f 0 151595598 2
b9ad3ed3cdd94a9248b41027054aa84f 0 76340440 0
b9ad3ed3cdd94a9248b41027054aa84f 0 151600466 2
b9ad3ed3cdd94a9248b41027054aa84f 0 66033019 0
54b55924e8e0a4bcf9e14d55fe76b3f6 0 4210203 0
54b55924e8e0a4bcf9e14d55fe76b3f6 0 6334403 0
54b55924e8e0a4bcf9e14d55fe76b3f6 0 291592978 0
54b55924e8e0a4bcf9e14d55fe76b3f6 0 311161949 0
54b55924e8e0a4bcf9e14d55fe76b3f6 0 73852972 2
54b55924e8e0a4bcf9e14d55fe76b3f6 0 63040367 2
54b55924e8e0a4bcf9e14d55fe76b3f6 0 63363016 0
54b55924e8e0a4bcf9e14d55fe76b3f6 0 125797801 2
54b55924e8e0a4bcf9e14d55fe76b3f6 0 308881825 1
54b55924e8e0a4bcf9e14d55fe76b3f6 0 7948801 0
54b55924e8e0a4bcf9e14d55fe76b3f6 0 290397751 0
54b55924e8e0a4bcf9e14d55fe76b3f6 0 69665163 0
54b55924e8e0a4bcf9e14d55fe76b3f6 0 63381855 1
54b55924e8e0a4bcf9e14d55fe76b3f6 0 11308440 1
54b55924e8e0a4bcf9e14d55fe76b3f6 0 173702069 0
54b55924e8e0a4bcf9e14d55fe76b3f6 0 33884915 1
54b55924e8e0a4bcf9e14d55fe76b3f6 0 26613740 2
54b55924e8e0a4bcf9e14d55fe76b3f6 0 168896740 1
54b55924e8e0a4bcf9e14d55fe76b3f6 0 7138746 0
54b55924e8e0a4bcf9e14d55fe76b3f6 0 166827351 0
54b55924e8e0a4bcf9e14d55fe76b3f6 0 228134104 0
54b55924e8e0a4bcf9e14d55fe76b3f6 0 290908750 0
490b8a43c69fd04226e5651f809a3a80 0 45267577 2
490b8a43c69fd04226e5651f809a3a80 0 31329625 2
490b8a43c69fd04226e5651f809a3a80 0 314913797 2
490b8a43c69fd04226e5651f809a3a80 0 22497757 2
490b8a43c69fd04226e5651f809a3a80 0 8676766 2
490b8a43c69fd04226e5651f809a3a80 0 25737346 2
490b8a43c69fd04226e5651f809a3a80 0 22498147 2
490b8a43c69fd04226e5651f809a3a80 0 22497359 2
490b8a43c69fd04226e5651f809a3a80 0 69343320 1
490b8a43c69fd04226e5651f809a3a80 0 26558064 2
490b8a43c69fd04226e5651f809a3a80 0 274814200 2
490b8a43c69fd04226e5651f809a3a80 0 136406628 2
490b8a43c69fd04226e5651f809a3a80 0 2960933 1
490b8a43c69fd04226e5651f809a3a80 0 44985207 2
490b8a43c69fd04226e5651f809a3a80 0 28975382 2
490b8a43c69fd04226e5651f809a3a80 0 292926750 2
490b8a43c69fd04226e5651f809a3a80 0 293472273 2
490b8a43c69fd04226e5651f809a3a80 0 107379949 2
490b8a43c69fd04226e5651f809a3a80 0 84132181 2
490b8a43c69fd04226e5651f809a3a80 0 5179654 2
490b8a43c69fd04226e5651f809a3a80 0 122442553 2
fabb1390e6818519b43c2dc961a8402d 0 137033731 2
fabb1390e6818519b43c2dc961a8402d 0 23063762 2
fabb1390e6818519b43c2dc961a8402d 0 228182535 2
fabb1390e6818519b43c2dc961a8402d 0 2516619 2
fabb1390e6818519b43c2dc961a8402d 0 8791781 1
fabb1390e6818519b43c2dc961a8402d 0 2861220 2
fabb1390e6818519b43c2dc961a8402d 0 172766903 2
fabb1390e6818519b43c2dc961a8402d 0 301788585 2
fabb1390e6818519b43c2dc961a8402d 0 293060862 2
fabb1390e6818519b43c2dc961a8402d 0 308873614 2
fabb1390e6818519b43c2dc961a8402d 0 169913470 2
fabb1390e6818519b43c2dc961a8402d 0 293023914 2
fabb1390e6818519b43c2dc961a8402d 0 27751071 1
fabb1390e6818519b43c2dc961a8402d 0 31036920 2
fabb1390e6818519b43c2dc961a8402d 0 83622951 2
fabb1390e6818519b43c2dc961a8402d 0 287582245 2
fabb1390e6818519b43c2dc961a8402d 0 5003299 2
fabb1390e6818519b43c2dc961a8402d 0 301421772 2
fabb1390e6818519b43c2dc961a8402d 0 47825368 2
fabb1390e6818519b43c2dc961a8402d 0 12116724 1
fabb1390e6818519b43c2dc961a8402d 0 8257457 2
fabb1390e6818519b43c2dc961a8402d 0 2565042 2
fabb1390e6818519b43c2dc961a8402d 0 81753459 2
fabb1390e6818519b43c2dc961a8402d 0 172671220 2
fabb1390e6818519b43c2dc961a8402d 0 2514233 2
fabb1390e6818519b43c2dc961a8402d 0 297885298 2
d6e9712bf4d78dc25582d46273456358 0 8857975 2
d6e9712bf4d78dc25582d46273456358 0 125008554 2
d6e9712bf4d78dc25582d46273456358 0 166705673 2
d6e9712bf4d78dc25582d46273456358 0 17727072 2
d6e9712bf4d78dc25582d46273456358 0 8864974 2
d6e9712bf4d78dc25582d46273456358 0 292152132 2
d6e9712bf4d78dc25582d46273456358 0 150712054 2
d6e9712bf4d78dc25582d46273456358 0 85392705 2
d6e9712bf4d78dc25582d46273456358 0 8860042 2
d6e9712bf4d78dc25582d46273456358 0 290315013 2
d6e9712bf4d78dc25582d46273456358 0 122610844 2
d6e9712bf4d78dc25582d46273456358 0 42862357 2
d6e9712bf4d78dc25582d46273456358 0 17809430 2
d6e9712bf4d78dc25582d46273456358 0 8869914 2
d6e9712bf4d78dc25582d46273456358 0 289493102 2
d6e9712bf4d78dc25582d46273456358 0 133624052 2
d6e9712bf4d78dc25582d46273456358 0 157674718 2
d6e9712bf4d78dc25582d46273456358 0 7933065 2
d6e9712bf4d78dc25582d46273456358 0 58961356 2
d6e9712bf4d78dc25582d46273456358 0 63047042 2
d6e9712bf4d78dc25582d46273456358 0 305557188 2
d6e9712bf4d78dc25582d46273456358 0 42851831 2
d6e9712bf4d78dc25582d46273456358 0 8384111 2
42284396e658b176132e066cfbe7e3f4 0 169312568 2
42284396e658b176132e066cfbe7e3f4 0 291378169 2
42284396e658b176132e066cfbe7e3f4 0 148239271 1
42284396e658b176132e066cfbe7e3f4 0 303471757 2
42284396e658b176132e066cfbe7e3f4 0 15108640 0
42284396e658b176132e066cfbe7e3f4 0 2473020 2
42284396e658b176132e066cfbe7e3f4 0 292925905 1
42284396e658b176132e066cfbe7e3f4 0 155650960 1
42284396e658b176132e066cfbe7e3f4 0 40102189 2
42284396e658b176132e066cfbe7e3f4 0 143685752 1
42284396e658b176132e066cfbe7e3f4 0 291416471 2
42284396e658b176132e066cfbe7e3f4 0 122211293 2
42284396e658b176132e066cfbe7e3f4 0 303472951 1
42284396e658b176132e066cfbe7e3f4 0 294948376 2
42284396e658b176132e066cfbe7e3f4 0 19214361 0
42284396e658b176132e066cfbe7e3f4 0 294918981 2
42284396e658b176132e066cfbe7e3f4 0 34112754 2
42284396e658b176132e066cfbe7e3f4 0 36984808 2
42284396e658b176132e066cfbe7e3f4 0 77441924 1
42284396e658b176132e066cfbe7e3f4 0 301687842 1
42284396e658b176132e066cfbe7e3f4 0 40102969 1
42284396e658b176132e066cfbe7e3f4 0 291425866 2
42284396e658b176132e066cfbe7e3f4 0 274909215 2
42284396e658b176132e066cfbe7e3f4 0 8868027 2
42284396e658b176132e066cfbe7e3f4 0 559790 0
bcad44163fe01bcfd8546add976af54a 0 282319700 2
bcad44163fe01bcfd8546add976af54a 0 83877076 2
bcad44163fe01bcfd8546add976af54a 0 165074893 2
bcad44163fe01bcfd8546add976af54a 0 24903732 2
bcad44163fe01bcfd8546add976af54a 0 15109438 2
bcad44163fe01bcfd8546add976af54a 0 4407395 2
bcad44163fe01bcfd8546add976af54a 0 4474764 2
bcad44163fe01bcfd8546add976af54a 0 8295722 2
bcad44163fe01bcfd8546add976af54a 0 291385312 2
bcad44163fe01bcfd8546add976af54a 0 24922365 2
bcad44163fe01bcfd8546add976af54a 0 275644896 2
bcad44163fe01bcfd8546add976af54a 0 274850765 2
bcad44163fe01bcfd8546add976af54a 0 293912035 2
bcad44163fe01bcfd8546add976af54a 0 292271441 2
bcad44163fe01bcfd8546add976af54a 0 297130071 2
bcad44163fe01bcfd8546add976af54a 0 4474281 2
bcad44163fe01bcfd8546add976af54a 0 149397182 2
bcad44163fe01bcfd8546add976af54a 0 158064388 1
bcad44163fe01bcfd8546add976af54a 0 11024815 2
bcad44163fe01bcfd8546add976af54a 0 292253647 2
bcad44163fe01bcfd8546add976af54a 0 168225416 2
bcad44163fe01bcfd8546add976af54a 0 294919521 2
bcad44163fe01bcfd8546add976af54a 0 294922384 2
bcad44163fe01bcfd8546add976af54a 0 48123177 2
ef5f18ea2659e8dc4f0281f584766c97 0 11613493 1
ef5f18ea2659e8dc4f0281f584766c97 0 6789545 2
ef5f18ea2659e8dc4f0281f584766c97 0 8343556 2
ef5f18ea2659e8dc4f0281f584766c97 0 36995995 2
ef5f18ea2659e8dc4f0281f584766c97 0 82494724 2
ef5f18ea2659e8dc4f0281f584766c97 0 86685485 2
ef5f18ea2659e8dc4f0281f584766c97 0 8227776 2
ef5f18ea2659e8dc4f0281f584766c97 0 69384582 2
ef5f18ea2659e8dc4f0281f584766c97 0 69386637 2
ef5f18ea2659e8dc4f0281f584766c97 0 48204082 2
ef5f18ea2659e8dc4f0281f584766c97 0 131113338 2
ef5f18ea2659e8dc4f0281f584766c97 0 162373273 2
ef5f18ea2659e8dc4f0281f584766c97 0 163323067 2
ef5f18ea2659e8dc4f0281f584766c97 0 18531173 2
ef5f18ea2659e8dc4f0281f584766c97 0 18387610 2
ef5f18ea2659e8dc4f0281f584766c97 0 7688680 2
ef5f18ea2659e8dc4f0281f584766c97 0 37506777 2
ef5f18ea2659e8dc4f0281f584766c97 0 31611350 2
ef5f18ea2659e8dc4f0281f584766c97 0 39670727 2
ef5f18ea2659e8dc4f0281f584766c97 0 43341949 2
ef5f18ea2659e8dc4f0281f584766c97 0 10145588 1
ef5f18ea2659e8dc4f0281f584766c97 0 126676447 0
ef5f18ea2659e8dc4f0281f584766c97 0 125257207 2
ef5f18ea2659e8dc4f0281f584766c97 0 62048913 2
214e0e6a764e36edddccb487e9412d52 0 2380924 2
214e0e6a764e36edddccb487e9412d52 0 2380184 2
214e0e6a764e36edddccb487e9412d52 0 43523919 2
214e0e6a764e36edddccb487e9412d52 0 67826971 2
214e0e6a764e36edddccb487e9412d52 0 293351196 2
214e0e6a764e36edddccb487e9412d52 0 48204847 1
214e0e6a764e36edddccb487e9412d52 0 31450566 2
214e0e6a764e36edddccb487e9412d52 0 292678615 2
214e0e6a764e36edddccb487e9412d52 0 292484728 2
214e0e6a764e36edddccb487e9412d52 0 292659309 1
214e0e6a764e36edddccb487e9412d52 0 62583621 2
214e0e6a764e36edddccb487e9412d52 0 313024077 2
214e0e6a764e36edddccb487e9412d52 0 539860 2
214e0e6a764e36edddccb487e9412d52 0 289494573 2
214e0e6a764e36edddccb487e9412d52 0 126089338 2
214e0e6a764e36edddccb487e9412d52 0 2892403 2
214e0e6a764e36edddccb487e9412d52 0 62544759 2
214e0e6a764e36edddccb487e9412d52 0 38432097 2
214e0e6a764e36edddccb487e9412d52 0 141988003 2
214e0e6a764e36edddccb487e9412d52 0 136038492 2
214e0e6a764e36edddccb487e9412d52 0 2465011 2
214e0e6a764e36edddccb487e9412d52 0 37482712 2
214e0e6a764e36edddccb487e9412d52 0 138381221 2
214e0e6a764e36edddccb487e9412d52 0 12542807 1
214e0e6a764e36edddccb487e9412d52 0 6375988 2
d7fac8d8260d9e31b90c37041ead5d67 0 279726699 2
d7fac8d8260d9e31b90c37041ead5d67 0 12539751 0
d7fac8d8260d9e31b90c37041ead5d67 0 24883528 0
d7fac8d8260d9e31b90c37041ead5d67 0 2381538 0
d7fac8d8260d9e31b90c37041ead5d67 0 24803086 0
d7fac8d8260d9e31b90c37041ead5d67 0 292166320 2
d7fac8d8260d9e31b90c37041ead5d67 0 24871855 0
d7fac8d8260d9e31b90c37041ead5d67 0 12779736 0
d7fac8d8260d9e31b90c37041ead5d67 0 15251682 0
d7fac8d8260d9e31b90c37041ead5d67 0 86012864 2
d7fac8d8260d9e31b90c37041ead5d67 0 174829008 0
d7fac8d8260d9e31b90c37041ead5d67 0 24866462 0
d7fac8d8260d9e31b90c37041ead5d67 0 24820433 0
d7fac8d8260d9e31b90c37041ead5d67 0 50677894 2
d7fac8d8260d9e31b90c37041ead5d67 0 24858002 0
d7fac8d8260d9e31b90c37041ead5d67 0 24870755 1
d7fac8d8260d9e31b90c37041ead5d67 0 162216863 0
d7fac8d8260d9e31b90c37041ead5d67 0 77744283 0
d7fac8d8260d9e31b90c37041ead5d67 0 24774160 2
d7fac8d8260d9e31b90c37041ead5d67 0 24859011 0
d7fac8d8260d9e31b90c37041ead5d67 0 24894071 0
d7fac8d8260d9e31b90c37041ead5d67 0 78479327 2
d7fac8d8260d9e31b90c37041ead5d67 0 154917872 0
180b7026c3f14190c7aadabec96e1268 0 162620330 1
180b7026c3f14190c7aadabec96e1268 0 160910444 2
180b7026c3f14190c7aadabec96e1268 0 127820410 2
180b7026c3f14190c7aadabec96e1268 0 173700934 2
180b7026c3f14190c7aadabec96e1268 0 301578146 2
180b7026c3f14190c7aadabec96e1268 0 157785805 1
180b7026c3f14190c7aadabec96e1268 0 160947809 2
180b7026c3f14190c7aadabec96e1268 0 168924576 2
180b7026c3f14190c7aadabec96e1268 0 295434838 2
180b7026c3f14190c7aadabec96e1268 0 298905479 2
180b7026c3f14190c7aadabec96e1268 0 79248379 2
180b7026c3f14190c7aadabec96e1268 0 162618526 0
180b7026c3f14190c7aadabec96e1268 0 161592160 2
180b7026c3f14190c7aadabec96e1268 0 167385909 2
180b7026c3f14190c7aadabec96e1268 0 160666538 1
180b7026c3f14190c7aadabec96e1268 0 292110320 2
180b7026c3f14190c7aadabec96e1268 0 158101559 2
180b7026c3f14190c7aadabec96e1268 0 152302531 1
180b7026c3f14190c7aadabec96e1268 0 126854845 0
180b7026c3f14190c7aadabec96e1268 0 170314757 1
180b7026c3f14190c7aadabec96e1268 0 167402872 2
180b7026c3f14190c7aadabec96e1268 0 127134159 2
180b7026c3f14190c7aadabec96e1268 0 160625970 2
180b7026c3f14190c7aadabec96e1268 0 138190672 2
4adbf08885051021d6cce7a803506cb3 0 313380064 0
4adbf08885051021d6cce7a803506cb3 0 151598266 0
4adbf08885051021d6cce7a803506cb3 0 303921573 1
4adbf08885051021d6cce7a803506cb3 0 11607446 1
4adbf08885051021d6cce7a803506cb3 0 2502717 0
4adbf08885051021d6cce7a803506cb3 0 17541979 0
4adbf08885051021d6cce7a803506cb3 0 9016827 0
4adbf08885051021d6cce7a803506cb3 0 336411 1
4adbf08885051021d6cce7a803506cb3 0 276260604 0
4adbf08885051021d6cce7a803506cb3 0 292049439 0
4adbf08885051021d6cce7a803506cb3 0 7142688 0
4adbf08885051021d6cce7a803506cb3 0 85463164 1
4adbf08885051021d6cce7a803506cb3 0 268632019 0
4adbf08885051021d6cce7a803506cb3 0 290882368 1
4adbf08885051021d6cce7a803506cb3 0 286879460 1
4adbf08885051021d6cce7a803506cb3 0 77509121 0
4adbf08885051021d6cce7a803506cb3 0 160412785 0
4adbf08885051021d6cce7a803506cb3 0 85005460 1
4adbf08885051021d6cce7a803506cb3 0 305519146 0
4adbf08885051021d6cce7a803506cb3 0 275655897 1
4adbf08885051021d6cce7a803506cb3 0 37248597 0
4adbf08885051021d6cce7a803506cb3 0 308888261 1
4adbf08885051021d6cce7a803506cb3 0 308882348 1
4adbf08885051021d6cce7a803506cb3 0 308878114 1
a17857d1a641623051cc8b231abd516b 0 144214697 2
a17857d1a641623051cc8b231abd516b 0 169083368 2
a17857d1a641623051cc8b231abd516b 0 126329432 2
a17857d1a641623051cc8b231abd516b 0 129964266 2
a17857d1a641623051cc8b231abd516b 0 54189176 2
a17857d1a641623051cc8b231abd516b 0 31604525 0
a17857d1a641623051cc8b231abd516b 0 152501835 2
a17857d1a641623051cc8b231abd516b 0 129967111 2
a17857d1a641623051cc8b231abd516b 0 145590574 2
a17857d1a641623051cc8b231abd516b 0 59992399 2
a17857d1a641623051cc8b231abd516b 0 51504079 2
a17857d1a641623051cc8b231abd516b 0 160633836 1
a17857d1a641623051cc8b231abd516b 0 170968376 2
a17857d1a641623051cc8b231abd516b 0 169318861 2
a17857d1a641623051cc8b231abd516b 0 148239420 0
a17857d1a641623051cc8b231abd516b 0 151014193 1
a17857d1a641623051cc8b231abd516b 0 167784616 2
a17857d1a641623051cc8b231abd516b 0 107760090 2
a17857d1a641623051cc8b231abd516b 0 148790532 2
a17857d1a641623051cc8b231abd516b 0 153642500 2
a17857d1a641623051cc8b231abd516b 0 122578615 2
a17857d1a641623051cc8b231abd516b 0 150665655 2
a17857d1a641623051cc8b231abd516b 0 171177306 2
a17857d1a641623051cc8b231abd516b 0 78346050 2
a17857d1a641623051cc8b231abd516b 0 54270201 2
184d98712ea5b9f83628dd07afd44664 0 37994442 1
184d98712ea5b9f83628dd07afd44664 0 82837918 1
184d98712ea5b9f83628dd07afd44664 0 274811775 2
184d98712ea5b9f83628dd07afd44664 0 143683201 0
184d98712ea5b9f83628dd07afd44664 0 17809299 0
184d98712ea5b9f83628dd07afd44664 0 41646701 0
184d98712ea5b9f83628dd07afd44664 0 8680617 0
184d98712ea5b9f83628dd07afd44664 0 2472268 2
184d98712ea5b9f83628dd07afd44664 0 7585954 0
184d98712ea5b9f83628dd07afd44664 0 303323512 2
184d98712ea5b9f83628dd07afd44664 0 52884033 2
184d98712ea5b9f83628dd07afd44664 0 8202802 0
184d98712ea5b9f83628dd07afd44664 0 2102700 2
184d98712ea5b9f83628dd07afd44664 0 11470630 1
184d98712ea5b9f83628dd07afd44664 0 2484105 0
184d98712ea5b9f83628dd07afd44664 0 54445906 0
184d98712ea5b9f83628dd07afd44664 0 62540631 1
184d98712ea5b9f83628dd07afd44664 0 7475942 2
184d98712ea5b9f83628dd07afd44664 0 167828101 0
184d98712ea5b9f83628dd07afd44664 0 276305129 0
184d98712ea5b9f83628dd07afd44664 0 293953 2
184d98712ea5b9f83628dd07afd44664 0 129967362 0
184d98712ea5b9f83628dd07afd44664 0 11899302 1
184d98712ea5b9f83628dd07afd44664 0 59972941 0
184d98712ea5b9f83628dd07afd44664 0 407820 0
0455a10c1c01fa9d11d907fdde2fd578 0 298370470 2
0455a10c1c01fa9d11d907fdde2fd578 0 276502465 2
0455a10c1c01fa9d11d907fdde2fd578 0 313924813 2
0455a10c1c01fa9d11d907fdde2fd578 0 148965128 2
0455a10c1c01fa9d11d907fdde2fd578 0 9915239 1
0455a10c1c01fa9d11d907fdde2fd578 0 310443465 2
0455a10c1c01fa9d11d907fdde2fd578 0 291377636 2
0455a10c1c01fa9d11d907fdde2fd578 0 52919849 2
0455a10c1c01fa9d11d907fdde2fd578 0 78766630 2
0455a10c1c01fa9d11d907fdde2fd578 0 276765185 2
0455a10c1c01fa9d11d907fdde2fd578 0 48124652 1
0455a10c1c01fa9d11d907fdde2fd578 0 18619246 1
0455a10c1c01fa9d11d907fdde2fd578 0 292509468 2
0455a10c1c01fa9d11d907fdde2fd578 0 292510340 2
0455a10c1c01fa9d11d907fdde2fd578 0 310856616 1
0455a10c1c01fa9d11d907fdde2fd578 0 68037507 1
0455a10c1c01fa9d11d907fdde2fd578 0 37477788 1
0455a10c1c01fa9d11d907fdde2fd578 0 9859977 2
0455a10c1c01fa9d11d907fdde2fd578 0 313550193 2
0455a10c1c01fa9d11d907fdde2fd578 0 8792048 1
0455a10c1c01fa9d11d907fdde2fd578 0 85631095 2
0455a10c1c01fa9d11d907fdde2fd578 0 298823580 2
0455a10c1c01fa9d11d907fdde2fd578 0 6979085 2
0455a10c1c01fa9d11d907fdde2fd578 0 2694853 1
0455a10c1c01fa9d11d907fdde2fd578 0 51825318 2
0455a10c1c01fa9d11d907fdde2fd578 0 85240900 2
0455a10c1c01fa9d11d907fdde2fd578 0 15258304 1
0455a10c1c01fa9d11d907fdde2fd578 0 2974206 1
62b27acf91c11c6c9d760cfdc0c33022 0 123497624 2
62b27acf91c11c6c9d760cfdc0c33022 0 50195163 2
62b27acf91c11c6c9d760cfdc0c33022 0 150617876 2
62b27acf91c11c6c9d760cfdc0c33022 0 8178656 2
62b27acf91c11c6c9d760cfdc0c33022 0 150352310 2
62b27acf91c11c6c9d760cfdc0c33022 0 87096238 2
62b27acf91c11c6c9d760cfdc0c33022 0 70330062 2
62b27acf91c11c6c9d760cfdc0c33022 0 99322614 2
62b27acf91c11c6c9d760cfdc0c33022 0 41401385 2
62b27acf91c11c6c9d760cfdc0c33022 0 151638028 2
62b27acf91c11c6c9d760cfdc0c33022 0 129403659 2
62b27acf91c11c6c9d760cfdc0c33022 0 135969617 2
62b27acf91c11c6c9d760cfdc0c33022 0 164473467 2
62b27acf91c11c6c9d760cfdc0c33022 0 69993600 2
62b27acf91c11c6c9d760cfdc0c33022 0 134355414 2
62b27acf91c11c6c9d760cfdc0c33022 0 157818335 2
62b27acf91c11c6c9d760cfdc0c33022 0 59696273 2
0eb2a0f2a29a2fbfc09b4e58c7743f72 0 2499213 0
0eb2a0f2a29a2fbfc09b4e58c7743f72 0 296032855 0
0eb2a0f2a29a2fbfc09b4e58c7743f72 0 274929856 0
0eb2a0f2a29a2fbfc09b4e58c7743f72 0 7163269 0
0eb2a0f2a29a2fbfc09b4e58c7743f72 0 303738260 0
0eb2a0f2a29a2fbfc09b4e58c7743f72 0 299841568 0
0eb2a0f2a29a2fbfc09b4e58c7743f72 0 289500295 1
0eb2a0f2a29a2fbfc09b4e58c7743f72 0 31408565 0
0eb2a0f2a29a2fbfc09b4e58c7743f72 0 211997756 0
0eb2a0f2a29a2fbfc09b4e58c7743f72 0 279722212 0
0eb2a0f2a29a2fbfc09b4e58c7743f72 0 6341348 1
0eb2a0f2a29a2fbfc09b4e58c7743f72 0 274688174 0
0eb2a0f2a29a2fbfc09b4e58c7743f72 0 303325214 0
0eb2a0f2a29a2fbfc09b4e58c7743f72 0 2408316 0
0eb2a0f2a29a2fbfc09b4e58c7743f72 0 291595077 0
0eb2a0f2a29a2fbfc09b4e58c7743f72 0 290204028 0
0eb2a0f2a29a2fbfc09b4e58c7743f72 0 304353922 0
0eb2a0f2a29a2fbfc09b4e58c7743f72 0 2093092 0
0eb2a0f2a29a2fbfc09b4e58c7743f72 0 308893394 0
0eb2a0f2a29a2fbfc09b4e58c7743f72 0 276273807 1
0eb2a0f2a29a2fbfc09b4e58c7743f72 0 85444305 0
0eb2a0f2a29a2fbfc09b4e58c7743f72 0 154018460 0
0eb2a0f2a29a2fbfc09b4e58c7743f72 0 302375595 0
0eb2a0f2a29a2fbfc09b4e58c7743f72 0 7797242 1
0eb2a0f2a29a2fbfc09b4e58c7743f72 0 8967209 0
0eb2a0f2a29a2fbfc09b4e58c7743f72 0 54935171 1
0eb2a0f2a29a2fbfc09b4e58c7743f72 0 289606470 0
0eb2a0f2a29a2fbfc09b4e58c7743f72 0 6615803 1
0eb2a0f2a29a2fbfc09b4e58c7743f72 0 293434883 1
b03967139f4c766616cf95958948438c 0 162620330 1
b03967139f4c766616cf95958948438c 0 127242731 2
b03967139f4c766616cf95958948438c 0 10280162 2
b03967139f4c766616cf95958948438c 0 128410465 1
b03967139f4c766616cf95958948438c 0 148633066 2
b03967139f4c766616cf95958948438c 0 38722128 1
b03967139f4c766616cf95958948438c 0 7801814 2
b03967139f4c766616cf95958948438c 0 17805952 0
b03967139f4c766616cf95958948438c 0 17701923 1
b03967139f4c766616cf95958948438c 0 169640204 1
b03967139f4c766616cf95958948438c 0 291485224 2
b03967139f4c766616cf95958948438c 0 125808867 2
b03967139f4c766616cf95958948438c 0 160947755 2
b03967139f4c766616cf95958948438c 0 292438421 2
b03967139f4c766616cf95958948438c 0 139622597 1
b03967139f4c766616cf95958948438c 0 158055304 2
b03967139f4c766616cf95958948438c 0 162617377 2
b03967139f4c766616cf95958948438c 0 292967363 2
b03967139f4c766616cf95958948438c 0 303975164 2
b03967139f4c766616cf95958948438c 0 132379158 2
2968da058e3815aa98b19e8c9e450174 0 147917538 2
2968da058e3815aa98b19e8c9e450174 0 310834860 2
2968da058e3815aa98b19e8c9e450174 0 127456429 0
2968da058e3815aa98b19e8c9e450174 0 10280669 2
2968da058e3815aa98b19e8c9e450174 0 51598915 2
2968da058e3815aa98b19e8c9e450174 0 8867453 0
2968da058e3815aa98b19e8c9e450174 0 233726 0
2968da058e3815aa98b19e8c9e450174 0 141536767 0
2968da058e3815aa98b19e8c9e450174 0 284745978 2
2968da058e3815aa98b19e8c9e450174 0 45246311 1
2968da058e3815aa98b19e8c9e450174 0 17764408 1
2968da058e3815aa98b19e8c9e450174 0 290578201 2
2968da058e3815aa98b19e8c9e450174 0 125598415 2
2968da058e3815aa98b19e8c9e450174 0 297894606 2
2968da058e3815aa98b19e8c9e450174 0 40319488 0
2968da058e3815aa98b19e8c9e450174 0 42875678 2
2968da058e3815aa98b19e8c9e450174 0 253147 0
2968da058e3815aa98b19e8c9e450174 0 284909074 2
2968da058e3815aa98b19e8c9e450174 0 274839109 2
2968da058e3815aa98b19e8c9e450174 0 299567964 2
7dd544c389512ce8cb0da1bd46543702 0 292618521 2
7dd544c389512ce8cb0da1bd46543702 0 296421129 1
7dd544c389512ce8cb0da1bd46543702 0 161598428 2
7dd544c389512ce8cb0da1bd46543702 0 305898868 2
7dd544c389512ce8cb0da1bd46543702 0 37478459 2
7dd544c389512ce8cb0da1bd46543702 0 279722929 2
7dd544c389512ce8cb0da1bd46543702 0 313309385 2
7dd544c389512ce8cb0da1bd46543702 0 120110727 0
7dd544c389512ce8cb0da1bd46543702 0 2733969 0
7dd544c389512ce8cb0da1bd46543702 0 166064027 0
7dd544c389512ce8cb0da1bd46543702 0 312542492 0
7dd544c389512ce8cb0da1bd46543702 0 303123898 1
7dd544c389512ce8cb0da1bd46543702 0 301854330 2
7dd544c389512ce8cb0da1bd46543702 0 289587709 2
7dd544c389512ce8cb0da1bd46543702 0 290102146 1
7dd544c389512ce8cb0da1bd46543702 0 36005635 2
7dd544c389512ce8cb0da1bd46543702 0 74728119 1
7dd544c389512ce8cb0da1bd46543702 0 80046433 1
7dd544c389512ce8cb0da1bd46543702 0 148649495 2
7dd544c389512ce8cb0da1bd46543702 0 291411858 0
7dd544c389512ce8cb0da1bd46543702 0 8012815 0
7dd544c389512ce8cb0da1bd46543702 0 291417832 0
7dd544c389512ce8cb0da1bd46543702 0 128016255 1
7dd544c389512ce8cb0da1bd46543702 0 297898103 0
7dd544c389512ce8cb0da1bd46543702 0 156827970 1
7dd544c389512ce8cb0da1bd46543702 0 52956462 2
9b1940902ef226fc568687e959777ff9 0 150247733 2
9b1940902ef226fc568687e959777ff9 0 173227578 2
9b1940902ef226fc568687e959777ff9 0 17790154 2
9b1940902ef226fc568687e959777ff9 0 171876142 2
9b1940902ef226fc568687e959777ff9 0 292110666 2
9b1940902ef226fc568687e959777ff9 0 76255724 2
9b1940902ef226fc568687e959777ff9 0 292107769 2
9b1940902ef226fc568687e959777ff9 0 7796649 2
9b1940902ef226fc568687e959777ff9 0 5564729 2
9b1940902ef226fc568687e959777ff9 0 5855654 2
9b1940902ef226fc568687e959777ff9 0 62532624 2
9b1940902ef226fc568687e959777ff9 0 70307396 2
9b1940902ef226fc568687e959777ff9 0 126422127 2
9b1940902ef226fc568687e959777ff9 0 275650170 2
9b1940902ef226fc568687e959777ff9 0 6751328 2
9b1940902ef226fc568687e959777ff9 0 123723158 2
9b1940902ef226fc568687e959777ff9 0 292602581 2
9b1940902ef226fc568687e959777ff9 0 6204264 2
9b1940902ef226fc568687e959777ff9 0 158428810 2
9b1940902ef226fc568687e959777ff9 0 149098494 2
9b1940902ef226fc568687e959777ff9 0 130983444 2
9b1940902ef226fc568687e959777ff9 0 164404362 2
9b1940902ef226fc568687e959777ff9 0 138517126 2
9b1940902ef226fc568687e959777ff9 0 153793914 2
9b1940902ef226fc568687e959777ff9 0 290986976 2
53e7b128b38d074d94828c9a5cdd5b96 0 292289320 0
53e7b128b38d074d94828c9a5cdd5b96 0 295414295 0
53e7b128b38d074d94828c9a5cdd5b96 0 291601954 1
53e7b128b38d074d94828c9a5cdd5b96 0 43888160 0
53e7b128b38d074d94828c9a5cdd5b96 0 157122171 0
53e7b128b38d074d94828c9a5cdd5b96 0 174690307 1
53e7b128b38d074d94828c9a5cdd5b96 0 291506610 0
53e7b128b38d074d94828c9a5cdd5b96 0 7039738 0
53e7b128b38d074d94828c9a5cdd5b96 0 300928431 0
53e7b128b38d074d94828c9a5cdd5b96 0 24746827 0
53e7b128b38d074d94828c9a5cdd5b96 0 290112557 0
53e7b128b38d074d94828c9a5cdd5b96 0 293136173 0
53e7b128b38d074d94828c9a5cdd5b96 0 291506258 2
53e7b128b38d074d94828c9a5cdd5b96 0 158153406 0
53e7b128b38d074d94828c9a5cdd5b96 0 300927095 0
53e7b128b38d074d94828c9a5cdd5b96 0 948180 2
53e7b128b38d074d94828c9a5cdd5b96 0 296439017 0
53e7b128b38d074d94828c9a5cdd5b96 0 164484536 0
53e7b128b38d074d94828c9a5cdd5b96 0 84396781 0
53e7b128b38d074d94828c9a5cdd5b96 0 291506667 0
53e7b128b38d074d94828c9a5cdd5b96 0 164900385 1
53e7b128b38d074d94828c9a5cdd5b96 0 162769540 0
53e7b128b38d074d94828c9a5cdd5b96 0 143785335 0
53e7b128b38d074d94828c9a5cdd5b96 0 275809189 0
53e7b128b38d074d94828c9a5cdd5b96 0 301560038 0
53e7b128b38d074d94828c9a5cdd5b96 0 293423804 0
53e7b128b38d074d94828c9a5cdd5b96 0 24887682 0
53e7b128b38d074d94828c9a5cdd5b96 0 291423470 1
9cb300cc7da1de27a2d469b5478ba4f8 0 156946170 1
9cb300cc7da1de27a2d469b5478ba4f8 0 128498917 1
9cb300cc7da1de27a2d469b5478ba4f8 0 7984423 0
9cb300cc7da1de27a2d469b5478ba4f8 0 150281233 2
9cb300cc7da1de27a2d469b5478ba4f8 0 145725595 2
9cb300cc7da1de27a2d469b5478ba4f8 0 160006115 2
9cb300cc7da1de27a2d469b5478ba4f8 0 291364828 1
9cb300cc7da1de27a2d469b5478ba4f8 0 4417111 0
9cb300cc7da1de27a2d469b5478ba4f8 0 304395358 2
9cb300cc7da1de27a2d469b5478ba4f8 0 163058132 1
9cb300cc7da1de27a2d469b5478ba4f8 0 300218558 1
9cb300cc7da1de27a2d469b5478ba4f8 0 149594843 2
9cb300cc7da1de27a2d469b5478ba4f8 0 126329920 1
9cb300cc7da1de27a2d469b5478ba4f8 0 289582915 0
9cb300cc7da1de27a2d469b5478ba4f8 0 150946831 2
9cb300cc7da1de27a2d469b5478ba4f8 0 304516288 2
9cb300cc7da1de27a2d469b5478ba4f8 0 149595064 2
9cb300cc7da1de27a2d469b5478ba4f8 0 156946144 2
9cb300cc7da1de27a2d469b5478ba4f8 0 150423650 2
9cb300cc7da1de27a2d469b5478ba4f8 0 156946847 1
6e6321656b1380055bb3cc611ab07e43 0 305058391 1
6e6321656b1380055bb3cc611ab07e43 0 63366662 0
6e6321656b1380055bb3cc611ab07e43 0 62556661 1
6e6321656b1380055bb3cc611ab07e43 0 158075886 1
6e6321656b1380055bb3cc611ab07e43 0 126783625 2
6e6321656b1380055bb3cc611ab07e43 0 290926575 1
6e6321656b1380055bb3cc611ab07e43 0 160101411 1
6e6321656b1380055bb3cc611ab07e43 0 144647392 1
6e6321656b1380055bb3cc611ab07e43 0 69290254 1
6e6321656b1380055bb3cc611ab07e43 0 301461196 1
6e6321656b1380055bb3cc611ab07e43 0 159298267 2
6e6321656b1380055bb3cc611ab07e43 0 75786059 2
6e6321656b1380055bb3cc611ab07e43 0 9053847 2
6e6321656b1380055bb3cc611ab07e43 0 32871589 0
6e6321656b1380055bb3cc611ab07e43 0 143381671 1
6e6321656b1380055bb3cc611ab07e43 0 275802614 1
6e6321656b1380055bb3cc611ab07e43 0 8623851 1
6e6321656b1380055bb3cc611ab07e43 0 45244789 1
7672296cd19afe29d4f2c838b989e65d 0 291437820 0
7672296cd19afe29d4f2c838b989e65d 0 282319558 0
7672296cd19afe29d4f2c838b989e65d 0 284472230 0
7672296cd19afe29d4f2c838b989e65d 0 289761306 0
7672296cd19afe29d4f2c838b989e65d 0 299841525 0
7672296cd19afe29d4f2c838b989e65d 0 294505911 0
7672296cd19afe29d4f2c838b989e65d 0 58978380 0
7672296cd19afe29d4f2c838b989e65d 0 286834568 0
7672296cd19afe29d4f2c838b989e65d 0 291418365 1
7672296cd19afe29d4f2c838b989e65d 0 168177263 1
7672296cd19afe29d4f2c838b989e65d 0 297174021 0
7672296cd19afe29d4f2c838b989e65d 0 276101861 1
7672296cd19afe29d4f2c838b989e65d 0 148624447 0
7672296cd19afe29d4f2c838b989e65d 0 292285908 1
7672296cd19afe29d4f2c838b989e65d 0 191681865 0
7672296cd19afe29d4f2c838b989e65d 0 172047926 0
7672296cd19afe29d4f2c838b989e65d 0 302375522 1
7672296cd19afe29d4f2c838b989e65d 0 154686627 0
7672296cd19afe29d4f2c838b989e65d 0 311467120 1
7672296cd19afe29d4f2c838b989e65d 0 290446584 1
7672296cd19afe29d4f2c838b989e65d 0 126025025 0
7672296cd19afe29d4f2c838b989e65d 0 32969886 0
7672296cd19afe29d4f2c838b989e65d 0 291375810 1
7672296cd19afe29d4f2c838b989e65d 0 299262927 0
7672296cd19afe29d4f2c838b989e65d 0 296810074 0
7672296cd19afe29d4f2c838b989e65d 0 153435256 0
7672296cd19afe29d4f2c838b989e65d 0 126024837 0
7672296cd19afe29d4f2c838b989e65d 0 301859490 0
78789f3cb58bcdeb8066c0e37fb700cf 0 150175899 2
78789f3cb58bcdeb8066c0e37fb700cf 0 40569723 2
78789f3cb58bcdeb8066c0e37fb700cf 0 128910538 2
78789f3cb58bcdeb8066c0e37fb700cf 0 290062003 2
78789f3cb58bcdeb8066c0e37fb700cf 0 150254239 2
78789f3cb58bcdeb8066c0e37fb700cf 0 113577470 2
78789f3cb58bcdeb8066c0e37fb700cf 0 130800484 2
78789f3cb58bcdeb8066c0e37fb700cf 0 148979352 2
78789f3cb58bcdeb8066c0e37fb700cf 0 150352429 2
78789f3cb58bcdeb8066c0e37fb700cf 0 85865209 0
78789f3cb58bcdeb8066c0e37fb700cf 0 303316068 2
78789f3cb58bcdeb8066c0e37fb700cf 0 158736450 2
78789f3cb58bcdeb8066c0e37fb700cf 0 290068489 2
78789f3cb58bcdeb8066c0e37fb700cf 0 40558848 2
78789f3cb58bcdeb8066c0e37fb700cf 0 40569933 2
78789f3cb58bcdeb8066c0e37fb700cf 0 274929290 2
78789f3cb58bcdeb8066c0e37fb700cf 0 163227137 2
78789f3cb58bcdeb8066c0e37fb700cf 0 297366438 2
78789f3cb58bcdeb8066c0e37fb700cf 0 139617101 2
78789f3cb58bcdeb8066c0e37fb700cf 0 157945054 2
78789f3cb58bcdeb8066c0e37fb700cf 0 146508036 2
78789f3cb58bcdeb8066c0e37fb700cf 0 287208933 2
6110a9b938c5a3f25ca8ed7615454eb0 0 7649363 2
6110a9b938c5a3f25ca8ed7615454eb0 0 85864649 2
6110a9b938c5a3f25ca8ed7615454eb0 0 14352645 2
6110a9b938c5a3f25ca8ed7615454eb0 0 67502127 2
6110a9b938c5a3f25ca8ed7615454eb0 0 5360772 2
6110a9b938c5a3f25ca8ed7615454eb0 0 8487484 1
6110a9b938c5a3f25ca8ed7615454eb0 0 43532281 2
6110a9b938c5a3f25ca8ed7615454eb0 0 125269949 2
6110a9b938c5a3f25ca8ed7615454eb0 0 142722004 2
6110a9b938c5a3f25ca8ed7615454eb0 0 72018766 2
6110a9b938c5a3f25ca8ed7615454eb0 0 31073032 2
6110a9b938c5a3f25ca8ed7615454eb0 0 67503313 2
6110a9b938c5a3f25ca8ed7615454eb0 0 69182767 2
6110a9b938c5a3f25ca8ed7615454eb0 0 10914876 2
6110a9b938c5a3f25ca8ed7615454eb0 0 80473055 2
6110a9b938c5a3f25ca8ed7615454eb0 0 70357235 2
6110a9b938c5a3f25ca8ed7615454eb0 0 150664114 2
6110a9b938c5a3f25ca8ed7615454eb0 0 302731739 2
6110a9b938c5a3f25ca8ed7615454eb0 0 69040022 2
6110a9b938c5a3f25ca8ed7615454eb0 0 42982368 2
6110a9b938c5a3f25ca8ed7615454eb0 0 8013708 2
6110a9b938c5a3f25ca8ed7615454eb0 0 276329040 2
6172609153797fcc6bb5c7a412a22a0b 0 303973587 2
6172609153797fcc6bb5c7a412a22a0b 0 154697716 2
6172609153797fcc6bb5c7a412a22a0b 0 290649098 2
6172609153797fcc6bb5c7a412a22a0b 0 303965485 2
6172609153797fcc6bb5c7a412a22a0b 0 165042259 2
6172609153797fcc6bb5c7a412a22a0b 0 299793190 2
6172609153797fcc6bb5c7a412a22a0b 0 173700660 1
6172609153797fcc6bb5c7a412a22a0b 0 154798585 2
6172609153797fcc6bb5c7a412a22a0b 0 171658378 1
6172609153797fcc6bb5c7a412a22a0b 0 171512659 0
6172609153797fcc6bb5c7a412a22a0b 0 303253314 2
6172609153797fcc6bb5c7a412a22a0b 0 292253376 1
6172609153797fcc6bb5c7a412a22a0b 0 301078262 2
76792feec3056517ffbd2f3c6928b784 0 2615175 1
76792feec3056517ffbd2f3c6928b784 0 17421461 0
76792feec3056517ffbd2f3c6928b784 0 156005970 2
76792feec3056517ffbd2f3c6928b784 0 36982599 1
76792feec3056517ffbd2f3c6928b784 0 137870853 2
76792feec3056517ffbd2f3c6928b784 0 5014794 2
76792feec3056517ffbd2f3c6928b784 0 36984288 2
76792feec3056517ffbd2f3c6928b784 0 132373171 2
76792feec3056517ffbd2f3c6928b784 0 19083845 2
76792feec3056517ffbd2f3c6928b784 0 5177414 0
76792feec3056517ffbd2f3c6928b784 0 17620365 2
76792feec3056517ffbd2f3c6928b784 0 68816646 2
76792feec3056517ffbd2f3c6928b784 0 160676506 2
76792feec3056517ffbd2f3c6928b784 0 127427279 2
76792feec3056517ffbd2f3c6928b784 0 8766978 2
76792feec3056517ffbd2f3c6928b784 0 290839773 2
76792feec3056517ffbd2f3c6928b784 0 2668628 2
76792feec3056517ffbd2f3c6928b784 0 152591083 2
76792feec3056517ffbd2f3c6928b784 0 4871869 1
76792feec3056517ffbd2f3c6928b784 0 284370402 2
76792feec3056517ffbd2f3c6928b784 0 169546789 2
76792feec3056517ffbd2f3c6928b784 0 107196690 2
76792feec3056517ffbd2f3c6928b784 0 160787146 2
79959e9fd558013a774897fb2d760ac1 0 78765827 2
79959e9fd558013a774897fb2d760ac1 0 71411180 2
79959e9fd558013a774897fb2d760ac1 0 126925133 1
79959e9fd558013a774897fb2d760ac1 0 126968497 2
79959e9fd558013a774897fb2d760ac1 0 8206499 2
79959e9fd558013a774897fb2d760ac1 0 15105918 2
79959e9fd558013a774897fb2d760ac1 0 122592116 2
79959e9fd558013a774897fb2d760ac1 0 70332185 1
79959e9fd558013a774897fb2d760ac1 0 136035288 2
79959e9fd558013a774897fb2d760ac1 0 123380796 2
79959e9fd558013a774897fb2d760ac1 0 157891010 2
79959e9fd558013a774897fb2d760ac1 0 17795294 1
79959e9fd558013a774897fb2d760ac1 0 79762598 2
79959e9fd558013a774897fb2d760ac1 0 24900187 2
79959e9fd558013a774897fb2d760ac1 0 136411391 2
79959e9fd558013a774897fb2d760ac1 0 5256337 2
79959e9fd558013a774897fb2d760ac1 0 24915144 2
79959e9fd558013a774897fb2d760ac1 0 6239913 2
79959e9fd558013a774897fb2d760ac1 0 5311448 2
79959e9fd558013a774897fb2d760ac1 0 8855710 1
79959e9fd558013a774897fb2d760ac1 0 8006263 1
79959e9fd558013a774897fb2d760ac1 0 64213778 2
e9e12c23dcae83b144aecbcdf7183159 0 11342127 2
e9e12c23dcae83b144aecbcdf7183159 0 45660457 2
e9e12c23dcae83b144aecbcdf7183159 0 83669610 2
e9e12c23dcae83b144aecbcdf7183159 0 59128922 2
e9e12c23dcae83b144aecbcdf7183159 0 78826475 2
e9e12c23dcae83b144aecbcdf7183159 0 88915344 2
e9e12c23dcae83b144aecbcdf7183159 0 163215313 2
e9e12c23dcae83b144aecbcdf7183159 0 128158086 2
e9e12c23dcae83b144aecbcdf7183159 0 159425590 2
e9e12c23dcae83b144aecbcdf7183159 0 164498954 2
e9e12c23dcae83b144aecbcdf7183159 0 16100854 2
e9e12c23dcae83b144aecbcdf7183159 0 17558353 2
e9e12c23dcae83b144aecbcdf7183159 0 29213376 2
e9e12c23dcae83b144aecbcdf7183159 0 129594751 2
e9e12c23dcae83b144aecbcdf7183159 0 133361828 2
e9e12c23dcae83b144aecbcdf7183159 0 21183093 2
e9e12c23dcae83b144aecbcdf7183159 0 34293744 2
e9e12c23dcae83b144aecbcdf7183159 0 77962406 2
e9e12c23dcae83b144aecbcdf7183159 0 85633424 2
e9e12c23dcae83b144aecbcdf7183159 0 57860391 2
e9e12c23dcae83b144aecbcdf7183159 0 54582242 2
e9e12c23dcae83b144aecbcdf7183159 0 30597504 2
e9e12c23dcae83b144aecbcdf7183159 0 133612812 2
e9e12c23dcae83b144aecbcdf7183159 0 40370149 2
e9e12c23dcae83b144aecbcdf7183159 0 54504324 2
e9e12c23dcae83b144aecbcdf7183159 0 57988565 2
e9e12c23dcae83b144aecbcdf7183159 0 69979662 2
e9e12c23dcae83b144aecbcdf7183159 0 67070304 2
e9e12c23dcae83b144aecbcdf7183159 0 9929077 2
e9e12c23dcae83b144aecbcdf7183159 0 16088929 2
e250296d22d78c408818c9b1b5352db0 0 68561238 2
e250296d22d78c408818c9b1b5352db0 0 17765314 2
e250296d22d78c408818c9b1b5352db0 0 9445045 2
e250296d22d78c408818c9b1b5352db0 0 48211371 2
e250296d22d78c408818c9b1b5352db0 0 8292080 2
e250296d22d78c408818c9b1b5352db0 0 290304185 2
e250296d22d78c408818c9b1b5352db0 0 157173403 2
e250296d22d78c408818c9b1b5352db0 0 10363060 2
e250296d22d78c408818c9b1b5352db0 0 170263180 1
e250296d22d78c408818c9b1b5352db0 0 68397974 2
e250296d22d78c408818c9b1b5352db0 0 66964492 2
e250296d22d78c408818c9b1b5352db0 0 9112944 2
e250296d22d78c408818c9b1b5352db0 0 8427787 2
3f0c797d1b9ad16c64d4e0ef3aeec05a 0 292306062 2
3f0c797d1b9ad16c64d4e0ef3aeec05a 0 168089183 2
3f0c797d1b9ad16c64d4e0ef3aeec05a 0 41664291 2
3f0c797d1b9ad16c64d4e0ef3aeec05a 0 151014799 2
3f0c797d1b9ad16c64d4e0ef3aeec05a 0 291612922 2
3f0c797d1b9ad16c64d4e0ef3aeec05a 0 158140850 2
3f0c797d1b9ad16c64d4e0ef3aeec05a 0 293812568 2
3f0c797d1b9ad16c64d4e0ef3aeec05a 0 87525228 2
3f0c797d1b9ad16c64d4e0ef3aeec05a 0 74926946 2
3f0c797d1b9ad16c64d4e0ef3aeec05a 0 17938081 2
3f0c797d1b9ad16c64d4e0ef3aeec05a 0 126943853 2
3f0c797d1b9ad16c64d4e0ef3aeec05a 0 150224647 2
3f0c797d1b9ad16c64d4e0ef3aeec05a 0 148938101 2
3f0c797d1b9ad16c64d4e0ef3aeec05a 0 138502621 2
3f0c797d1b9ad16c64d4e0ef3aeec05a 0 303816688 2
3f0c797d1b9ad16c64d4e0ef3aeec05a 0 143473783 2
3f0c797d1b9ad16c64d4e0ef3aeec05a 0 150069068 2
3f0c797d1b9ad16c64d4e0ef3aeec05a 0 28046649 2
3f0c797d1b9ad16c64d4e0ef3aeec05a 0 9084037 2
3f0c797d1b9ad16c64d4e0ef3aeec05a 0 11445135 2
3f0c797d1b9ad16c64d4e0ef3aeec05a 0 10992357 2
3f0c797d1b9ad16c64d4e0ef3aeec05a 0 293359213 2
3f0c797d1b9ad16c64d4e0ef3aeec05a 0 122209619 2
3f0c797d1b9ad16c64d4e0ef3aeec05a 0 71487387 2
3f0c797d1b9ad16c64d4e0ef3aeec05a 0 62733082 2
2480b66e43b203adc0d4b9775def2bb3 0 135368943 2
2480b66e43b203adc0d4b9775def2bb3 0 126783841 2
2480b66e43b203adc0d4b9775def2bb3 0 75601073 2
2480b66e43b203adc0d4b9775def2bb3 0 9926220 2
2480b66e43b203adc0d4b9775def2bb3 0 292483333 2
2480b66e43b203adc0d4b9775def2bb3 0 71371393 2
2480b66e43b203adc0d4b9775def2bb3 0 147582685 2
2480b66e43b203adc0d4b9775def2bb3 0 46455876 2
2480b66e43b203adc0d4b9775def2bb3 0 313342025 2
2480b66e43b203adc0d4b9775def2bb3 0 31599115 2
2480b66e43b203adc0d4b9775def2bb3 0 34038267 2
2480b66e43b203adc0d4b9775def2bb3 0 306562538 2
2480b66e43b203adc0d4b9775def2bb3 0 310979367 2
2480b66e43b203adc0d4b9775def2bb3 0 150487232 2
2480b66e43b203adc0d4b9775def2bb3 0 46509282 2
2480b66e43b203adc0d4b9775def2bb3 0 11170058 2
2480b66e43b203adc0d4b9775def2bb3 0 67186103 2
2480b66e43b203adc0d4b9775def2bb3 0 80081681 2
2480b66e43b203adc0d4b9775def2bb3 0 292483332 2
2480b66e43b203adc0d4b9775def2bb3 0 41342600 2
2480b66e43b203adc0d4b9775def2bb3 0 172100955 2
2480b66e43b203adc0d4b9775def2bb3 0 127132773 2
2480b66e43b203adc0d4b9775def2bb3 0 160926485 2
2480b66e43b203adc0d4b9775def2bb3 0 64652299 2
2480b66e43b203adc0d4b9775def2bb3 0 50469525 2
2480b66e43b203adc0d4b9775def2bb3 0 78367571 2
4befebbcc2ff66f381be9a1bbcf83417 0 143743186 2
4befebbcc2ff66f381be9a1bbcf83417 0 71922141 2
4befebbcc2ff66f381be9a1bbcf83417 0 143743239 2
4befebbcc2ff66f381be9a1bbcf83417 0 71768194 2
4befebbcc2ff66f381be9a1bbcf83417 0 71782725 2
4befebbcc2ff66f381be9a1bbcf83417 0 71768055 2
4befebbcc2ff66f381be9a1bbcf83417 0 143743182 2
4befebbcc2ff66f381be9a1bbcf83417 0 146015172 2
4befebbcc2ff66f381be9a1bbcf83417 0 143742926 2
4befebbcc2ff66f381be9a1bbcf83417 0 143742802 2
4befebbcc2ff66f381be9a1bbcf83417 0 71776947 2
4befebbcc2ff66f381be9a1bbcf83417 0 71776959 2
4befebbcc2ff66f381be9a1bbcf83417 0 143466591 2
4befebbcc2ff66f381be9a1bbcf83417 0 71782629 2
4befebbcc2ff66f381be9a1bbcf83417 0 71767781 2
4befebbcc2ff66f381be9a1bbcf83417 0 71775940 2
4befebbcc2ff66f381be9a1bbcf83417 0 143742170 2
4befebbcc2ff66f381be9a1bbcf83417 0 143742169 2
4befebbcc2ff66f381be9a1bbcf83417 0 146015287 2
4befebbcc2ff66f381be9a1bbcf83417 0 71782312 2
4befebbcc2ff66f381be9a1bbcf83417 0 71781671 2
4befebbcc2ff66f381be9a1bbcf83417 0 71782269 2
4befebbcc2ff66f381be9a1bbcf83417 0 71782597 2
4befebbcc2ff66f381be9a1bbcf83417 0 71767543 2
4befebbcc2ff66f381be9a1bbcf83417 0 71776658 2
4befebbcc2ff66f381be9a1bbcf83417 0 71777064 2
4befebbcc2ff66f381be9a1bbcf83417 0 71775657 2
4befebbcc2ff66f381be9a1bbcf83417 0 143743175 2
4befebbcc2ff66f381be9a1bbcf83417 0 71769013 2
ddbee2cc774edd21119ac20558131e89 0 143477613 2
ddbee2cc774edd21119ac20558131e89 0 8016966 2
ddbee2cc774edd21119ac20558131e89 0 89604914 2
ddbee2cc774edd21119ac20558131e89 0 166024676 2
ddbee2cc774edd21119ac20558131e89 0 87166437 2
ddbee2cc774edd21119ac20558131e89 0 169167085 2
ddbee2cc774edd21119ac20558131e89 0 128989197 2
ddbee2cc774edd21119ac20558131e89 0 163221658 2
ddbee2cc774edd21119ac20558131e89 0 19014474 2
ddbee2cc774edd21119ac20558131e89 0 172671219 2
ddbee2cc774edd21119ac20558131e89 0 128518639 2
ddbee2cc774edd21119ac20558131e89 0 150943022 2
ddbee2cc774edd21119ac20558131e89 0 128518782 2
ddbee2cc774edd21119ac20558131e89 0 137210237 2
ddbee2cc774edd21119ac20558131e89 0 157595076 2
ddbee2cc774edd21119ac20558131e89 0 291484993 2
ddbee2cc774edd21119ac20558131e89 0 171671215 2
ddbee2cc774edd21119ac20558131e89 0 160961496 2
ddbee2cc774edd21119ac20558131e89 0 133472029 2
ddbee2cc774edd21119ac20558131e89 0 156689748 2
ddbee2cc774edd21119ac20558131e89 0 126172319 2
ddbee2cc774edd21119ac20558131e89 0 128094502 2
ddbee2cc774edd21119ac20558131e89 0 292160840 2
ddbee2cc774edd21119ac20558131e89 0 136527890 2
ddbee2cc774edd21119ac20558131e89 0 289918314 2
ddbee2cc774edd21119ac20558131e89 0 156793317 2
ddbee2cc774edd21119ac20558131e89 0 292107396 2
ddbee2cc774edd21119ac20558131e89 0 159486251 2
defa7c6807ede7c5af9d5fc1be50f838 0 67167198 2
defa7c6807ede7c5af9d5fc1be50f838 0 63364916 2
defa7c6807ede7c5af9d5fc1be50f838 0 156085629 2
defa7c6807ede7c5af9d5fc1be50f838 0 29250365 2
defa7c6807ede7c5af9d5fc1be50f838 0 145023116 2
defa7c6807ede7c5af9d5fc1be50f838 0 75122367 2
defa7c6807ede7c5af9d5fc1be50f838 0 62222873 1
defa7c6807ede7c5af9d5fc1be50f838 0 45051353 2
defa7c6807ede7c5af9d5fc1be50f838 0 51743802 2
defa7c6807ede7c5af9d5fc1be50f838 0 156085646 2
defa7c6807ede7c5af9d5fc1be50f838 0 120401166 2
defa7c6807ede7c5af9d5fc1be50f838 0 125857553 2
defa7c6807ede7c5af9d5fc1be50f838 0 9557975 2
defa7c6807ede7c5af9d5fc1be50f838 0 62115850 2
defa7c6807ede7c5af9d5fc1be50f838 0 156542960 2
defa7c6807ede7c5af9d5fc1be50f838 0 45575077 2
defa7c6807ede7c5af9d5fc1be50f838 0 156085714 2
defa7c6807ede7c5af9d5fc1be50f838 0 123412174 2
defa7c6807ede7c5af9d5fc1be50f838 0 149998640 2
defa7c6807ede7c5af9d5fc1be50f838 0 8862737 2
c46d8e93a859a20db0043ee25e982729 0 6376039 2
c46d8e93a859a20db0043ee25e982729 0 148636494 1
c46d8e93a859a20db0043ee25e982729 0 127038840 0
c46d8e93a859a20db0043ee25e982729 0 82144334 1
c46d8e93a859a20db0043ee25e982729 0 30953811 2
c46d8e93a859a20db0043ee25e982729 0 48733167 2
c46d8e93a859a20db0043ee25e982729 0 62130542 2
c46d8e93a859a20db0043ee25e982729 0 64591922 1
c46d8e93a859a20db0043ee25e982729 0 129743026 2
c46d8e93a859a20db0043ee25e982729 0 131151182 2
c46d8e93a859a20db0043ee25e982729 0 99080852 1
c46d8e93a859a20db0043ee25e982729 0 99057017 0
c46d8e93a859a20db0043ee25e982729 0 67055708 2
c46d8e93a859a20db0043ee25e982729 0 148552140 1
c46d8e93a859a20db0043ee25e982729 0 64643105 2
c46d8e93a859a20db0043ee25e982729 0 160815375 1
c46d8e93a859a20db0043ee25e982729 0 133959325 1
38a9ce121cf1f4652b62c5b2b9427d7b 0 300943884 1
38a9ce121cf1f4652b62c5b2b9427d7b 0 293750457 1
38a9ce121cf1f4652b62c5b2b9427d7b 0 156115526 2
38a9ce121cf1f4652b62c5b2b9427d7b 0 275023145 1
38a9ce121cf1f4652b62c5b2b9427d7b 0 302769954 2
38a9ce121cf1f4652b62c5b2b9427d7b 0 303717867 2
38a9ce121cf1f4652b62c5b2b9427d7b 0 298502866 2
38a9ce121cf1f4652b62c5b2b9427d7b 0 163243945 0
38a9ce121cf1f4652b62c5b2b9427d7b 0 275662754 2
38a9ce121cf1f4652b62c5b2b9427d7b 0 292344813 2
38a9ce121cf1f4652b62c5b2b9427d7b 0 160801648 2
38a9ce121cf1f4652b62c5b2b9427d7b 0 143188642 2
38a9ce121cf1f4652b62c5b2b9427d7b 0 145409993 1
38a9ce121cf1f4652b62c5b2b9427d7b 0 291807981 2
38a9ce121cf1f4652b62c5b2b9427d7b 0 298127277 1
38a9ce121cf1f4652b62c5b2b9427d7b 0 150837246 0
38a9ce121cf1f4652b62c5b2b9427d7b 0 297672976 2
38a9ce121cf1f4652b62c5b2b9427d7b 0 173701358 2
38a9ce121cf1f4652b62c5b2b9427d7b 0 163244299 2
38a9ce121cf1f4652b62c5b2b9427d7b 0 156538093 1
38a9ce121cf1f4652b62c5b2b9427d7b 0 146407512 1
38a9ce121cf1f4652b62c5b2b9427d7b 0 166792118 2
38a9ce121cf1f4652b62c5b2b9427d7b 0 157813649 1
38a9ce121cf1f4652b62c5b2b9427d7b 0 276163932 1
38a9ce121cf1f4652b62c5b2b9427d7b 0 303995041 2
08157a20b3524f357970d74b9ba928d7 0 43728897 0
08157a20b3524f357970d74b9ba928d7 0 79507951 0
08157a20b3524f357970d74b9ba928d7 0 293006154 0
08157a20b3524f357970d74b9ba928d7 0 127342350 0
08157a20b3524f357970d74b9ba928d7 0 294863202 1
08157a20b3524f357970d74b9ba928d7 0 70425411 1
08157a20b3524f357970d74b9ba928d7 0 299595884 1
08157a20b3524f357970d74b9ba928d7 0 276219039 1
08157a20b3524f357970d74b9ba928d7 0 171834411 0
08157a20b3524f357970d74b9ba928d7 0 237586376 0
08157a20b3524f357970d74b9ba928d7 0 294675738 0
08157a20b3524f357970d74b9ba928d7 0 289573565 0
08157a20b3524f357970d74b9ba928d7 0 159465817 1
08157a20b3524f357970d74b9ba928d7 0 159465818 0
08157a20b3524f357970d74b9ba928d7 0 302738363 0
08157a20b3524f357970d74b9ba928d7 0 30472253 0
08157a20b3524f357970d74b9ba928d7 0 37996807 0
08157a20b3524f357970d74b9ba928d7 0 289499771 0
08157a20b3524f357970d74b9ba928d7 0 11611723 0
08157a20b3524f357970d74b9ba928d7 0 153350066 0
08157a20b3524f357970d74b9ba928d7 0 37994450 0
08157a20b3524f357970d74b9ba928d7 0 84403914 0
08157a20b3524f357970d74b9ba928d7 0 291398957 1
08157a20b3524f357970d74b9ba928d7 0 295960421 0
08157a20b3524f357970d74b9ba928d7 0 301800113 0
08157a20b3524f357970d74b9ba928d7 0 292561130 0
08157a20b3524f357970d74b9ba928d7 0 36660709 0
08157a20b3524f357970d74b9ba928d7 0 157400720 0
08157a20b3524f357970d74b9ba928d7 0 292066311 0
6d1f50ca1928f230f5e90b7573fedc85 0 63241716 2
6d1f50ca1928f230f5e90b7573fedc85 0 79235764 2
6d1f50ca1928f230f5e90b7573fedc85 0 305417076 2
6d1f50ca1928f230f5e90b7573fedc85 0 295720075 2
6d1f50ca1928f230f5e90b7573fedc85 0 146384229 2
6d1f50ca1928f230f5e90b7573fedc85 0 128336176 2
6d1f50ca1928f230f5e90b7573fedc85 0 129221801 2
6d1f50ca1928f230f5e90b7573fedc85 0 40191062 1
6d1f50ca1928f230f5e90b7573fedc85 0 41670708 2
6d1f50ca1928f230f5e90b7573fedc85 0 14392296 2
6d1f50ca1928f230f5e90b7573fedc85 0 9130212 1
6d1f50ca1928f230f5e90b7573fedc85 0 160597131 2
6d1f50ca1928f230f5e90b7573fedc85 0 62320922 2
6d1f50ca1928f230f5e90b7573fedc85 0 70311806 2
6d1f50ca1928f230f5e90b7573fedc85 0 107281290 2
6d1f50ca1928f230f5e90b7573fedc85 0 160096105 2
1e583b21b831d1fbfa6fb7764b40a419 0 160954099 2
1e583b21b831d1fbfa6fb7764b40a419 0 32961975 2
1e583b21b831d1fbfa6fb7764b40a419 0 301632420 2
1e583b21b831d1fbfa6fb7764b40a419 0 274841717 2
1e583b21b831d1fbfa6fb7764b40a419 0 8962842 2
1e583b21b831d1fbfa6fb7764b40a419 0 274846242 2
1e583b21b831d1fbfa6fb7764b40a419 0 63286146 2
1e583b21b831d1fbfa6fb7764b40a419 0 10726448 1
1e583b21b831d1fbfa6fb7764b40a419 0 84368072 1
1e583b21b831d1fbfa6fb7764b40a419 0 150740787 2
1e583b21b831d1fbfa6fb7764b40a419 0 154067441 2
1e583b21b831d1fbfa6fb7764b40a419 0 32969759 1
1e583b21b831d1fbfa6fb7764b40a419 0 154842796 2
1e583b21b831d1fbfa6fb7764b40a419 0 299874297 2
1e583b21b831d1fbfa6fb7764b40a419 0 134049693 2
1e583b21b831d1fbfa6fb7764b40a419 0 145437198 2
1e583b21b831d1fbfa6fb7764b40a419 0 150046595 2
1e583b21b831d1fbfa6fb7764b40a419 0 33901036 1
1e583b21b831d1fbfa6fb7764b40a419 0 107259087 2
1e583b21b831d1fbfa6fb7764b40a419 0 295521742 1
1e583b21b831d1fbfa6fb7764b40a419 0 290741785 1
1e583b21b831d1fbfa6fb7764b40a419 0 291149442 2
a9aeb7d21d67443569840c785cbc48bb 0 10260205 2
a9aeb7d21d67443569840c785cbc48bb 0 155156987 2
a9aeb7d21d67443569840c785cbc48bb 0 43969101 2
a9aeb7d21d67443569840c785cbc48bb 0 122729406 2
a9aeb7d21d67443569840c785cbc48bb 0 24913275 2
a9aeb7d21d67443569840c785cbc48bb 0 128661554 2
a9aeb7d21d67443569840c785cbc48bb 0 24911427 2
a9aeb7d21d67443569840c785cbc48bb 0 24901991 2
a9aeb7d21d67443569840c785cbc48bb 0 128400493 2
a9aeb7d21d67443569840c785cbc48bb 0 4472337 2
a9aeb7d21d67443569840c785cbc48bb 0 44677161 2
a9aeb7d21d67443569840c785cbc48bb 0 44991379 2
a9aeb7d21d67443569840c785cbc48bb 0 41263274 2
a9aeb7d21d67443569840c785cbc48bb 0 8488225 2
a9aeb7d21d67443569840c785cbc48bb 0 24906870 2
a9aeb7d21d67443569840c785cbc48bb 0 76040138 2
a9aeb7d21d67443569840c785cbc48bb 0 169400163 2
a9aeb7d21d67443569840c785cbc48bb 0 51499990 2
a9aeb7d21d67443569840c785cbc48bb 0 150617822 2
a9aeb7d21d67443569840c785cbc48bb 0 41266020 2
a9aeb7d21d67443569840c785cbc48bb 0 44992430 2
a9aeb7d21d67443569840c785cbc48bb 0 150352271 2
a9aeb7d21d67443569840c785cbc48bb 0 292678127 2
e7d459e21ee2edfdab9efe9aaf3481a9 0 70961440 0
e7d459e21ee2edfdab9efe9aaf3481a9 0 107535527 0
e7d459e21ee2edfdab9efe9aaf3481a9 0 70960822 0
e7d459e21ee2edfdab9efe9aaf3481a9 0 70960534 0
e7d459e21ee2edfdab9efe9aaf3481a9 0 301837266 0
e7d459e21ee2edfdab9efe9aaf3481a9 0 70959309 0
e7d459e21ee2edfdab9efe9aaf3481a9 0 70969043 0
e7d459e21ee2edfdab9efe9aaf3481a9 0 58834792 0
e7d459e21ee2edfdab9efe9aaf3481a9 0 58834011 0
e7d459e21ee2edfdab9efe9aaf3481a9 0 107368656 0
e7d459e21ee2edfdab9efe9aaf3481a9 0 70968704 1
e7d459e21ee2edfdab9efe9aaf3481a9 0 302667854 0
e7d459e21ee2edfdab9efe9aaf3481a9 0 71145957 0
e7d459e21ee2edfdab9efe9aaf3481a9 0 70962840 1
e7d459e21ee2edfdab9efe9aaf3481a9 0 70965247 0
e7d459e21ee2edfdab9efe9aaf3481a9 0 154836579 0
e7d459e21ee2edfdab9efe9aaf3481a9 0 78360804 1
e7d459e21ee2edfdab9efe9aaf3481a9 0 157780615 0
e7d459e21ee2edfdab9efe9aaf3481a9 0 150349496 0
e7d459e21ee2edfdab9efe9aaf3481a9 0 70962568 0
e7d459e21ee2edfdab9efe9aaf3481a9 0 165133991 0
e7d459e21ee2edfdab9efe9aaf3481a9 0 70969823 0
e7d459e21ee2edfdab9efe9aaf3481a9 0 70967028 0
e7d459e21ee2edfdab9efe9aaf3481a9 0 299862287 0
e7d459e21ee2edfdab9efe9aaf3481a9 0 302693936 0
e7d459e21ee2edfdab9efe9aaf3481a9 0 33689199 0
e7d459e21ee2edfdab9efe9aaf3481a9 0 107368705 1
e7d459e21ee2edfdab9efe9aaf3481a9 0 78360619 1
e7d459e21ee2edfdab9efe9aaf3481a9 0 297293004 0
450249b76d9d2023ee927a18ea4eb0da 0 50076537 2
450249b76d9d2023ee927a18ea4eb0da 0 148368204 0
450249b76d9d2023ee927a18ea4eb0da 0 9229807 2
450249b76d9d2023ee927a18ea4eb0da 0 289672469 2
450249b76d9d2023ee927a18ea4eb0da 0 129387867 2
450249b76d9d2023ee927a18ea4eb0da 0 291519504 2
450249b76d9d2023ee927a18ea4eb0da 0 301662454 2
450249b76d9d2023ee927a18ea4eb0da 0 292705196 2
450249b76d9d2023ee927a18ea4eb0da 0 135614431 2
450249b76d9d2023ee927a18ea4eb0da 0 71610783 2
450249b76d9d2023ee927a18ea4eb0da 0 129393806 2
450249b76d9d2023ee927a18ea4eb0da 0 301689043 2
450249b76d9d2023ee927a18ea4eb0da 0 162443826 2
450249b76d9d2023ee927a18ea4eb0da 0 69407554 1
450249b76d9d2023ee927a18ea4eb0da 0 69383387 2
450249b76d9d2023ee927a18ea4eb0da 0 311674709 2
450249b76d9d2023ee927a18ea4eb0da 0 297912446 2
450249b76d9d2023ee927a18ea4eb0da 0 139964338 2
450249b76d9d2023ee927a18ea4eb0da 0 145188657 1
450249b76d9d2023ee927a18ea4eb0da 0 276474627 1
220b79bfcc0380e3999edb61a0c103f6 0 150587388 2
220b79bfcc0380e3999edb61a0c103f6 0 148420310 1
220b79bfcc0380e3999edb61a0c103f6 0 291840345 2
220b79bfcc0380e3999edb61a0c103f6 0 310984634 2
220b79bfcc0380e3999edb61a0c103f6 0 125093972 2
220b79bfcc0380e3999edb61a0c103f6 0 309926195 2
220b79bfcc0380e3999edb61a0c103f6 0 17937854 2
220b79bfcc0380e3999edb61a0c103f6 0 292109195 2
220b79bfcc0380e3999edb61a0c103f6 0 310980819 2
220b79bfcc0380e3999edb61a0c103f6 0 310973887 2
220b79bfcc0380e3999edb61a0c103f6 0 160732460 2
220b79bfcc0380e3999edb61a0c103f6 0 305016212 2
220b79bfcc0380e3999edb61a0c103f6 0 156948056 2
220b79bfcc0380e3999edb61a0c103f6 0 291557247 2
220b79bfcc0380e3999edb61a0c103f6 0 148540540 2
220b79bfcc0380e3999edb61a0c103f6 0 292877527 2
220b79bfcc0380e3999edb61a0c103f6 0 291840325 2
220b79bfcc0380e3999edb61a0c103f6 0 95222982 2
220b79bfcc0380e3999edb61a0c103f6 0 276244515 2
220b79bfcc0380e3999edb61a0c103f6 0 289538048 2
220b79bfcc0380e3999edb61a0c103f6 0 291175072 2
220b79bfcc0380e3999edb61a0c103f6 0 126066116 2
220b79bfcc0380e3999edb61a0c103f6 0 304357434 2
220b79bfcc0380e3999edb61a0c103f6 0 138244917 2
220b79bfcc0380e3999edb61a0c103f6 0 157916873 2
781ce9d684cf75f39303e94af5013c41 0 292944326 1
781ce9d684cf75f39303e94af5013c41 0 54179979 1
781ce9d684cf75f39303e94af5013c41 0 293493924 2
781ce9d684cf75f39303e94af5013c41 0 297505392 2
781ce9d684cf75f39303e94af5013c41 0 166882320 2
781ce9d684cf75f39303e94af5013c41 0 169588967 1
781ce9d684cf75f39303e94af5013c41 0 295102374 1
781ce9d684cf75f39303e94af5013c41 0 146326890 2
781ce9d684cf75f39303e94af5013c41 0 291505691 2
781ce9d684cf75f39303e94af5013c41 0 292851620 2
781ce9d684cf75f39303e94af5013c41 0 276239308 1
781ce9d684cf75f39303e94af5013c41 0 33149981 0
781ce9d684cf75f39303e94af5013c41 0 291805203 1
781ce9d684cf75f39303e94af5013c41 0 290880487 2
781ce9d684cf75f39303e94af5013c41 0 291805300 1
781ce9d684cf75f39303e94af5013c41 0 71907959 2
781ce9d684cf75f39303e94af5013c41 0 295490279 2
781ce9d684cf75f39303e94af5013c41 0 122441412 1
781ce9d684cf75f39303e94af5013c41 0 291813954 2
781ce9d684cf75f39303e94af5013c41 0 18504944 0
781ce9d684cf75f39303e94af5013c41 0 89419944 1
781ce9d684cf75f39303e94af5013c41 0 142317229 0
781ce9d684cf75f39303e94af5013c41 0 303833072 1
781ce9d684cf75f39303e94af5013c41 0 160634851 0
860fc9e42321e79d54dbf743bbffef1c 0 144541321 1
860fc9e42321e79d54dbf743bbffef1c 0 149595064 2
860fc9e42321e79d54dbf743bbffef1c 0 156946170 1
860fc9e42321e79d54dbf743bbffef1c 0 300218558 1
860fc9e42321e79d54dbf743bbffef1c 0 149594843 2
860fc9e42321e79d54dbf743bbffef1c 0 291364828 1
860fc9e42321e79d54dbf743bbffef1c 0 128498917 2
860fc9e42321e79d54dbf743bbffef1c 0 126329920 2
860fc9e42321e79d54dbf743bbffef1c 0 923016 0
860fc9e42321e79d54dbf743bbffef1c 0 83477116 0
860fc9e42321e79d54dbf743bbffef1c 0 150423650 1
860fc9e42321e79d54dbf743bbffef1c 0 156946847 0
860fc9e42321e79d54dbf743bbffef1c 0 292756879 0
860fc9e42321e79d54dbf743bbffef1c 0 159483858 1
860fc9e42321e79d54dbf743bbffef1c 0 150946831 0
860fc9e42321e79d54dbf743bbffef1c 0 304516288 2
860fc9e42321e79d54dbf743bbffef1c 0 145725595 2
b8532cfb9f1bf3bf68b8e9b5458dcc51 0 292344189 0
b8532cfb9f1bf3bf68b8e9b5458dcc51 0 8363698 2
b8532cfb9f1bf3bf68b8e9b5458dcc51 0 37177313 0
b8532cfb9f1bf3bf68b8e9b5458dcc51 0 168502367 0
b8532cfb9f1bf3bf68b8e9b5458dcc51 0 275044559 0
b8532cfb9f1bf3bf68b8e9b5458dcc51 0 142095953 2
b8532cfb9f1bf3bf68b8e9b5458dcc51 0 151554553 1
b8532cfb9f1bf3bf68b8e9b5458dcc51 0 292657270 0
b8532cfb9f1bf3bf68b8e9b5458dcc51 0 12191318 1
b8532cfb9f1bf3bf68b8e9b5458dcc51 0 292520893 1
b8532cfb9f1bf3bf68b8e9b5458dcc51 0 276512078 0
b8532cfb9f1bf3bf68b8e9b5458dcc51 0 301221528 1
b8532cfb9f1bf3bf68b8e9b5458dcc51 0 84278574 0
b8532cfb9f1bf3bf68b8e9b5458dcc51 0 50187328 0
b8532cfb9f1bf3bf68b8e9b5458dcc51 0 87078037 1
b8532cfb9f1bf3bf68b8e9b5458dcc51 0 291609122 0
b8532cfb9f1bf3bf68b8e9b5458dcc51 0 23094376 2
b8532cfb9f1bf3bf68b8e9b5458dcc51 0 47800876 0
b8532cfb9f1bf3bf68b8e9b5458dcc51 0 99735073 2
b8532cfb9f1bf3bf68b8e9b5458dcc51 0 10276111 0
b8532cfb9f1bf3bf68b8e9b5458dcc51 0 308887500 1
b8532cfb9f1bf3bf68b8e9b5458dcc51 0 292539195 1
b8532cfb9f1bf3bf68b8e9b5458dcc51 0 292439817 1
b8532cfb9f1bf3bf68b8e9b5458dcc51 0 33154944 2
b8532cfb9f1bf3bf68b8e9b5458dcc51 0 81793736 1
b8532cfb9f1bf3bf68b8e9b5458dcc51 0 148518648 1
b8532cfb9f1bf3bf68b8e9b5458dcc51 0 75191512 2
b8532cfb9f1bf3bf68b8e9b5458dcc51 0 47799650 0
253235b2573e803d3d7cb91bbe626407 0 154440925 2
253235b2573e803d3d7cb91bbe626407 0 70692294 2
253235b2573e803d3d7cb91bbe626407 0 5118723 2
253235b2573e803d3d7cb91bbe626407 0 171950776 2
253235b2573e803d3d7cb91bbe626407 0 158121331 2
253235b2573e803d3d7cb91bbe626407 0 86360163 2
253235b2573e803d3d7cb91bbe626407 0 168177308 2
253235b2573e803d3d7cb91bbe626407 0 44173096 2
253235b2573e803d3d7cb91bbe626407 0 275578591 2
253235b2573e803d3d7cb91bbe626407 0 138526462 2
253235b2573e803d3d7cb91bbe626407 0 122710538 2
253235b2573e803d3d7cb91bbe626407 0 78340673 2
253235b2573e803d3d7cb91bbe626407 0 308700944 2
253235b2573e803d3d7cb91bbe626407 0 41648702 2
253235b2573e803d3d7cb91bbe626407 0 310986766 2
253235b2573e803d3d7cb91bbe626407 0 126430618 2
253235b2573e803d3d7cb91bbe626407 0 295520965 2
253235b2573e803d3d7cb91bbe626407 0 2634979 2
253235b2573e803d3d7cb91bbe626407 0 113686749 2
253235b2573e803d3d7cb91bbe626407 0 17796624 2
253235b2573e803d3d7cb91bbe626407 0 11309410 2
253235b2573e803d3d7cb91bbe626407 0 289562379 2
253235b2573e803d3d7cb91bbe626407 0 168176642 2
d2af595f032a1958c62ceea6b1545833 0 83771998 2
d2af595f032a1958c62ceea6b1545833 0 85780601 2
d2af595f032a1958c62ceea6b1545833 0 128038491 2
d2af595f032a1958c62ceea6b1545833 0 15036036 2
d2af595f032a1958c62ceea6b1545833 0 160404385 2
d2af595f032a1958c62ceea6b1545833 0 85020435 2
d2af595f032a1958c62ceea6b1545833 0 148350420 2
d2af595f032a1958c62ceea6b1545833 0 157179620 2
d2af595f032a1958c62ceea6b1545833 0 44005425 2
d2af595f032a1958c62ceea6b1545833 0 61139448 2
d2af595f032a1958c62ceea6b1545833 0 153346851 2
d2af595f032a1958c62ceea6b1545833 0 169914605 2
d2af595f032a1958c62ceea6b1545833 0 156846603 2
d2af595f032a1958c62ceea6b1545833 0 135626873 2
d2af595f032a1958c62ceea6b1545833 0 139828389 2
d2af595f032a1958c62ceea6b1545833 0 45736399 1
d2af595f032a1958c62ceea6b1545833 0 134172678 2
d2af595f032a1958c62ceea6b1545833 0 162774371 2
d2af595f032a1958c62ceea6b1545833 0 143164486 2
d2af595f032a1958c62ceea6b1545833 0 160240932 2
d2af595f032a1958c62ceea6b1545833 0 129254626 2
66cac571113757312e85e97c6dfdffcb 0 304470658 2
66cac571113757312e85e97c6dfdffcb 0 157848091 2
66cac571113757312e85e97c6dfdffcb 0 132641771 2
66cac571113757312e85e97c6dfdffcb 0 291432037 1
66cac571113757312e85e97c6dfdffcb 0 62604244 2
66cac571113757312e85e97c6dfdffcb 0 291373945 1
66cac571113757312e85e97c6dfdffcb 0 128454578 1
66cac571113757312e85e97c6dfdffcb 0 10126236 1
66cac571113757312e85e97c6dfdffcb 0 160037441 0
66cac571113757312e85e97c6dfdffcb 0 146124114 0
66cac571113757312e85e97c6dfdffcb 0 279726597 2
66cac571113757312e85e97c6dfdffcb 0 290469181 1
66cac571113757312e85e97c6dfdffcb 0 62051313 0
66cac571113757312e85e97c6dfdffcb 0 309219997 2
66cac571113757312e85e97c6dfdffcb 0 274709369 2
66cac571113757312e85e97c6dfdffcb 0 168948940 1
66cac571113757312e85e97c6dfdffcb 0 171671839 2
66cac571113757312e85e97c6dfdffcb 0 72014606 2
66cac571113757312e85e97c6dfdffcb 0 11742581 1
66cac571113757312e85e97c6dfdffcb 0 295894840 2
66cac571113757312e85e97c6dfdffcb 0 154032293 2
66cac571113757312e85e97c6dfdffcb 0 149517187 1
66cac571113757312e85e97c6dfdffcb 0 46875242 0
51f686777f1fc4ffcee09a3ba4212ab2 0 158025090 2
51f686777f1fc4ffcee09a3ba4212ab2 0 137866744 1
51f686777f1fc4ffcee09a3ba4212ab2 0 39743907 1
51f686777f1fc4ffcee09a3ba4212ab2 0 22486955 1
51f686777f1fc4ffcee09a3ba4212ab2 0 48217764 2
51f686777f1fc4ffcee09a3ba4212ab2 0 134942414 0
51f686777f1fc4ffcee09a3ba4212ab2 0 156054442 2
51f686777f1fc4ffcee09a3ba4212ab2 0 48213906 1
51f686777f1fc4ffcee09a3ba4212ab2 0 134528098 1
51f686777f1fc4ffcee09a3ba4212ab2 0 10099247 1
51f686777f1fc4ffcee09a3ba4212ab2 0 160392011 1
51f686777f1fc4ffcee09a3ba4212ab2 0 129415487 0
51f686777f1fc4ffcee09a3ba4212ab2 0 68974929 0
51f686777f1fc4ffcee09a3ba4212ab2 0 128775323 2
51f686777f1fc4ffcee09a3ba4212ab2 0 134948718 1
51f686777f1fc4ffcee09a3ba4212ab2 0 135597378 0
51f686777f1fc4ffcee09a3ba4212ab2 0 123093483 2
51f686777f1fc4ffcee09a3ba4212ab2 0 172292631 1
51f686777f1fc4ffcee09a3ba4212ab2 0 80049744 0
51f686777f1fc4ffcee09a3ba4212ab2 0 155384255 2
51f686777f1fc4ffcee09a3ba4212ab2 0 33347516 2
51f686777f1fc4ffcee09a3ba4212ab2 0 122427773 0
51f686777f1fc4ffcee09a3ba4212ab2 0 22469585 2
af8cff0735e0f7641b418bae15e25991 0 127307650 2
af8cff0735e0f7641b418bae15e25991 0 40378913 0
af8cff0735e0f7641b418bae15e25991 0 139728404 0
af8cff0735e0f7641b418bae15e25991 0 292324206 0
af8cff0735e0f7641b418bae15e25991 0 11610080 1
af8cff0735e0f7641b418bae15e25991 0 8870941 1
af8cff0735e0f7641b418bae15e25991 0 166705754 1
af8cff0735e0f7641b418bae15e25991 0 158970213 2
af8cff0735e0f7641b418bae15e25991 0 291535692 0
af8cff0735e0f7641b418bae15e25991 0 308597939 0
af8cff0735e0f7641b418bae15e25991 0 301309521 1
af8cff0735e0f7641b418bae15e25991 0 346539 0
af8cff0735e0f7641b418bae15e25991 0 308911953 1
af8cff0735e0f7641b418bae15e25991 0 232787985 1
af8cff0735e0f7641b418bae15e25991 0 24753262 1
af8cff0735e0f7641b418bae15e25991 0 19100709 2
af8cff0735e0f7641b418bae15e25991 0 40091208 0
af8cff0735e0f7641b418bae15e25991 0 313689426 1
af8cff0735e0f7641b418bae15e25991 0 15108098 0
af8cff0735e0f7641b418bae15e25991 0 51859014 2
cd8168171beff566fc1609c9dd080cd2 0 143690046 0
cd8168171beff566fc1609c9dd080cd2 0 28437864 0
cd8168171beff566fc1609c9dd080cd2 0 289574853 0
cd8168171beff566fc1609c9dd080cd2 0 274817933 0
cd8168171beff566fc1609c9dd080cd2 0 174854554 0
cd8168171beff566fc1609c9dd080cd2 0 6208086 0
cd8168171beff566fc1609c9dd080cd2 0 292378003 0
cd8168171beff566fc1609c9dd080cd2 0 4364356 0
cd8168171beff566fc1609c9dd080cd2 0 40015158 1
cd8168171beff566fc1609c9dd080cd2 0 162217283 0
cd8168171beff566fc1609c9dd080cd2 0 164354131 1
cd8168171beff566fc1609c9dd080cd2 0 290569859 1
cd8168171beff566fc1609c9dd080cd2 0 275731404 0
cd8168171beff566fc1609c9dd080cd2 0 300175118 0
cd8168171beff566fc1609c9dd080cd2 0 145151129 0
cd8168171beff566fc1609c9dd080cd2 0 275184880 0
cd8168171beff566fc1609c9dd080cd2 0 122561904 2
cd8168171beff566fc1609c9dd080cd2 0 293791882 0
cd8168171beff566fc1609c9dd080cd2 0 6208080 0
cd8168171beff566fc1609c9dd080cd2 0 289767402 0
cd8168171beff566fc1609c9dd080cd2 0 5833866 0
cd8168171beff566fc1609c9dd080cd2 0 9633423 0
cd8168171beff566fc1609c9dd080cd2 0 6208090 0
cd8168171beff566fc1609c9dd080cd2 0 6208063 0
cd8168171beff566fc1609c9dd080cd2 0 290840760 0
cd8168171beff566fc1609c9dd080cd2 0 9185463 0
cd8168171beff566fc1609c9dd080cd2 0 4013975 1
a64aae27da8e92c91015c275eb443a14 0 80148777 2
a64aae27da8e92c91015c275eb443a14 0 28577083 2
a64aae27da8e92c91015c275eb443a14 0 65648828 1
a64aae27da8e92c91015c275eb443a14 0 39624187 2
a64aae27da8e92c91015c275eb443a14 0 292255548 1
a64aae27da8e92c91015c275eb443a14 0 41586671 2
a64aae27da8e92c91015c275eb443a14 0 293812568 1
a64aae27da8e92c91015c275eb443a14 0 156715806 1
a64aae27da8e92c91015c275eb443a14 0 69990380 2
a64aae27da8e92c91015c275eb443a14 0 146964570 2
a64aae27da8e92c91015c275eb443a14 0 74861167 0
a64aae27da8e92c91015c275eb443a14 0 138502621 2
a64aae27da8e92c91015c275eb443a14 0 8360604 2
a64aae27da8e92c91015c275eb443a14 0 69794505 1
a64aae27da8e92c91015c275eb443a14 0 28046649 2
a64aae27da8e92c91015c275eb443a14 0 303816688 1
a64aae27da8e92c91015c275eb443a14 0 11445135 1
a64aae27da8e92c91015c275eb443a14 0 10992357 0
a64aae27da8e92c91015c275eb443a14 0 153492665 2
a64aae27da8e92c91015c275eb443a14 0 159483476 1
a64aae27da8e92c91015c275eb443a14 0 19621007 2
a64aae27da8e92c91015c275eb443a14 0 311805399 2
a64aae27da8e92c91015c275eb443a14 0 50721193 1
ae4fa4b3e4ffa37525288e868703a668 0 6851951 0
ae4fa4b3e4ffa37525288e868703a668 0 46217155 1
ae4fa4b3e4ffa37525288e868703a668 0 45156511 0
ae4fa4b3e4ffa37525288e868703a668 0 83637299 1
ae4fa4b3e4ffa37525288e868703a668 0 300926897 0
ae4fa4b3e4ffa37525288e868703a668 0 254107 0
ae4fa4b3e4ffa37525288e868703a668 0 297419267 0
ae4fa4b3e4ffa37525288e868703a668 0 42608281 1
ae4fa4b3e4ffa37525288e868703a668 0 166610594 0
ae4fa4b3e4ffa37525288e868703a668 0 24805992 0
ae4fa4b3e4ffa37525288e868703a668 0 78476768 0
ae4fa4b3e4ffa37525288e868703a668 0 294333941 1
ae4fa4b3e4ffa37525288e868703a668 0 942807 0
ae4fa4b3e4ffa37525288e868703a668 0 300327233 1
ae4fa4b3e4ffa37525288e868703a668 0 157621772 1
ae4fa4b3e4ffa37525288e868703a668 0 295985248 0
ae4fa4b3e4ffa37525288e868703a668 0 285025857 2
ae4fa4b3e4ffa37525288e868703a668 0 58968273 1
ae4fa4b3e4ffa37525288e868703a668 0 42848287 0
ae4fa4b3e4ffa37525288e868703a668 0 51391781 0
ae4fa4b3e4ffa37525288e868703a668 0 42863458 1
ae4fa4b3e4ffa37525288e868703a668 0 291202923 0
ae4fa4b3e4ffa37525288e868703a668 0 302774517 1
ae4fa4b3e4ffa37525288e868703a668 0 17222902 1
ae4fa4b3e4ffa37525288e868703a668 0 17211268 0
ae4fa4b3e4ffa37525288e868703a668 0 80981641 0
ae4fa4b3e4ffa37525288e868703a668 0 163915484 0
ae4fa4b3e4ffa37525288e868703a668 0 58956241 1
ae4fa4b3e4ffa37525288e868703a668 0 153533436 0
deba42a6236611aa30d7bb2ef9427601 0 164660667 2
deba42a6236611aa30d7bb2ef9427601 0 172275207 2
deba42a6236611aa30d7bb2ef9427601 0 290858371 2
deba42a6236611aa30d7bb2ef9427601 0 157785805 2
deba42a6236611aa30d7bb2ef9427601 0 149947516 1
deba42a6236611aa30d7bb2ef9427601 0 127434290 2
deba42a6236611aa30d7bb2ef9427601 0 151599015 2
deba42a6236611aa30d7bb2ef9427601 0 157927323 2
deba42a6236611aa30d7bb2ef9427601 0 160431025 1
deba42a6236611aa30d7bb2ef9427601 0 292972241 2
deba42a6236611aa30d7bb2ef9427601 0 289557813 2
deba42a6236611aa30d7bb2ef9427601 0 138140891 2
deba42a6236611aa30d7bb2ef9427601 0 144840061 2
deba42a6236611aa30d7bb2ef9427601 0 110010551 2
deba42a6236611aa30d7bb2ef9427601 0 150826656 2
deba42a6236611aa30d7bb2ef9427601 0 274010321 2
deba42a6236611aa30d7bb2ef9427601 0 150351988 2
deba42a6236611aa30d7bb2ef9427601 0 157983042 2
deba42a6236611aa30d7bb2ef9427601 0 166778340 0
4a9bc9a79372406264b38f180fbdf242 0 149106166 2
4a9bc9a79372406264b38f180fbdf242 0 291378625 2
4a9bc9a79372406264b38f180fbdf242 0 152342906 2
4a9bc9a79372406264b38f180fbdf242 0 108413653 1
4a9bc9a79372406264b38f180fbdf242 0 293516873 2
4a9bc9a79372406264b38f180fbdf242 0 5219735 0
4a9bc9a79372406264b38f180fbdf242 0 10723010 2
4a9bc9a79372406264b38f180fbdf242 0 289835434 2
4a9bc9a79372406264b38f180fbdf242 0 10917054 1
4a9bc9a79372406264b38f180fbdf242 0 49607580 2
4a9bc9a79372406264b38f180fbdf242 0 70342092 2
4a9bc9a79372406264b38f180fbdf242 0 10907891 0
4a9bc9a79372406264b38f180fbdf242 0 7125843 0
4a9bc9a79372406264b38f180fbdf242 0 302729279 1
4a9bc9a79372406264b38f180fbdf242 0 293520221 2
44e521225789bb4e0a23bd3d8482322b 0 291535151 0
44e521225789bb4e0a23bd3d8482322b 0 78535539 0
44e521225789bb4e0a23bd3d8482322b 0 291412279 0
44e521225789bb4e0a23bd3d8482322b 0 286537378 0
44e521225789bb4e0a23bd3d8482322b 0 289726996 0
44e521225789bb4e0a23bd3d8482322b 0 24803086 0
44e521225789bb4e0a23bd3d8482322b 0 42863614 0
44e521225789bb4e0a23bd3d8482322b 0 18081394 0
44e521225789bb4e0a23bd3d8482322b 0 42844380 0
44e521225789bb4e0a23bd3d8482322b 0 299839252 0
44e521225789bb4e0a23bd3d8482322b 0 28929720 1
44e521225789bb4e0a23bd3d8482322b 0 274812698 1
44e521225789bb4e0a23bd3d8482322b 0 64629861 0
44e521225789bb4e0a23bd3d8482322b 0 78472819 0
44e521225789bb4e0a23bd3d8482322b 0 24740897 0
44e521225789bb4e0a23bd3d8482322b 0 736906 0
44e521225789bb4e0a23bd3d8482322b 0 7308284 0
44e521225789bb4e0a23bd3d8482322b 0 130297187 0
44e521225789bb4e0a23bd3d8482322b 0 134890022 0
44e521225789bb4e0a23bd3d8482322b 0 7195659 2
44e521225789bb4e0a23bd3d8482322b 0 153326592 0
44e521225789bb4e0a23bd3d8482322b 0 5186217 0
44e521225789bb4e0a23bd3d8482322b 0 274709089 1
44e521225789bb4e0a23bd3d8482322b 0 290316247 0
44e521225789bb4e0a23bd3d8482322b 0 24804356 0
44e521225789bb4e0a23bd3d8482322b 0 161003906 0
5abb455852405585be851775b2889f50 0 159143968 0
5abb455852405585be851775b2889f50 0 82247201 0
5abb455852405585be851775b2889f50 0 309666048 0
5abb455852405585be851775b2889f50 0 44656141 0
5abb455852405585be851775b2889f50 0 290007709 0
5abb455852405585be851775b2889f50 0 292262849 2
5abb455852405585be851775b2889f50 0 41537015 0
5abb455852405585be851775b2889f50 0 97212590 0
5abb455852405585be851775b2889f50 0 8878261 0
5abb455852405585be851775b2889f50 0 289584122 0
5abb455852405585be851775b2889f50 0 37877806 0
5abb455852405585be851775b2889f50 0 292166393 0
5abb455852405585be851775b2889f50 0 294919575 0
5abb455852405585be851775b2889f50 0 36500402 0
5abb455852405585be851775b2889f50 0 150903729 0
5abb455852405585be851775b2889f50 0 133706407 0
5abb455852405585be851775b2889f50 0 312844496 0
5abb455852405585be851775b2889f50 0 289555277 0
5abb455852405585be851775b2889f50 0 290477480 1
5abb455852405585be851775b2889f50 0 291588115 1
5abb455852405585be851775b2889f50 0 166702774 0
5abb455852405585be851775b2889f50 0 287190310 0
5abb455852405585be851775b2889f50 0 290297308 0
5abb455852405585be851775b2889f50 0 86036067 0
5abb455852405585be851775b2889f50 0 159285943 0
5abb455852405585be851775b2889f50 0 8256443 0
5abb455852405585be851775b2889f50 0 151595713 0
5abb455852405585be851775b2889f50 0 290039178 0
5abb455852405585be851775b2889f50 0 287122819 0
df24a211285559b6e15848444e8636a4 0 6605125 2
df24a211285559b6e15848444e8636a4 0 302753242 0
df24a211285559b6e15848444e8636a4 0 309681504 2
df24a211285559b6e15848444e8636a4 0 284741667 1
df24a211285559b6e15848444e8636a4 0 132687019 0
df24a211285559b6e15848444e8636a4 0 296415427 1
df24a211285559b6e15848444e8636a4 0 294909029 1
df24a211285559b6e15848444e8636a4 0 78357626 1
df24a211285559b6e15848444e8636a4 0 174847500 2
df24a211285559b6e15848444e8636a4 0 171599758 0
df24a211285559b6e15848444e8636a4 0 28811439 2
df24a211285559b6e15848444e8636a4 0 302708828 1
df24a211285559b6e15848444e8636a4 0 294830976 1
df24a211285559b6e15848444e8636a4 0 303767772 1
df24a211285559b6e15848444e8636a4 0 29557435 2
df24a211285559b6e15848444e8636a4 0 160180629 1
df24a211285559b6e15848444e8636a4 0 155172967 1
df24a211285559b6e15848444e8636a4 0 303315769 1
df24a211285559b6e15848444e8636a4 0 85864398 2
df24a211285559b6e15848444e8636a4 0 289543298 1
df24a211285559b6e15848444e8636a4 0 290846210 2
df24a211285559b6e15848444e8636a4 0 85939958 1
df24a211285559b6e15848444e8636a4 0 42935355 1
df24a211285559b6e15848444e8636a4 0 289704223 2
df24a211285559b6e15848444e8636a4 0 2253027 2
df24a211285559b6e15848444e8636a4 0 299849036 2
df24a211285559b6e15848444e8636a4 0 294115089 2
df24a211285559b6e15848444e8636a4 0 285028800 2
7943fb88b63cdf0a8aaff0b67e709cd6 0 6964497 2
7943fb88b63cdf0a8aaff0b67e709cd6 0 312542238 2
7943fb88b63cdf0a8aaff0b67e709cd6 0 276472042 2
7943fb88b63cdf0a8aaff0b67e709cd6 0 129989054 2
7943fb88b63cdf0a8aaff0b67e709cd6 0 11981122 1
7943fb88b63cdf0a8aaff0b67e709cd6 0 77891086 1
7943fb88b63cdf0a8aaff0b67e709cd6 0 296869817 2
7943fb88b63cdf0a8aaff0b67e709cd6 0 163320790 1
7943fb88b63cdf0a8aaff0b67e709cd6 0 145575459 1
7943fb88b63cdf0a8aaff0b67e709cd6 0 141784260 2
7943fb88b63cdf0a8aaff0b67e709cd6 0 155670453 2
7943fb88b63cdf0a8aaff0b67e709cd6 0 12000415 1
7943fb88b63cdf0a8aaff0b67e709cd6 0 301565626 2
7943fb88b63cdf0a8aaff0b67e709cd6 0 301781183 2
7943fb88b63cdf0a8aaff0b67e709cd6 0 154620953 2
7943fb88b63cdf0a8aaff0b67e709cd6 0 163310090 2
7943fb88b63cdf0a8aaff0b67e709cd6 0 301776713 2
7943fb88b63cdf0a8aaff0b67e709cd6 0 309290834 1
7943fb88b63cdf0a8aaff0b67e709cd6 0 11586405 2
7943fb88b63cdf0a8aaff0b67e709cd6 0 276269228 2
7943fb88b63cdf0a8aaff0b67e709cd6 0 149995101 1
7943fb88b63cdf0a8aaff0b67e709cd6 0 158355971 2
7943fb88b63cdf0a8aaff0b67e709cd6 0 161191644 2
29c96582836735743bd33815ac37ebed 0 42978750 0
29c96582836735743bd33815ac37ebed 0 37979854 0
29c96582836735743bd33815ac37ebed 0 8007568 0
29c96582836735743bd33815ac37ebed 0 159577942 0
29c96582836735743bd33815ac37ebed 0 276428214 0
29c96582836735743bd33815ac37ebed 0 213798 2
29c96582836735743bd33815ac37ebed 0 289557774 0
29c96582836735743bd33815ac37ebed 0 46109144 0
29c96582836735743bd33815ac37ebed 0 43617321 0
29c96582836735743bd33815ac37ebed 0 159579752 0
29c96582836735743bd33815ac37ebed 0 19531331 0
29c96582836735743bd33815ac37ebed 0 51934712 0
29c96582836735743bd33815ac37ebed 0 8017515 0
29c96582836735743bd33815ac37ebed 0 2783597 0
29c96582836735743bd33815ac37ebed 0 121262561 0
29c96582836735743bd33815ac37ebed 0 9186552 0
29c96582836735743bd33815ac37ebed 0 18479109 1
29c96582836735743bd33815ac37ebed 0 24814623 0
848af20b9dd59ffb505b7387b8f5ed02 0 34239928 2
848af20b9dd59ffb505b7387b8f5ed02 0 69823327 2
848af20b9dd59ffb505b7387b8f5ed02 0 152640079 2
848af20b9dd59ffb505b7387b8f5ed02 0 11707033 2
848af20b9dd59ffb505b7387b8f5ed02 0 39644109 2
848af20b9dd59ffb505b7387b8f5ed02 0 14180601 2
848af20b9dd59ffb505b7387b8f5ed02 0 71183376 2
848af20b9dd59ffb505b7387b8f5ed02 0 275884173 2
848af20b9dd59ffb505b7387b8f5ed02 0 120384637 2
848af20b9dd59ffb505b7387b8f5ed02 0 69823183 2
848af20b9dd59ffb505b7387b8f5ed02 0 149927427 2
848af20b9dd59ffb505b7387b8f5ed02 0 146130646 2
848af20b9dd59ffb505b7387b8f5ed02 0 128014220 2
848af20b9dd59ffb505b7387b8f5ed02 0 26695900 2
848af20b9dd59ffb505b7387b8f5ed02 0 63094616 2
848af20b9dd59ffb505b7387b8f5ed02 0 8034261 2
848af20b9dd59ffb505b7387b8f5ed02 0 80070604 2
848af20b9dd59ffb505b7387b8f5ed02 0 127620711 2
848af20b9dd59ffb505b7387b8f5ed02 0 128861810 2
848af20b9dd59ffb505b7387b8f5ed02 0 145728398 2
848af20b9dd59ffb505b7387b8f5ed02 0 70994849 2
848af20b9dd59ffb505b7387b8f5ed02 0 34112857 2
848af20b9dd59ffb505b7387b8f5ed02 0 301771231 2
848af20b9dd59ffb505b7387b8f5ed02 0 145838197 2
848af20b9dd59ffb505b7387b8f5ed02 0 33915677 2
848af20b9dd59ffb505b7387b8f5ed02 0 163240233 0
848af20b9dd59ffb505b7387b8f5ed02 0 58383568 2
848af20b9dd59ffb505b7387b8f5ed02 0 160767507 2
398d7a1b06954e06c82fe75d308fb0b8 0 292913521 2
398d7a1b06954e06c82fe75d308fb0b8 0 168172611 2
398d7a1b06954e06c82fe75d308fb0b8 0 129286105 2
398d7a1b06954e06c82fe75d308fb0b8 0 291499827 2
398d7a1b06954e06c82fe75d308fb0b8 0 132980060 2
398d7a1b06954e06c82fe75d308fb0b8 0 146972265 2
398d7a1b06954e06c82fe75d308fb0b8 0 10102470 2
398d7a1b06954e06c82fe75d308fb0b8 0 38119257 2
398d7a1b06954e06c82fe75d308fb0b8 0 10163152 2
398d7a1b06954e06c82fe75d308fb0b8 0 289893139 2
398d7a1b06954e06c82fe75d308fb0b8 0 291386924 2
398d7a1b06954e06c82fe75d308fb0b8 0 290717388 2
398d7a1b06954e06c82fe75d308fb0b8 0 10912511 2
398d7a1b06954e06c82fe75d308fb0b8 0 289521804 2
398d7a1b06954e06c82fe75d308fb0b8 0 144225833 2
398d7a1b06954e06c82fe75d308fb0b8 0 7748399 2
398d7a1b06954e06c82fe75d308fb0b8 0 297225809 2
398d7a1b06954e06c82fe75d308fb0b8 0 40915798 1
398d7a1b06954e06c82fe75d308fb0b8 0 7947770 0
398d7a1b06954e06c82fe75d308fb0b8 0 8663643 2
92d9229846b5980c7cc0f2fc644e5ee0 0 23075645 2
92d9229846b5980c7cc0f2fc644e5ee0 0 300128360 2
92d9229846b5980c7cc0f2fc644e5ee0 0 6603044 2
92d9229846b5980c7cc0f2fc644e5ee0 0 85850000 1
92d9229846b5980c7cc0f2fc644e5ee0 0 81223236 2
92d9229846b5980c7cc0f2fc644e5ee0 0 9035578 2
92d9229846b5980c7cc0f2fc644e5ee0 0 24720785 2
92d9229846b5980c7cc0f2fc644e5ee0 0 162016802 2
92d9229846b5980c7cc0f2fc644e5ee0 0 14073823 1
92d9229846b5980c7cc0f2fc644e5ee0 0 153555443 2
92d9229846b5980c7cc0f2fc644e5ee0 0 171796356 2
92d9229846b5980c7cc0f2fc644e5ee0 0 46036147 2
92d9229846b5980c7cc0f2fc644e5ee0 0 232915 2
92d9229846b5980c7cc0f2fc644e5ee0 0 149128844 2
92d9229846b5980c7cc0f2fc644e5ee0 0 8376715 2
92d9229846b5980c7cc0f2fc644e5ee0 0 150417079 2
92d9229846b5980c7cc0f2fc644e5ee0 0 6257236 2
92d9229846b5980c7cc0f2fc644e5ee0 0 297129118 2
92d9229846b5980c7cc0f2fc644e5ee0 0 10968353 2
92d9229846b5980c7cc0f2fc644e5ee0 0 298910298 2
92d9229846b5980c7cc0f2fc644e5ee0 0 50541469 2
92d9229846b5980c7cc0f2fc644e5ee0 0 57746774 2
92d9229846b5980c7cc0f2fc644e5ee0 0 30218606 2
646c9d86471ed8171432eb721b3adb7e 0 58977702 2
646c9d86471ed8171432eb721b3adb7e 0 138053421 2
646c9d86471ed8171432eb721b3adb7e 0 108812633 2
646c9d86471ed8171432eb721b3adb7e 0 295985085 2
646c9d86471ed8171432eb721b3adb7e 0 150255280 2
646c9d86471ed8171432eb721b3adb7e 0 149947811 2
646c9d86471ed8171432eb721b3adb7e 0 152398518 2
646c9d86471ed8171432eb721b3adb7e 0 66336588 2
646c9d86471ed8171432eb721b3adb7e 0 161797499 2
646c9d86471ed8171432eb721b3adb7e 0 67751913 2
646c9d86471ed8171432eb721b3adb7e 0 58965159 2
646c9d86471ed8171432eb721b3adb7e 0 40102745 2
646c9d86471ed8171432eb721b3adb7e 0 122690578 2
646c9d86471ed8171432eb721b3adb7e 0 40060137 2
646c9d86471ed8171432eb721b3adb7e 0 8987099 2
646c9d86471ed8171432eb721b3adb7e 0 44764930 2
646c9d86471ed8171432eb721b3adb7e 0 80785859 2
646c9d86471ed8171432eb721b3adb7e 0 9616855 2
646c9d86471ed8171432eb721b3adb7e 0 28658120 2
646c9d86471ed8171432eb721b3adb7e 0 75776538 2
646c9d86471ed8171432eb721b3adb7e 0 89625885 2
646c9d86471ed8171432eb721b3adb7e 0 293341550 2
646c9d86471ed8171432eb721b3adb7e 0 44596274 2
646c9d86471ed8171432eb721b3adb7e 0 174741023 2
646c9d86471ed8171432eb721b3adb7e 0 305562393 2
646c9d86471ed8171432eb721b3adb7e 0 58972847 2
34a6e05ec6153658893268ee9b6d215e 0 8030837 1
34a6e05ec6153658893268ee9b6d215e 0 52893393 2
34a6e05ec6153658893268ee9b6d215e 0 122243138 2
34a6e05ec6153658893268ee9b6d215e 0 70340520 2
34a6e05ec6153658893268ee9b6d215e 0 171822074 1
34a6e05ec6153658893268ee9b6d215e 0 77878216 2
34a6e05ec6153658893268ee9b6d215e 0 291883997 1
34a6e05ec6153658893268ee9b6d215e 0 63318903 1
34a6e05ec6153658893268ee9b6d215e 0 84836365 1
34a6e05ec6153658893268ee9b6d215e 0 18757266 0
34a6e05ec6153658893268ee9b6d215e 0 42880823 0
34a6e05ec6153658893268ee9b6d215e 0 8363694 2
34a6e05ec6153658893268ee9b6d215e 0 126362367 2
34a6e05ec6153658893268ee9b6d215e 0 26561826 2
34a6e05ec6153658893268ee9b6d215e 0 134446132 2
34a6e05ec6153658893268ee9b6d215e 0 72018772 0
34a6e05ec6153658893268ee9b6d215e 0 58830125 0
34a6e05ec6153658893268ee9b6d215e 0 69374506 1
34a6e05ec6153658893268ee9b6d215e 0 17541980 0
34a6e05ec6153658893268ee9b6d215e 0 148415265 2
34a6e05ec6153658893268ee9b6d215e 0 135361282 1
34a6e05ec6153658893268ee9b6d215e 0 43737759 2
34a6e05ec6153658893268ee9b6d215e 0 31124417 1
c29788eafcbbd45047a08b5cd1c24db4 0 39150819 2
c29788eafcbbd45047a08b5cd1c24db4 0 74947351 2
c29788eafcbbd45047a08b5cd1c24db4 0 300356024 2
c29788eafcbbd45047a08b5cd1c24db4 0 289852512 2
c29788eafcbbd45047a08b5cd1c24db4 0 79334013 2
c29788eafcbbd45047a08b5cd1c24db4 0 70341095 2
c29788eafcbbd45047a08b5cd1c24db4 0 9847384 2
c29788eafcbbd45047a08b5cd1c24db4 0 121307696 2
c29788eafcbbd45047a08b5cd1c24db4 0 39151065 2
c29788eafcbbd45047a08b5cd1c24db4 0 8362760 2
c29788eafcbbd45047a08b5cd1c24db4 0 158309865 2
c29788eafcbbd45047a08b5cd1c24db4 0 5179129 0
c29788eafcbbd45047a08b5cd1c24db4 0 36826930 2
c29788eafcbbd45047a08b5cd1c24db4 0 9824905 2
c29788eafcbbd45047a08b5cd1c24db4 0 25053103 2
9e21fdce73c6f386719a89673e448490 0 170269021 2
9e21fdce73c6f386719a89673e448490 0 24065182 2
9e21fdce73c6f386719a89673e448490 0 139791665 2
9e21fdce73c6f386719a89673e448490 0 59177760 2
9e21fdce73c6f386719a89673e448490 0 43933713 2
9e21fdce73c6f386719a89673e448490 0 170570901 0
9e21fdce73c6f386719a89673e448490 0 142108541 2
9e21fdce73c6f386719a89673e448490 0 13643438 2
9e21fdce73c6f386719a89673e448490 0 780469 1
9e21fdce73c6f386719a89673e448490 0 46620820 2
9e21fdce73c6f386719a89673e448490 0 17810685 2
9e21fdce73c6f386719a89673e448490 0 102741909 1
9e21fdce73c6f386719a89673e448490 0 160707873 1
9e21fdce73c6f386719a89673e448490 0 268597050 2
9e21fdce73c6f386719a89673e448490 0 151795879 2
9e21fdce73c6f386719a89673e448490 0 3693360 2
9e21fdce73c6f386719a89673e448490 0 136942300 2
9e21fdce73c6f386719a89673e448490 0 18023266 1
9e21fdce73c6f386719a89673e448490 0 17794209 2
9e21fdce73c6f386719a89673e448490 0 2462612 2
9e21fdce73c6f386719a89673e448490 0 158745115 2
9e21fdce73c6f386719a89673e448490 0 60764258 2
9e21fdce73c6f386719a89673e448490 0 156827668 0
9e21fdce73c6f386719a89673e448490 0 58826417 2
9e21fdce73c6f386719a89673e448490 0 17826623 2
9e21fdce73c6f386719a89673e448490 0 19299514 2
ef3ddfa96d252a408f89cc5c977464e4 0 11871827 0
ef3ddfa96d252a408f89cc5c977464e4 0 274801276 1
ef3ddfa96d252a408f89cc5c977464e4 0 46226857 0
ef3ddfa96d252a408f89cc5c977464e4 0 275582132 2
ef3ddfa96d252a408f89cc5c977464e4 0 18494033 0
ef3ddfa96d252a408f89cc5c977464e4 0 276185270 0
ef3ddfa96d252a408f89cc5c977464e4 0 290060118 1
ef3ddfa96d252a408f89cc5c977464e4 0 274849374 0
ef3ddfa96d252a408f89cc5c977464e4 0 161546432 0
ef3ddfa96d252a408f89cc5c977464e4 0 128990145 1
ef3ddfa96d252a408f89cc5c977464e4 0 162217283 2
ef3ddfa96d252a408f89cc5c977464e4 0 290571467 2
ef3ddfa96d252a408f89cc5c977464e4 0 274997018 1
ef3ddfa96d252a408f89cc5c977464e4 0 130822413 2
ef3ddfa96d252a408f89cc5c977464e4 0 44141605 0
ef3ddfa96d252a408f89cc5c977464e4 0 303973546 0
ef3ddfa96d252a408f89cc5c977464e4 0 301221546 0
ef3ddfa96d252a408f89cc5c977464e4 0 172682058 2
ef3ddfa96d252a408f89cc5c977464e4 0 127302711 0
ef3ddfa96d252a408f89cc5c977464e4 0 77692197 0
ef3ddfa96d252a408f89cc5c977464e4 0 24761187 0
ef3ddfa96d252a408f89cc5c977464e4 0 312479971 0
ef3ddfa96d252a408f89cc5c977464e4 0 291445970 1
ef3ddfa96d252a408f89cc5c977464e4 0 70959048 0
ef3ddfa96d252a408f89cc5c977464e4 0 153350211 0
ef3ddfa96d252a408f89cc5c977464e4 0 149557587 0
ef3ddfa96d252a408f89cc5c977464e4 0 296706301 0
ef3ddfa96d252a408f89cc5c977464e4 0 33414804 0
ef3ddfa96d252a408f89cc5c977464e4 0 153807041 1
ef3ddfa96d252a408f89cc5c977464e4 0 292562632 0
cd2b336755998f560cce71bc0a6fb1a4 0 2975800 2
cd2b336755998f560cce71bc0a6fb1a4 0 17595587 2
cd2b336755998f560cce71bc0a6fb1a4 0 19211844 2
cd2b336755998f560cce71bc0a6fb1a4 0 2752176 2
cd2b336755998f560cce71bc0a6fb1a4 0 18576975 2
cd2b336755998f560cce71bc0a6fb1a4 0 66790546 1
cd2b336755998f560cce71bc0a6fb1a4 0 295550155 2
cd2b336755998f560cce71bc0a6fb1a4 0 310797185 2
cd2b336755998f560cce71bc0a6fb1a4 0 293790103 2
cd2b336755998f560cce71bc0a6fb1a4 0 8035749 2
cd2b336755998f560cce71bc0a6fb1a4 0 18025079 2
cd2b336755998f560cce71bc0a6fb1a4 0 28943409 2
cd2b336755998f560cce71bc0a6fb1a4 0 2580731 2
cd2b336755998f560cce71bc0a6fb1a4 0 36991600 2
cd2b336755998f560cce71bc0a6fb1a4 0 7565148 2
cd2b336755998f560cce71bc0a6fb1a4 0 54022822 2
cd2b336755998f560cce71bc0a6fb1a4 0 171663355 2
cd2b336755998f560cce71bc0a6fb1a4 0 43689367 2
cd2b336755998f560cce71bc0a6fb1a4 0 2858544 2
cd2b336755998f560cce71bc0a6fb1a4 0 18698532 2
cd2b336755998f560cce71bc0a6fb1a4 0 37001704 2
cd2b336755998f560cce71bc0a6fb1a4 0 36984122 2
cd2b336755998f560cce71bc0a6fb1a4 0 59387073 2
cd2b336755998f560cce71bc0a6fb1a4 0 54445842 2
cd2b336755998f560cce71bc0a6fb1a4 0 274928757 2
cd2b336755998f560cce71bc0a6fb1a4 0 175044179 2
cd2b336755998f560cce71bc0a6fb1a4 0 2500856 2
cd2b336755998f560cce71bc0a6fb1a4 0 134998958 2
cd2b336755998f560cce71bc0a6fb1a4 0 144555 2
0232d2be72b1ea33504cd2481b591bad 0 77785405 2
0232d2be72b1ea33504cd2481b591bad 0 3004013 2
0232d2be72b1ea33504cd2481b591bad 0 173703835 2
0232d2be72b1ea33504cd2481b591bad 0 25514442 1
0232d2be72b1ea33504cd2481b591bad 0 4228930 2
0232d2be72b1ea33504cd2481b591bad 0 37998735 2
0232d2be72b1ea33504cd2481b591bad 0 2611925 2
0232d2be72b1ea33504cd2481b591bad 0 66005277 2
0232d2be72b1ea33504cd2481b591bad 0 298327589 2
0232d2be72b1ea33504cd2481b591bad 0 302750230 2
0232d2be72b1ea33504cd2481b591bad 0 292680490 2
0232d2be72b1ea33504cd2481b591bad 0 60759888 2
0232d2be72b1ea33504cd2481b591bad 0 62566961 2
0232d2be72b1ea33504cd2481b591bad 0 363286 1
0232d2be72b1ea33504cd2481b591bad 0 2465947 1
0232d2be72b1ea33504cd2481b591bad 0 291521659 2
0232d2be72b1ea33504cd2481b591bad 0 18578810 2
0232d2be72b1ea33504cd2481b591bad 0 138197716 2
0232d2be72b1ea33504cd2481b591bad 0 303324316 2
0232d2be72b1ea33504cd2481b591bad 0 276764053 1
0232d2be72b1ea33504cd2481b591bad 0 2958168 2
0232d2be72b1ea33504cd2481b591bad 0 2926275 1
0232d2be72b1ea33504cd2481b591bad 0 39123188 2
0232d2be72b1ea33504cd2481b591bad 0 291437163 2
dafa6a7621584029946f9a95e63d8f86 0 4005957 1
dafa6a7621584029946f9a95e63d8f86 0 80152853 2
dafa6a7621584029946f9a95e63d8f86 0 291386892 2
dafa6a7621584029946f9a95e63d8f86 0 168506792 0
dafa6a7621584029946f9a95e63d8f86 0 291802720 0
dafa6a7621584029946f9a95e63d8f86 0 274111652 1
dafa6a7621584029946f9a95e63d8f86 0 302753885 2
dafa6a7621584029946f9a95e63d8f86 0 144712597 0
dafa6a7621584029946f9a95e63d8f86 0 289543317 1
dafa6a7621584029946f9a95e63d8f86 0 276253720 2
dafa6a7621584029946f9a95e63d8f86 0 9039806 2
dafa6a7621584029946f9a95e63d8f86 0 299196547 2
dafa6a7621584029946f9a95e63d8f86 0 290850315 1
dafa6a7621584029946f9a95e63d8f86 0 303322350 1
dafa6a7621584029946f9a95e63d8f86 0 303172991 0
dafa6a7621584029946f9a95e63d8f86 0 302738182 2
dafa6a7621584029946f9a95e63d8f86 0 292618273 2
dafa6a7621584029946f9a95e63d8f86 0 290755718 0
dafa6a7621584029946f9a95e63d8f86 0 311040245 2
dafa6a7621584029946f9a95e63d8f86 0 10261383 2
dafa6a7621584029946f9a95e63d8f86 0 1172693 1
dafa6a7621584029946f9a95e63d8f86 0 36383727 2
dafa6a7621584029946f9a95e63d8f86 0 310552089 0
dafa6a7621584029946f9a95e63d8f86 0 170426790 2
dafa6a7621584029946f9a95e63d8f86 0 290461071 2
dafa6a7621584029946f9a95e63d8f86 0 290054431 2
67ba401678e3c6f78822c5a2f3603655 0 33897704 2
67ba401678e3c6f78822c5a2f3603655 0 310158018 2
67ba401678e3c6f78822c5a2f3603655 0 290881038 1
67ba401678e3c6f78822c5a2f3603655 0 291397769 2
67ba401678e3c6f78822c5a2f3603655 0 6903987 2
67ba401678e3c6f78822c5a2f3603655 0 158159365 2
67ba401678e3c6f78822c5a2f3603655 0 85774884 1
67ba401678e3c6f78822c5a2f3603655 0 276606321 2
67ba401678e3c6f78822c5a2f3603655 0 291410927 2
67ba401678e3c6f78822c5a2f3603655 0 165088779 2
67ba401678e3c6f78822c5a2f3603655 0 454349 2
67ba401678e3c6f78822c5a2f3603655 0 21882002 2
67ba401678e3c6f78822c5a2f3603655 0 145431435 2
67ba401678e3c6f78822c5a2f3603655 0 290103151 2
67ba401678e3c6f78822c5a2f3603655 0 52403909 2
67ba401678e3c6f78822c5a2f3603655 0 291383589 2
67ba401678e3c6f78822c5a2f3603655 0 146628850 2
67ba401678e3c6f78822c5a2f3603655 0 275751947 1
67ba401678e3c6f78822c5a2f3603655 0 62531695 2
67ba401678e3c6f78822c5a2f3603655 0 150452964 2
67ba401678e3c6f78822c5a2f3603655 0 27321629 2
67ba401678e3c6f78822c5a2f3603655 0 19738638 2
67ba401678e3c6f78822c5a2f3603655 0 44139849 2
67ba401678e3c6f78822c5a2f3603655 0 290091735 2
25cb193d5dcc97ac418d58dc668648db 0 17810091 2
25cb193d5dcc97ac418d58dc668648db 0 126345413 2
25cb193d5dcc97ac418d58dc668648db 0 166748840 2
25cb193d5dcc97ac418d58dc668648db 0 10891639 2
25cb193d5dcc97ac418d58dc668648db 0 139953891 2
25cb193d5dcc97ac418d58dc668648db 0 58964580 2
25cb193d5dcc97ac418d58dc668648db 0 168177144 2
25cb193d5dcc97ac418d58dc668648db 0 10870857 2
25cb193d5dcc97ac418d58dc668648db 0 157088595 2
25cb193d5dcc97ac418d58dc668648db 0 7293674 2
25cb193d5dcc97ac418d58dc668648db 0 294828088 2
25cb193d5dcc97ac418d58dc668648db 0 137041511 2
25cb193d5dcc97ac418d58dc668648db 0 8548956 2
25cb193d5dcc97ac418d58dc668648db 0 156564080 2
25cb193d5dcc97ac418d58dc668648db 0 45418596 2
25cb193d5dcc97ac418d58dc668648db 0 139955500 2
3fb37f11fe7ce75db465d18b9cc0705c 0 36996062 0
3fb37f11fe7ce75db465d18b9cc0705c 0 98987353 0
3fb37f11fe7ce75db465d18b9cc0705c 0 39857836 0
3fb37f11fe7ce75db465d18b9cc0705c 0 293897130 0
3fb37f11fe7ce75db465d18b9cc0705c 0 289489645 1
3fb37f11fe7ce75db465d18b9cc0705c 0 293339784 2
3fb37f11fe7ce75db465d18b9cc0705c 0 39408514 0
3fb37f11fe7ce75db465d18b9cc0705c 0 303998378 0
3fb37f11fe7ce75db465d18b9cc0705c 0 313966374 0
3fb37f11fe7ce75db465d18b9cc0705c 0 289491539 1
3fb37f11fe7ce75db465d18b9cc0705c 0 293897076 0
3fb37f11fe7ce75db465d18b9cc0705c 0 293026912 0
3fb37f11fe7ce75db465d18b9cc0705c 0 313095164 0
3fb37f11fe7ce75db465d18b9cc0705c 0 291449803 0
3fb37f11fe7ce75db465d18b9cc0705c 0 291471491 0
3fb37f11fe7ce75db465d18b9cc0705c 0 36987572 0
3fb37f11fe7ce75db465d18b9cc0705c 0 36992946 0
3fb37f11fe7ce75db465d18b9cc0705c 0 301274528 0
3fb37f11fe7ce75db465d18b9cc0705c 0 294505058 0
3fb37f11fe7ce75db465d18b9cc0705c 0 268349292 1
3fb37f11fe7ce75db465d18b9cc0705c 0 294406415 0
3fb37f11fe7ce75db465d18b9cc0705c 0 294504993 0
3fb37f11fe7ce75db465d18b9cc0705c 0 36997833 0
3fb37f11fe7ce75db465d18b9cc0705c 0 54740289 0
3fb37f11fe7ce75db465d18b9cc0705c 0 11778845 0
3fb37f11fe7ce75db465d18b9cc0705c 0 75187751 0
3fb37f11fe7ce75db465d18b9cc0705c 0 289491987 1
3fb37f11fe7ce75db465d18b9cc0705c 0 291403640 0
3fb37f11fe7ce75db465d18b9cc0705c 0 37005408 0
3fb37f11fe7ce75db465d18b9cc0705c 0 289491673 0
42c8c24fcf4a66dc6ce61d46a732eafd 0 39833459 2
42c8c24fcf4a66dc6ce61d46a732eafd 0 39833700 1
42c8c24fcf4a66dc6ce61d46a732eafd 0 71346441 1
42c8c24fcf4a66dc6ce61d46a732eafd 0 134995639 2
42c8c24fcf4a66dc6ce61d46a732eafd 0 4410983 1
42c8c24fcf4a66dc6ce61d46a732eafd 0 8112411 2
42c8c24fcf4a66dc6ce61d46a732eafd 0 287294532 2
42c8c24fcf4a66dc6ce61d46a732eafd 0 291594756 2
42c8c24fcf4a66dc6ce61d46a732eafd 0 26901770 1
42c8c24fcf4a66dc6ce61d46a732eafd 0 18095816 2
42c8c24fcf4a66dc6ce61d46a732eafd 0 15108344 2
42c8c24fcf4a66dc6ce61d46a732eafd 0 8152951 2
42c8c24fcf4a66dc6ce61d46a732eafd 0 100766157 2
42c8c24fcf4a66dc6ce61d46a732eafd 0 258268 2
42c8c24fcf4a66dc6ce61d46a732eafd 0 156107943 2
42c8c24fcf4a66dc6ce61d46a732eafd 0 286534109 2
42c8c24fcf4a66dc6ce61d46a732eafd 0 70000508 2
5432516c146400806a7fac5fc8b2a851 0 303962086 0
5432516c146400806a7fac5fc8b2a851 0 286641634 0
5432516c146400806a7fac5fc8b2a851 0 292276043 0
5432516c146400806a7fac5fc8b2a851 0 163227106 0
5432516c146400806a7fac5fc8b2a851 0 302744307 0
5432516c146400806a7fac5fc8b2a851 0 293789892 1
5432516c146400806a7fac5fc8b2a851 0 8733867 0
5432516c146400806a7fac5fc8b2a851 0 291389262 0
5432516c146400806a7fac5fc8b2a851 0 10895632 0
5432516c146400806a7fac5fc8b2a851 0 149682004 0
5432516c146400806a7fac5fc8b2a851 0 58782456 0
5432516c146400806a7fac5fc8b2a851 0 157249133 0
5432516c146400806a7fac5fc8b2a851 0 85977630 0
5432516c146400806a7fac5fc8b2a851 0 36367241 0
5432516c146400806a7fac5fc8b2a851 0 143684069 0
5432516c146400806a7fac5fc8b2a851 0 290091906 0
5432516c146400806a7fac5fc8b2a851 0 290454646 0
5432516c146400806a7fac5fc8b2a851 0 291403729 0
5432516c146400806a7fac5fc8b2a851 0 284056351 0
5432516c146400806a7fac5fc8b2a851 0 85210693 0
5432516c146400806a7fac5fc8b2a851 0 165067159 0
5432516c146400806a7fac5fc8b2a851 0 303667386 0
5432516c146400806a7fac5fc8b2a851 0 61846528 0
5432516c146400806a7fac5fc8b2a851 0 304827477 0
5432516c146400806a7fac5fc8b2a851 0 8363485 0
5432516c146400806a7fac5fc8b2a851 0 18611432 0
545dbbdbfeb1d3b0e09f9f5db594b734 0 130387824 2
545dbbdbfeb1d3b0e09f9f5db594b734 0 12042269 2
545dbbdbfeb1d3b0e09f9f5db594b734 0 122823936 1
545dbbdbfeb1d3b0e09f9f5db594b734 0 10951976 1
545dbbdbfeb1d3b0e09f9f5db594b734 0 46647857 0
545dbbdbfeb1d3b0e09f9f5db594b734 0 78556292 1
545dbbdbfeb1d3b0e09f9f5db594b734 0 70581087 1
545dbbdbfeb1d3b0e09f9f5db594b734 0 9782957 2
545dbbdbfeb1d3b0e09f9f5db594b734 0 25144992 1
545dbbdbfeb1d3b0e09f9f5db594b734 0 170947917 1
545dbbdbfeb1d3b0e09f9f5db594b734 0 7122779 1
545dbbdbfeb1d3b0e09f9f5db594b734 0 9163989 2
545dbbdbfeb1d3b0e09f9f5db594b734 0 11700117 0
545dbbdbfeb1d3b0e09f9f5db594b734 0 9845380 2
545dbbdbfeb1d3b0e09f9f5db594b734 0 8701863 1
545dbbdbfeb1d3b0e09f9f5db594b734 0 11724921 2
545dbbdbfeb1d3b0e09f9f5db594b734 0 301738932 2
545dbbdbfeb1d3b0e09f9f5db594b734 0 50719770 0
545dbbdbfeb1d3b0e09f9f5db594b734 0 291378253 2
545dbbdbfeb1d3b0e09f9f5db594b734 0 302774860 1
545dbbdbfeb1d3b0e09f9f5db594b734 0 70301379 1
545dbbdbfeb1d3b0e09f9f5db594b734 0 46147373 0
545dbbdbfeb1d3b0e09f9f5db594b734 0 145138050 2
545dbbdbfeb1d3b0e09f9f5db594b734 0 165130091 1
545dbbdbfeb1d3b0e09f9f5db594b734 0 157154481 2
949bf1f276a13d297105d8845b540e3c 0 46036961 2
949bf1f276a13d297105d8845b540e3c 0 129371817 2
949bf1f276a13d297105d8845b540e3c 0 19736158 0
949bf1f276a13d297105d8845b540e3c 0 132674201 1
949bf1f276a13d297105d8845b540e3c 0 33897704 0
949bf1f276a13d297105d8845b540e3c 0 235201667 0
949bf1f276a13d297105d8845b540e3c 0 133887093 1
949bf1f276a13d297105d8845b540e3c 0 6903987 1
949bf1f276a13d297105d8845b540e3c 0 38632433 1
949bf1f276a13d297105d8845b540e3c 0 85774884 0
949bf1f276a13d297105d8845b540e3c 0 140275219 1
949bf1f276a13d297105d8845b540e3c 0 169005884 0
949bf1f276a13d297105d8845b540e3c 0 158150535 0
949bf1f276a13d297105d8845b540e3c 0 29538963 0
949bf1f276a13d297105d8845b540e3c 0 290103151 1
949bf1f276a13d297105d8845b540e3c 0 235201734 0
949bf1f276a13d297105d8845b540e3c 0 6838148 0
949bf1f276a13d297105d8845b540e3c 0 27321629 0
949bf1f276a13d297105d8845b540e3c 0 168116645 2
949bf1f276a13d297105d8845b540e3c 0 19738638 0
949bf1f276a13d297105d8845b540e3c 0 121208642 1
949bf1f276a13d297105d8845b540e3c 0 135463583 1
949bf1f276a13d297105d8845b540e3c 0 40192206 0
949bf1f276a13d297105d8845b540e3c 0 301797996 0
949bf1f276a13d297105d8845b540e3c 0 149305153 1
930c689b13d81ced46274d30601918a7 0 305513459 2
930c689b13d81ced46274d30601918a7 0 291399085 2
930c689b13d81ced46274d30601918a7 0 291439423 2
930c689b13d81ced46274d30601918a7 0 169312568 2
930c689b13d81ced46274d30601918a7 0 148239271 2
930c689b13d81ced46274d30601918a7 0 294918981 2
930c689b13d81ced46274d30601918a7 0 301687859 2
930c689b13d81ced46274d30601918a7 0 155650960 2
930c689b13d81ced46274d30601918a7 0 6957626 1
930c689b13d81ced46274d30601918a7 0 302971892 2
930c689b13d81ced46274d30601918a7 0 154685197 2
930c689b13d81ced46274d30601918a7 0 148377597 2
930c689b13d81ced46274d30601918a7 0 8038730 2
930c689b13d81ced46274d30601918a7 0 301687842 2
930c689b13d81ced46274d30601918a7 0 290848269 1
930c689b13d81ced46274d30601918a7 0 276432277 1
930c689b13d81ced46274d30601918a7 0 122211293 2
930c689b13d81ced46274d30601918a7 0 294919423 2
9e47d2c8342a22a8f19be414d9f10c33 0 126978101 2
9e47d2c8342a22a8f19be414d9f10c33 0 158170170 2
9e47d2c8342a22a8f19be414d9f10c33 0 153539303 1
9e47d2c8342a22a8f19be414d9f10c33 0 152348341 2
9e47d2c8342a22a8f19be414d9f10c33 0 301421618 2
9e47d2c8342a22a8f19be414d9f10c33 0 297014897 2
9e47d2c8342a22a8f19be414d9f10c33 0 293467546 2
9e47d2c8342a22a8f19be414d9f10c33 0 108284005 1
9e47d2c8342a22a8f19be414d9f10c33 0 148517737 2
9e47d2c8342a22a8f19be414d9f10c33 0 63045711 1
9e47d2c8342a22a8f19be414d9f10c33 0 287358109 2
9e47d2c8342a22a8f19be414d9f10c33 0 85392863 1
9e47d2c8342a22a8f19be414d9f10c33 0 292478348 1
9e47d2c8342a22a8f19be414d9f10c33 0 293800396 2
9e47d2c8342a22a8f19be414d9f10c33 0 135767946 2
9e47d2c8342a22a8f19be414d9f10c33 0 123389715 2
9e47d2c8342a22a8f19be414d9f10c33 0 122704990 2
9e47d2c8342a22a8f19be414d9f10c33 0 124571900 1
9e47d2c8342a22a8f19be414d9f10c33 0 291438434 2
9e47d2c8342a22a8f19be414d9f10c33 0 136646600 1
9e47d2c8342a22a8f19be414d9f10c33 0 45243956 2
9e47d2c8342a22a8f19be414d9f10c33 0 158742959 2
9e47d2c8342a22a8f19be414d9f10c33 0 305480843 2
9e47d2c8342a22a8f19be414d9f10c33 0 148231524 2
9e47d2c8342a22a8f19be414d9f10c33 0 297770564 2
9e47d2c8342a22a8f19be414d9f10c33 0 64072371 2
71d9a4b88d17a62c956686dfb02a01fe 0 2717345 2
71d9a4b88d17a62c956686dfb02a01fe 0 2706199 2
71d9a4b88d17a62c956686dfb02a01fe 0 6242695 2
71d9a4b88d17a62c956686dfb02a01fe 0 291417489 2
71d9a4b88d17a62c956686dfb02a01fe 0 292684141 2
71d9a4b88d17a62c956686dfb02a01fe 0 313460889 2
71d9a4b88d17a62c956686dfb02a01fe 0 308882411 2
71d9a4b88d17a62c956686dfb02a01fe 0 6254411 2
71d9a4b88d17a62c956686dfb02a01fe 0 19213496 2
71d9a4b88d17a62c956686dfb02a01fe 0 294934306 2
71d9a4b88d17a62c956686dfb02a01fe 0 2716578 2
71d9a4b88d17a62c956686dfb02a01fe 0 291594759 2
71d9a4b88d17a62c956686dfb02a01fe 0 44009989 1
71d9a4b88d17a62c956686dfb02a01fe 0 26263434 2
71d9a4b88d17a62c956686dfb02a01fe 0 51394525 2
71d9a4b88d17a62c956686dfb02a01fe 0 297431201 2
71d9a4b88d17a62c956686dfb02a01fe 0 168295478 2
71d9a4b88d17a62c956686dfb02a01fe 0 168526535 2
71d9a4b88d17a62c956686dfb02a01fe 0 308887684 2
71d9a4b88d17a62c956686dfb02a01fe 0 148908275 2
71d9a4b88d17a62c956686dfb02a01fe 0 7796868 2
71d9a4b88d17a62c956686dfb02a01fe 0 2851288 2
71d9a4b88d17a62c956686dfb02a01fe 0 2717393 2
71d9a4b88d17a62c956686dfb02a01fe 0 2640292 2
71d9a4b88d17a62c956686dfb02a01fe 0 228020363 2
71d9a4b88d17a62c956686dfb02a01fe 0 46756458 2
71d9a4b88d17a62c956686dfb02a01fe 0 8788868 2
c3d39be1a3633d49008261165f6058b6 0 293366368 2
c3d39be1a3633d49008261165f6058b6 0 108419808 2
c3d39be1a3633d49008261165f6058b6 0 163314769 2
c3d39be1a3633d49008261165f6058b6 0 7796660 2
c3d39be1a3633d49008261165f6058b6 0 44881901 2
c3d39be1a3633d49008261165f6058b6 0 295660868 2
c3d39be1a3633d49008261165f6058b6 0 149556923 2
c3d39be1a3633d49008261165f6058b6 0 157760460 2
c3d39be1a3633d49008261165f6058b6 0 14041327 2
c3d39be1a3633d49008261165f6058b6 0 122339345 2
c3d39be1a3633d49008261165f6058b6 0 143547502 2
c3d39be1a3633d49008261165f6058b6 0 289557060 2
c3d39be1a3633d49008261165f6058b6 0 153795800 2
c3d39be1a3633d49008261165f6058b6 0 78472507 2
c3d39be1a3633d49008261165f6058b6 0 122359593 2
c3d39be1a3633d49008261165f6058b6 0 128490926 2
c3d39be1a3633d49008261165f6058b6 0 68376414 2
c3d39be1a3633d49008261165f6058b6 0 143426812 2
c3d39be1a3633d49008261165f6058b6 0 75610644 1
c3d39be1a3633d49008261165f6058b6 0 47798982 1
c3d39be1a3633d49008261165f6058b6 0 10929562 2
b60636e15cd1e6f73ecf034caaef6fc3 0 50060246 2
b60636e15cd1e6f73ecf034caaef6fc3 0 301750854 2
b60636e15cd1e6f73ecf034caaef6fc3 0 166045338 2
b60636e15cd1e6f73ecf034caaef6fc3 0 74258612 2
b60636e15cd1e6f73ecf034caaef6fc3 0 36390429 2
b60636e15cd1e6f73ecf034caaef6fc3 0 167816911 2
b60636e15cd1e6f73ecf034caaef6fc3 0 150664873 2
b60636e15cd1e6f73ecf034caaef6fc3 0 9032267 2
b60636e15cd1e6f73ecf034caaef6fc3 0 8848233 2
b60636e15cd1e6f73ecf034caaef6fc3 0 14296421 2
b60636e15cd1e6f73ecf034caaef6fc3 0 1252467 2
b60636e15cd1e6f73ecf034caaef6fc3 0 62921540 2
b60636e15cd1e6f73ecf034caaef6fc3 0 154834771 2
b60636e15cd1e6f73ecf034caaef6fc3 0 67736403 2
b60636e15cd1e6f73ecf034caaef6fc3 0 14308327 2
b60636e15cd1e6f73ecf034caaef6fc3 0 3940790 2
b60636e15cd1e6f73ecf034caaef6fc3 0 37323255 2
b60636e15cd1e6f73ecf034caaef6fc3 0 8990669 2
b60636e15cd1e6f73ecf034caaef6fc3 0 8015780 2
b60636e15cd1e6f73ecf034caaef6fc3 0 3803099 2
b60636e15cd1e6f73ecf034caaef6fc3 0 7139190 2
0cdffb4b75ae8f8d562c11598dca0375 0 159489965 2
0cdffb4b75ae8f8d562c11598dca0375 0 17794479 2
0cdffb4b75ae8f8d562c11598dca0375 0 45939024 1
0cdffb4b75ae8f8d562c11598dca0375 0 45939025 2
0cdffb4b75ae8f8d562c11598dca0375 0 19215298 1
0cdffb4b75ae8f8d562c11598dca0375 0 161892276 1
0cdffb4b75ae8f8d562c11598dca0375 0 2582526 1
0cdffb4b75ae8f8d562c11598dca0375 0 36985010 2
0cdffb4b75ae8f8d562c11598dca0375 0 304835479 2
0cdffb4b75ae8f8d562c11598dca0375 0 10431188 2
0cdffb4b75ae8f8d562c11598dca0375 0 5118899 1
0cdffb4b75ae8f8d562c11598dca0375 0 7089774 2
0cdffb4b75ae8f8d562c11598dca0375 0 6706986 2
0cdffb4b75ae8f8d562c11598dca0375 0 127082872 2
0cdffb4b75ae8f8d562c11598dca0375 0 292773279 2
0cdffb4b75ae8f8d562c11598dca0375 0 8032047 2
0cdffb4b75ae8f8d562c11598dca0375 0 83230 2
0cdffb4b75ae8f8d562c11598dca0375 0 139956848 2
0cdffb4b75ae8f8d562c11598dca0375 0 290345448 2
0cdffb4b75ae8f8d562c11598dca0375 0 41075431 2
0cdffb4b75ae8f8d562c11598dca0375 0 300358197 2
0cdffb4b75ae8f8d562c11598dca0375 0 298712020 2
0cdffb4b75ae8f8d562c11598dca0375 0 154994108 2
0cdffb4b75ae8f8d562c11598dca0375 0 141211629 2
0cdffb4b75ae8f8d562c11598dca0375 0 156804847 2
0cdffb4b75ae8f8d562c11598dca0375 0 313019392 2
0cdffb4b75ae8f8d562c11598dca0375 0 301688035 2
0cdffb4b75ae8f8d562c11598dca0375 0 126165935 2
5fcf8eb1af05248be1503e13e8940abf 0 41030016 0
5fcf8eb1af05248be1503e13e8940abf 0 303197064 0
5fcf8eb1af05248be1503e13e8940abf 0 77566228 0
5fcf8eb1af05248be1503e13e8940abf 0 303324212 0
5fcf8eb1af05248be1503e13e8940abf 0 293900943 0
5fcf8eb1af05248be1503e13e8940abf 0 291435237 0
5fcf8eb1af05248be1503e13e8940abf 0 85866016 2
5fcf8eb1af05248be1503e13e8940abf 0 274710501 1
5fcf8eb1af05248be1503e13e8940abf 0 289703850 0
5fcf8eb1af05248be1503e13e8940abf 0 291381969 0
5fcf8eb1af05248be1503e13e8940abf 0 85861168 0
5fcf8eb1af05248be1503e13e8940abf 0 46222789 0
5fcf8eb1af05248be1503e13e8940abf 0 85866862 1
5fcf8eb1af05248be1503e13e8940abf 0 37398041 0
5fcf8eb1af05248be1503e13e8940abf 0 85869806 1
5fcf8eb1af05248be1503e13e8940abf 0 165093898 0
5fcf8eb1af05248be1503e13e8940abf 0 292279646 0
5fcf8eb1af05248be1503e13e8940abf 0 287280165 0
5fcf8eb1af05248be1503e13e8940abf 0 40920885 0
5fcf8eb1af05248be1503e13e8940abf 0 301433392 0
5fcf8eb1af05248be1503e13e8940abf 0 29355738 0
5fcf8eb1af05248be1503e13e8940abf 0 38065440 0
5fcf8eb1af05248be1503e13e8940abf 0 85870527 0
5fcf8eb1af05248be1503e13e8940abf 0 293790286 0
5fcf8eb1af05248be1503e13e8940abf 0 154545579 0
42a14fb90b75c5ce037cb9d6acc52b8a 0 292695364 2
42a14fb90b75c5ce037cb9d6acc52b8a 0 160111314 2
42a14fb90b75c5ce037cb9d6acc52b8a 0 42227624 2
42a14fb90b75c5ce037cb9d6acc52b8a 0 26257964 2
42a14fb90b75c5ce037cb9d6acc52b8a 0 2819638 1
42a14fb90b75c5ce037cb9d6acc52b8a 0 298197890 2
42a14fb90b75c5ce037cb9d6acc52b8a 0 129949853 2
42a14fb90b75c5ce037cb9d6acc52b8a 0 137417754 2
42a14fb90b75c5ce037cb9d6acc52b8a 0 33343149 2
42a14fb90b75c5ce037cb9d6acc52b8a 0 299841263 2
42a14fb90b75c5ce037cb9d6acc52b8a 0 145591430 2
42a14fb90b75c5ce037cb9d6acc52b8a 0 51722204 2
42a14fb90b75c5ce037cb9d6acc52b8a 0 148524775 2
42a14fb90b75c5ce037cb9d6acc52b8a 0 170692084 2
42a14fb90b75c5ce037cb9d6acc52b8a 0 75192828 2
42a14fb90b75c5ce037cb9d6acc52b8a 0 169267866 2
42a14fb90b75c5ce037cb9d6acc52b8a 0 44601251 2
42a14fb90b75c5ce037cb9d6acc52b8a 0 168949053 2
42a14fb90b75c5ce037cb9d6acc52b8a 0 145431151 2
42a14fb90b75c5ce037cb9d6acc52b8a 0 126766204 2
42a14fb90b75c5ce037cb9d6acc52b8a 0 129959029 2
42a14fb90b75c5ce037cb9d6acc52b8a 0 6904622 2
2e39ed6d7baf9291ce1ea863044d20e6 0 15077218 2
2e39ed6d7baf9291ce1ea863044d20e6 0 8863896 1
2e39ed6d7baf9291ce1ea863044d20e6 0 19587681 2
2e39ed6d7baf9291ce1ea863044d20e6 0 26151708 2
2e39ed6d7baf9291ce1ea863044d20e6 0 289571332 2
2e39ed6d7baf9291ce1ea863044d20e6 0 274845071 2
2e39ed6d7baf9291ce1ea863044d20e6 0 68993799 2
2e39ed6d7baf9291ce1ea863044d20e6 0 275883722 2
2e39ed6d7baf9291ce1ea863044d20e6 0 123532484 2
2e39ed6d7baf9291ce1ea863044d20e6 0 50061369 2
2e39ed6d7baf9291ce1ea863044d20e6 0 5250612 0
2e39ed6d7baf9291ce1ea863044d20e6 0 291527529 2
2e39ed6d7baf9291ce1ea863044d20e6 0 34101649 2
2e39ed6d7baf9291ce1ea863044d20e6 0 291415388 2
2e39ed6d7baf9291ce1ea863044d20e6 0 290577851 2
2e39ed6d7baf9291ce1ea863044d20e6 0 292701067 2
2e39ed6d7baf9291ce1ea863044d20e6 0 7053561 2
2e39ed6d7baf9291ce1ea863044d20e6 0 151014639 2
2e39ed6d7baf9291ce1ea863044d20e6 0 57090922 2
2e39ed6d7baf9291ce1ea863044d20e6 0 4452511 2
3c5110678151e01be80ecac517c06469 0 139503104 1
3c5110678151e01be80ecac517c06469 0 39052322 0
3c5110678151e01be80ecac517c06469 0 289576065 0
3c5110678151e01be80ecac517c06469 0 309946849 1
3c5110678151e01be80ecac517c06469 0 298048753 1
3c5110678151e01be80ecac517c06469 0 163215702 1
3c5110678151e01be80ecac517c06469 0 276480118 1
3c5110678151e01be80ecac517c06469 0 78383074 1
3c5110678151e01be80ecac517c06469 0 70347972 1
3c5110678151e01be80ecac517c06469 0 112434563 1
3c5110678151e01be80ecac517c06469 0 276509188 1
3c5110678151e01be80ecac517c06469 0 37280993 1
3c5110678151e01be80ecac517c06469 0 17859071 1
3c5110678151e01be80ecac517c06469 0 85254419 2
3c5110678151e01be80ecac517c06469 0 296053280 1
3c5110678151e01be80ecac517c06469 0 140786660 2
3c5110678151e01be80ecac517c06469 0 290402596 0
3c5110678151e01be80ecac517c06469 0 301584508 1
3c5110678151e01be80ecac517c06469 0 150785784 1
3c5110678151e01be80ecac517c06469 0 160935193 1
3c5110678151e01be80ecac517c06469 0 132440238 1
3c5110678151e01be80ecac517c06469 0 78444649 1
3c5110678151e01be80ecac517c06469 0 150323453 0
3c5110678151e01be80ecac517c06469 0 28078607 1
3c5110678151e01be80ecac517c06469 0 290932171 0
f10218c858ed40f612c1888bc8223d2f 0 291496206 1
f10218c858ed40f612c1888bc8223d2f 0 292499323 0
f10218c858ed40f612c1888bc8223d2f 0 296803535 1
f10218c858ed40f612c1888bc8223d2f 0 8062368 1
f10218c858ed40f612c1888bc8223d2f 0 304858632 1
f10218c858ed40f612c1888bc8223d2f 0 292112526 0
f10218c858ed40f612c1888bc8223d2f 0 61575064 1
f10218c858ed40f612c1888bc8223d2f 0 293338560 0
f10218c858ed40f612c1888bc8223d2f 0 122398395 1
f10218c858ed40f612c1888bc8223d2f 0 290570697 0
f10218c858ed40f612c1888bc8223d2f 0 162441362 0
f10218c858ed40f612c1888bc8223d2f 0 275390066 1
f10218c858ed40f612c1888bc8223d2f 0 299839010 0
f10218c858ed40f612c1888bc8223d2f 0 276474647 1
f10218c858ed40f612c1888bc8223d2f 0 291150167 1
f10218c858ed40f612c1888bc8223d2f 0 13914014 0
f10218c858ed40f612c1888bc8223d2f 0 292659907 2
f10218c858ed40f612c1888bc8223d2f 0 274814130 0
f10218c858ed40f612c1888bc8223d2f 0 297960489 1
f10218c858ed40f612c1888bc8223d2f 0 298909017 0
f10218c858ed40f612c1888bc8223d2f 0 292112817 1
f10218c858ed40f612c1888bc8223d2f 0 71370575 0
f10218c858ed40f612c1888bc8223d2f 0 304790317 0
f10218c858ed40f612c1888bc8223d2f 0 293897061 0
f10218c858ed40f612c1888bc8223d2f 0 44761213 0
f10218c858ed40f612c1888bc8223d2f 0 13922727 1
f10218c858ed40f612c1888bc8223d2f 0 66848569 0
f10218c858ed40f612c1888bc8223d2f 0 276253807 0
f10218c858ed40f612c1888bc8223d2f 0 298328886 0
2e9bc31b76b5c3a18da0ba5a0e9e9852 0 293868782 0
2e9bc31b76b5c3a18da0ba5a0e9e9852 0 291770061 0
2e9bc31b76b5c3a18da0ba5a0e9e9852 0 6256149 0
2e9bc31b76b5c3a18da0ba5a0e9e9852 0 289553750 0
2e9bc31b76b5c3a18da0ba5a0e9e9852 0 51769022 0
2e9bc31b76b5c3a18da0ba5a0e9e9852 0 292347289 0
2e9bc31b76b5c3a18da0ba5a0e9e9852 0 25029622 0
2e9bc31b76b5c3a18da0ba5a0e9e9852 0 59928746 0
2e9bc31b76b5c3a18da0ba5a0e9e9852 0 291507280 0
2e9bc31b76b5c3a18da0ba5a0e9e9852 0 274102198 1
2e9bc31b76b5c3a18da0ba5a0e9e9852 0 130297281 0
2e9bc31b76b5c3a18da0ba5a0e9e9852 0 291504798 0
2e9bc31b76b5c3a18da0ba5a0e9e9852 0 8786965 0
2e9bc31b76b5c3a18da0ba5a0e9e9852 0 6606014 0
2e9bc31b76b5c3a18da0ba5a0e9e9852 0 174108505 0
2e9bc31b76b5c3a18da0ba5a0e9e9852 0 41172325 0
2e9bc31b76b5c3a18da0ba5a0e9e9852 0 287881434 0
2e9bc31b76b5c3a18da0ba5a0e9e9852 0 166343802 0
2e9bc31b76b5c3a18da0ba5a0e9e9852 0 168948943 0
2e9bc31b76b5c3a18da0ba5a0e9e9852 0 302733360 0
2e9bc31b76b5c3a18da0ba5a0e9e9852 0 291426425 0
2e9bc31b76b5c3a18da0ba5a0e9e9852 0 42885360 0
2e9bc31b76b5c3a18da0ba5a0e9e9852 0 164432145 0
2e9bc31b76b5c3a18da0ba5a0e9e9852 0 266991671 0
2e9bc31b76b5c3a18da0ba5a0e9e9852 0 73890605 0
2e9bc31b76b5c3a18da0ba5a0e9e9852 0 18459814 0
2e9bc31b76b5c3a18da0ba5a0e9e9852 0 9447201 0
2e9bc31b76b5c3a18da0ba5a0e9e9852 0 85867833 0
2e9bc31b76b5c3a18da0ba5a0e9e9852 0 83873861 0
2e9bc31b76b5c3a18da0ba5a0e9e9852 0 129056297 0
8a5dc8caebf3359906b2ccd6264982f2 0 8005025 0
8a5dc8caebf3359906b2ccd6264982f2 0 37882329 0
8a5dc8caebf3359906b2ccd6264982f2 0 297176235 0
8a5dc8caebf3359906b2ccd6264982f2 0 291505538 0
8a5dc8caebf3359906b2ccd6264982f2 0 148639231 1
8a5dc8caebf3359906b2ccd6264982f2 0 290611128 0
8a5dc8caebf3359906b2ccd6264982f2 0 42851261 0
8a5dc8caebf3359906b2ccd6264982f2 0 276180459 0
8a5dc8caebf3359906b2ccd6264982f2 0 132094588 0
8a5dc8caebf3359906b2ccd6264982f2 0 284781454 1
8a5dc8caebf3359906b2ccd6264982f2 0 291479665 0
8a5dc8caebf3359906b2ccd6264982f2 0 9053390 0
8a5dc8caebf3359906b2ccd6264982f2 0 284747216 0
8a5dc8caebf3359906b2ccd6264982f2 0 48218398 0
8a5dc8caebf3359906b2ccd6264982f2 0 191681984 0
8a5dc8caebf3359906b2ccd6264982f2 0 5477599 0
8a5dc8caebf3359906b2ccd6264982f2 0 290104926 0
8a5dc8caebf3359906b2ccd6264982f2 0 293038391 0
8a5dc8caebf3359906b2ccd6264982f2 0 309220675 0
8a5dc8caebf3359906b2ccd6264982f2 0 154502834 0
8a5dc8caebf3359906b2ccd6264982f2 0 301548563 0
8a5dc8caebf3359906b2ccd6264982f2 0 303320692 0
8a5dc8caebf3359906b2ccd6264982f2 0 6699537 0
8a5dc8caebf3359906b2ccd6264982f2 0 309787060 0
8a5dc8caebf3359906b2ccd6264982f2 0 12266191 1
8a5dc8caebf3359906b2ccd6264982f2 0 289707567 0
8a5dc8caebf3359906b2ccd6264982f2 0 181747166 0
8a5dc8caebf3359906b2ccd6264982f2 0 8002173 0
8a5dc8caebf3359906b2ccd6264982f2 0 292560193 0
4ed1037709aa13b70fca0575c1c88c48 0 9915239 2
4ed1037709aa13b70fca0575c1c88c48 0 123536263 2
4ed1037709aa13b70fca0575c1c88c48 0 151274369 2
4ed1037709aa13b70fca0575c1c88c48 0 152705919 2
4ed1037709aa13b70fca0575c1c88c48 0 31637564 2
4ed1037709aa13b70fca0575c1c88c48 0 86386411 2
4ed1037709aa13b70fca0575c1c88c48 0 166705320 2
4ed1037709aa13b70fca0575c1c88c48 0 15143570 2
4ed1037709aa13b70fca0575c1c88c48 0 31100170 2
4ed1037709aa13b70fca0575c1c88c48 0 47160585 2
4ed1037709aa13b70fca0575c1c88c48 0 8132062 2
4ed1037709aa13b70fca0575c1c88c48 0 167937430 2
4ed1037709aa13b70fca0575c1c88c48 0 138843487 2
4ed1037709aa13b70fca0575c1c88c48 0 143684443 2
4ed1037709aa13b70fca0575c1c88c48 0 123223670 2
4ed1037709aa13b70fca0575c1c88c48 0 75064845 2
4ed1037709aa13b70fca0575c1c88c48 0 78420899 2
4ed1037709aa13b70fca0575c1c88c48 0 148293520 2
4ed1037709aa13b70fca0575c1c88c48 0 86465735 2
4ed1037709aa13b70fca0575c1c88c48 0 36286139 2
4ed1037709aa13b70fca0575c1c88c48 0 78432878 2
4ed1037709aa13b70fca0575c1c88c48 0 78576736 2
4ed1037709aa13b70fca0575c1c88c48 0 78428937 2
785b9784a0ed573bc3e4c38addb767f5 0 275654218 1
785b9784a0ed573bc3e4c38addb767f5 0 564387 0
785b9784a0ed573bc3e4c38addb767f5 0 275650567 2
785b9784a0ed573bc3e4c38addb767f5 0 295852828 2
785b9784a0ed573bc3e4c38addb767f5 0 47132738 0
785b9784a0ed573bc3e4c38addb767f5 0 6558205 2
785b9784a0ed573bc3e4c38addb767f5 0 6563207 2
785b9784a0ed573bc3e4c38addb767f5 0 292678651 0
785b9784a0ed573bc3e4c38addb767f5 0 75073023 0
785b9784a0ed573bc3e4c38addb767f5 0 274818482 1
785b9784a0ed573bc3e4c38addb767f5 0 293239752 0
785b9784a0ed573bc3e4c38addb767f5 0 291808769 1
785b9784a0ed573bc3e4c38addb767f5 0 8864605 0
785b9784a0ed573bc3e4c38addb767f5 0 289490820 1
785b9784a0ed573bc3e4c38addb767f5 0 70417305 1
785b9784a0ed573bc3e4c38addb767f5 0 148382456 0
785b9784a0ed573bc3e4c38addb767f5 0 122963509 2
785b9784a0ed573bc3e4c38addb767f5 0 6560817 1
785b9784a0ed573bc3e4c38addb767f5 0 42870621 0
785b9784a0ed573bc3e4c38addb767f5 0 303227953 0
785b9784a0ed573bc3e4c38addb767f5 0 8643139 0
785b9784a0ed573bc3e4c38addb767f5 0 63240308 0
785b9784a0ed573bc3e4c38addb767f5 0 6464012 2
785b9784a0ed573bc3e4c38addb767f5 0 289893538 2
785b9784a0ed573bc3e4c38addb767f5 0 291471640 1
785b9784a0ed573bc3e4c38addb767f5 0 301031458 1
785b9784a0ed573bc3e4c38addb767f5 0 172671100 0
785b9784a0ed573bc3e4c38addb767f5 0 311676646 1
e159a48a232aaf04a668309a7e5ef484 0 161104824 2
e159a48a232aaf04a668309a7e5ef484 0 51612382 2
e159a48a232aaf04a668309a7e5ef484 0 37489009 0
e159a48a232aaf04a668309a7e5ef484 0 8040307 1
e159a48a232aaf04a668309a7e5ef484 0 268450802 0
e159a48a232aaf04a668309a7e5ef484 0 274734451 2
e159a48a232aaf04a668309a7e5ef484 0 148366689 1
e159a48a232aaf04a668309a7e5ef484 0 8254785 1
e159a48a232aaf04a668309a7e5ef484 0 4760784 0
e159a48a232aaf04a668309a7e5ef484 0 36664950 1
e159a48a232aaf04a668309a7e5ef484 0 8697157 1
e159a48a232aaf04a668309a7e5ef484 0 291528112 1
e159a48a232aaf04a668309a7e5ef484 0 12057581 1
e159a48a232aaf04a668309a7e5ef484 0 8309666 1
e159a48a232aaf04a668309a7e5ef484 0 48123655 1
e159a48a232aaf04a668309a7e5ef484 0 7984933 2
e159a48a232aaf04a668309a7e5ef484 0 62544280 2
e159a48a232aaf04a668309a7e5ef484 0 36982271 1
e159a48a232aaf04a668309a7e5ef484 0 161844969 2
e159a48a232aaf04a668309a7e5ef484 0 289786563 2
e159a48a232aaf04a668309a7e5ef484 0 139605786 2
e159a48a232aaf04a668309a7e5ef484 0 238470 2
e159a48a232aaf04a668309a7e5ef484 0 6608647 1
e159a48a232aaf04a668309a7e5ef484 0 9823999 1
e159a48a232aaf04a668309a7e5ef484 0 39077162 0
e159a48a232aaf04a668309a7e5ef484 0 284468974 2
e159a48a232aaf04a668309a7e5ef484 0 143687222 1
a91d0b9c83e4adc9733dacdbe6141f72 0 154687017 1
a91d0b9c83e4adc9733dacdbe6141f72 0 9069121 2
a91d0b9c83e4adc9733dacdbe6141f72 0 301683817 2
a91d0b9c83e4adc9733dacdbe6141f72 0 43256107 1
a91d0b9c83e4adc9733dacdbe6141f72 0 161885356 2
a91d0b9c83e4adc9733dacdbe6141f72 0 290845279 2
a91d0b9c83e4adc9733dacdbe6141f72 0 300138514 2
a91d0b9c83e4adc9733dacdbe6141f72 0 304072790 2
a91d0b9c83e4adc9733dacdbe6141f72 0 44619047 2
a91d0b9c83e4adc9733dacdbe6141f72 0 69313820 1
a91d0b9c83e4adc9733dacdbe6141f72 0 128914878 2
a91d0b9c83e4adc9733dacdbe6141f72 0 8201614 2
a91d0b9c83e4adc9733dacdbe6141f72 0 126631293 1
a91d0b9c83e4adc9733dacdbe6141f72 0 45476854 2
a91d0b9c83e4adc9733dacdbe6141f72 0 274727756 2
a91d0b9c83e4adc9733dacdbe6141f72 0 156121495 1
a91d0b9c83e4adc9733dacdbe6141f72 0 10914468 0
a91d0b9c83e4adc9733dacdbe6141f72 0 8618242 0
a91d0b9c83e4adc9733dacdbe6141f72 0 154574935 1
a91d0b9c83e4adc9733dacdbe6141f72 0 297173328 1
b37968562eae899eeab1c31cb9aaebb9 0 29546912 1
b37968562eae899eeab1c31cb9aaebb9 0 46243814 0
b37968562eae899eeab1c31cb9aaebb9 0 39531239 2
b37968562eae899eeab1c31cb9aaebb9 0 125197671 0
b37968562eae899eeab1c31cb9aaebb9 0 144276483 1
b37968562eae899eeab1c31cb9aaebb9 0 43492195 0
b37968562eae899eeab1c31cb9aaebb9 0 77558344 1
b37968562eae899eeab1c31cb9aaebb9 0 124911742 1
b37968562eae899eeab1c31cb9aaebb9 0 9436724 2
b37968562eae899eeab1c31cb9aaebb9 0 5118155 2
b37968562eae899eeab1c31cb9aaebb9 0 120117751 2
b37968562eae899eeab1c31cb9aaebb9 0 134514258 1
b37968562eae899eeab1c31cb9aaebb9 0 291150167 0
b37968562eae899eeab1c31cb9aaebb9 0 160163813 0
b37968562eae899eeab1c31cb9aaebb9 0 9597175 2
b37968562eae899eeab1c31cb9aaebb9 0 143167152 2
b37968562eae899eeab1c31cb9aaebb9 0 17870224 0
b37968562eae899eeab1c31cb9aaebb9 0 160947835 1
b37968562eae899eeab1c31cb9aaebb9 0 158175703 0
b37968562eae899eeab1c31cb9aaebb9 0 158029514 1
b37968562eae899eeab1c31cb9aaebb9 0 82352375 1
b37968562eae899eeab1c31cb9aaebb9 0 168207075 1
b37968562eae899eeab1c31cb9aaebb9 0 82059013 2
b37968562eae899eeab1c31cb9aaebb9 0 139955037 2
b37968562eae899eeab1c31cb9aaebb9 0 154459546 0
fc456ba65090e69a1d6d146d71bb1031 0 154917872 2
fc456ba65090e69a1d6d146d71bb1031 0 15243653 2
fc456ba65090e69a1d6d146d71bb1031 0 24887786 1
fc456ba65090e69a1d6d146d71bb1031 0 166629701 2
fc456ba65090e69a1d6d146d71bb1031 0 24748111 2
fc456ba65090e69a1d6d146d71bb1031 0 81665661 2
fc456ba65090e69a1d6d146d71bb1031 0 24886829 2
fc456ba65090e69a1d6d146d71bb1031 0 43627034 2
fc456ba65090e69a1d6d146d71bb1031 0 275523790 2
fc456ba65090e69a1d6d146d71bb1031 0 172040600 2
fc456ba65090e69a1d6d146d71bb1031 0 42857036 2
fc456ba65090e69a1d6d146d71bb1031 0 298277334 2
fc456ba65090e69a1d6d146d71bb1031 0 24915702 2
fc456ba65090e69a1d6d146d71bb1031 0 15242582 2
fc456ba65090e69a1d6d146d71bb1031 0 293516334 1
fc456ba65090e69a1d6d146d71bb1031 0 9120434 1
fc456ba65090e69a1d6d146d71bb1031 0 4214697 2
fc456ba65090e69a1d6d146d71bb1031 0 40310044 2
fc456ba65090e69a1d6d146d71bb1031 0 739212 2
ade13b9b007f20c296691dfa10f231fa 0 2501608 2
ade13b9b007f20c296691dfa10f231fa 0 92377398 2
ade13b9b007f20c296691dfa10f231fa 0 22437326 2
ade13b9b007f20c296691dfa10f231fa 0 46225002 2
ade13b9b007f20c296691dfa10f231fa 0 296234688 2
ade13b9b007f20c296691dfa10f231fa 0 160219841 2
ade13b9b007f20c296691dfa10f231fa 0 5205013 2
ade13b9b007f20c296691dfa10f231fa 0 43369122 2
ade13b9b007f20c296691dfa10f231fa 0 19821754 2
ade13b9b007f20c296691dfa10f231fa 0 129401919 2
ade13b9b007f20c296691dfa10f231fa 0 152224072 2
ade13b9b007f20c296691dfa10f231fa 0 125058737 2
ade13b9b007f20c296691dfa10f231fa 0 8167217 2
ade13b9b007f20c296691dfa10f231fa 0 129765284 2
ade13b9b007f20c296691dfa10f231fa 0 7623340 2
ade13b9b007f20c296691dfa10f231fa 0 86563717 2
ade13b9b007f20c296691dfa10f231fa 0 305448947 2
ade13b9b007f20c296691dfa10f231fa 0 303860507 2
ade13b9b007f20c296691dfa10f231fa 0 138412686 2
ade13b9b007f20c296691dfa10f231fa 0 10989346 2
ade13b9b007f20c296691dfa10f231fa 0 19822438 2
ade13b9b007f20c296691dfa10f231fa 0 79343273 2
0da32d60e3d3eb1c1ac82963dd1c3b57 0 26532612 2
0da32d60e3d3eb1c1ac82963dd1c3b57 0 4010769 2
0da32d60e3d3eb1c1ac82963dd1c3b57 0 162806623 2
0da32d60e3d3eb1c1ac82963dd1c3b57 0 303319819 2
0da32d60e3d3eb1c1ac82963dd1c3b57 0 7319343 2
0da32d60e3d3eb1c1ac82963dd1c3b57 0 59964494 2
0da32d60e3d3eb1c1ac82963dd1c3b57 0 152884632 2
0da32d60e3d3eb1c1ac82963dd1c3b57 0 83222586 2
0da32d60e3d3eb1c1ac82963dd1c3b57 0 70032282 2
0da32d60e3d3eb1c1ac82963dd1c3b57 0 168492545 2
0da32d60e3d3eb1c1ac82963dd1c3b57 0 145059220 2
0da32d60e3d3eb1c1ac82963dd1c3b57 0 129959147 2
0da32d60e3d3eb1c1ac82963dd1c3b57 0 70960302 2
0da32d60e3d3eb1c1ac82963dd1c3b57 0 42984357 2
0da32d60e3d3eb1c1ac82963dd1c3b57 0 128421706 2
0da32d60e3d3eb1c1ac82963dd1c3b57 0 130294553 2
0da32d60e3d3eb1c1ac82963dd1c3b57 0 170495221 2
0da32d60e3d3eb1c1ac82963dd1c3b57 0 10962959 2
0da32d60e3d3eb1c1ac82963dd1c3b57 0 134176644 2
0da32d60e3d3eb1c1ac82963dd1c3b57 0 44727002 2
0da32d60e3d3eb1c1ac82963dd1c3b57 0 74710831 2
0da32d60e3d3eb1c1ac82963dd1c3b57 0 69928082 2
0da32d60e3d3eb1c1ac82963dd1c3b57 0 57940269 2
0da32d60e3d3eb1c1ac82963dd1c3b57 0 156921044 2
0da32d60e3d3eb1c1ac82963dd1c3b57 0 152189108 2
34d9a1bb0ba98481c5cc096ca817b7b2 0 5257005 2
34d9a1bb0ba98481c5cc096ca817b7b2 0 2728059 2
34d9a1bb0ba98481c5cc096ca817b7b2 0 154106625 2
34d9a1bb0ba98481c5cc096ca817b7b2 0 158106210 2
34d9a1bb0ba98481c5cc096ca817b7b2 0 275862522 2
34d9a1bb0ba98481c5cc096ca817b7b2 0 140096356 2
34d9a1bb0ba98481c5cc096ca817b7b2 0 84130993 2
34d9a1bb0ba98481c5cc096ca817b7b2 0 84132540 2
34d9a1bb0ba98481c5cc096ca817b7b2 0 313385859 2
34d9a1bb0ba98481c5cc096ca817b7b2 0 168221798 2
34d9a1bb0ba98481c5cc096ca817b7b2 0 8202362 2
34d9a1bb0ba98481c5cc096ca817b7b2 0 8204294 2
34d9a1bb0ba98481c5cc096ca817b7b2 0 17873101 1
34d9a1bb0ba98481c5cc096ca817b7b2 0 70332348 2
34d9a1bb0ba98481c5cc096ca817b7b2 0 123380867 2
34d9a1bb0ba98481c5cc096ca817b7b2 0 122316819 2
34d9a1bb0ba98481c5cc096ca817b7b2 0 129276828 2
34d9a1bb0ba98481c5cc096ca817b7b2 0 149892379 2
394644e02c72db72d75ad72bfe5ee577 0 70962484 2
394644e02c72db72d75ad72bfe5ee577 0 133843850 2
394644e02c72db72d75ad72bfe5ee577 0 164390037 2
394644e02c72db72d75ad72bfe5ee577 0 126787517 2
394644e02c72db72d75ad72bfe5ee577 0 6271295 0
394644e02c72db72d75ad72bfe5ee577 0 115459561 2
394644e02c72db72d75ad72bfe5ee577 0 136069651 2
394644e02c72db72d75ad72bfe5ee577 0 85441312 0
394644e02c72db72d75ad72bfe5ee577 0 163167422 0
394644e02c72db72d75ad72bfe5ee577 0 296822970 0
394644e02c72db72d75ad72bfe5ee577 0 7463558 1
394644e02c72db72d75ad72bfe5ee577 0 129392047 2
394644e02c72db72d75ad72bfe5ee577 0 268366708 2
394644e02c72db72d75ad72bfe5ee577 0 275752065 2
394644e02c72db72d75ad72bfe5ee577 0 70312443 2
394644e02c72db72d75ad72bfe5ee577 0 17936567 2
8aeba6c1289e7013a72730c7d50f0e52 0 9044726 2
8aeba6c1289e7013a72730c7d50f0e52 0 154620313 2
8aeba6c1289e7013a72730c7d50f0e52 0 157586227 1
8aeba6c1289e7013a72730c7d50f0e52 0 138470014 1
8aeba6c1289e7013a72730c7d50f0e52 0 150036688 1
8aeba6c1289e7013a72730c7d50f0e52 0 302487312 2
8aeba6c1289e7013a72730c7d50f0e52 0 47803527 1
8aeba6c1289e7013a72730c7d50f0e52 0 83502555 2
8aeba6c1289e7013a72730c7d50f0e52 0 295467937 2
8aeba6c1289e7013a72730c7d50f0e52 0 162212423 2
8aeba6c1289e7013a72730c7d50f0e52 0 295827310 2
8aeba6c1289e7013a72730c7d50f0e52 0 133679304 2
8aeba6c1289e7013a72730c7d50f0e52 0 27015274 0
8aeba6c1289e7013a72730c7d50f0e52 0 128621220 1
8aeba6c1289e7013a72730c7d50f0e52 0 78559314 2
8aeba6c1289e7013a72730c7d50f0e52 0 295489627 2
8aeba6c1289e7013a72730c7d50f0e52 0 157954199 0
8aeba6c1289e7013a72730c7d50f0e52 0 145726945 0
8aeba6c1289e7013a72730c7d50f0e52 0 7949877 1
8aeba6c1289e7013a72730c7d50f0e52 0 143023474 1
8aeba6c1289e7013a72730c7d50f0e52 0 133317778 2
de68cd9447f8e287aca0fd9909843e62 0 146734826 2
de68cd9447f8e287aca0fd9909843e62 0 301353507 2
de68cd9447f8e287aca0fd9909843e62 0 4574652 2
de68cd9447f8e287aca0fd9909843e62 0 35799368 2
de68cd9447f8e287aca0fd9909843e62 0 269022325 2
de68cd9447f8e287aca0fd9909843e62 0 291230222 2
de68cd9447f8e287aca0fd9909843e62 0 299791198 2
de68cd9447f8e287aca0fd9909843e62 0 45245796 2
de68cd9447f8e287aca0fd9909843e62 0 10566973 2
de68cd9447f8e287aca0fd9909843e62 0 291350907 2
de68cd9447f8e287aca0fd9909843e62 0 70416849 2
de68cd9447f8e287aca0fd9909843e62 0 239076 2
de68cd9447f8e287aca0fd9909843e62 0 290069630 2
de68cd9447f8e287aca0fd9909843e62 0 33664361 2
de68cd9447f8e287aca0fd9909843e62 0 10248679 2
de68cd9447f8e287aca0fd9909843e62 0 40091326 2
de68cd9447f8e287aca0fd9909843e62 0 33907543 2
de68cd9447f8e287aca0fd9909843e62 0 171832508 2
de68cd9447f8e287aca0fd9909843e62 0 9075947 2
de68cd9447f8e287aca0fd9909843e62 0 62442030 2
de68cd9447f8e287aca0fd9909843e62 0 128086794 2
de68cd9447f8e287aca0fd9909843e62 0 140382219 2
de68cd9447f8e287aca0fd9909843e62 0 158073129 2
de68cd9447f8e287aca0fd9909843e62 0 121262562 2
de68cd9447f8e287aca0fd9909843e62 0 311669879 2
de68cd9447f8e287aca0fd9909843e62 0 289488444 2
de68cd9447f8e287aca0fd9909843e62 0 81940343 2
de68cd9447f8e287aca0fd9909843e62 0 291035620 2
de68cd9447f8e287aca0fd9909843e62 0 9589211 2
81a8aee94001d9b79f7a0c75722fec3e 0 70533736 2
81a8aee94001d9b79f7a0c75722fec3e 0 301777434 2
81a8aee94001d9b79f7a0c75722fec3e 0 163218174 2
81a8aee94001d9b79f7a0c75722fec3e 0 274812413 2
81a8aee94001d9b79f7a0c75722fec3e 0 291518664 2
81a8aee94001d9b79f7a0c75722fec3e 0 293060461 2
81a8aee94001d9b79f7a0c75722fec3e 0 11310862 2
81a8aee94001d9b79f7a0c75722fec3e 0 158170237 2
81a8aee94001d9b79f7a0c75722fec3e 0 17806679 2
81a8aee94001d9b79f7a0c75722fec3e 0 129529310 2
81a8aee94001d9b79f7a0c75722fec3e 0 20350712 2
81a8aee94001d9b79f7a0c75722fec3e 0 291879568 2
81a8aee94001d9b79f7a0c75722fec3e 0 308964150 2
81a8aee94001d9b79f7a0c75722fec3e 0 40373989 1
81a8aee94001d9b79f7a0c75722fec3e 0 154922870 2
81a8aee94001d9b79f7a0c75722fec3e 0 310798257 2
81a8aee94001d9b79f7a0c75722fec3e 0 305480442 2
81a8aee94001d9b79f7a0c75722fec3e 0 289522422 2
81a8aee94001d9b79f7a0c75722fec3e 0 298127169 2
81a8aee94001d9b79f7a0c75722fec3e 0 304983498 2
81a8aee94001d9b79f7a0c75722fec3e 0 158026052 2
81a8aee94001d9b79f7a0c75722fec3e 0 309833350 2
81a8aee94001d9b79f7a0c75722fec3e 0 156526865 1
81a8aee94001d9b79f7a0c75722fec3e 0 274114771 2
81a8aee94001d9b79f7a0c75722fec3e 0 171800880 2
81a8aee94001d9b79f7a0c75722fec3e 0 298123172 2
81a8aee94001d9b79f7a0c75722fec3e 0 276161255 2
81a8aee94001d9b79f7a0c75722fec3e 0 148200981 2
c3d5d202f8ab3d130a90684fd7308f64 0 29515219 0
c3d5d202f8ab3d130a90684fd7308f64 0 289722327 0
c3d5d202f8ab3d130a90684fd7308f64 0 42998767 0
c3d5d202f8ab3d130a90684fd7308f64 0 284479426 0
c3d5d202f8ab3d130a90684fd7308f64 0 52630309 0
c3d5d202f8ab3d130a90684fd7308f64 0 313926502 0
c3d5d202f8ab3d130a90684fd7308f64 0 292474475 0
c3d5d202f8ab3d130a90684fd7308f64 0 61428911 0
c3d5d202f8ab3d130a90684fd7308f64 0 284474734 0
c3d5d202f8ab3d130a90684fd7308f64 0 290296163 0
c3d5d202f8ab3d130a90684fd7308f64 0 171841529 0
c3d5d202f8ab3d130a90684fd7308f64 0 15069637 0
c3d5d202f8ab3d130a90684fd7308f64 0 276307489 0
c3d5d202f8ab3d130a90684fd7308f64 0 308894235 0
c3d5d202f8ab3d130a90684fd7308f64 0 298663686 0
c3d5d202f8ab3d130a90684fd7308f64 0 302072551 0
c3d5d202f8ab3d130a90684fd7308f64 0 292273088 0
c3d5d202f8ab3d130a90684fd7308f64 0 302732196 0
c3d5d202f8ab3d130a90684fd7308f64 0 298663733 0
c3d5d202f8ab3d130a90684fd7308f64 0 289816525 0
c3d5d202f8ab3d130a90684fd7308f64 0 42537773 0
c3d5d202f8ab3d130a90684fd7308f64 0 268400583 0
c3d5d202f8ab3d130a90684fd7308f64 0 50140079 0
c3d5d202f8ab3d130a90684fd7308f64 0 70962841 0
c3d5d202f8ab3d130a90684fd7308f64 0 10909451 0
c3d5d202f8ab3d130a90684fd7308f64 0 6811643 0
c3d5d202f8ab3d130a90684fd7308f64 0 36991281 0
c3d5d202f8ab3d130a90684fd7308f64 0 276806635 0
b37550803cd237fc3755efc186a453cc 0 301623016 2
b37550803cd237fc3755efc186a453cc 0 23063831 1
b37550803cd237fc3755efc186a453cc 0 299888559 2
b37550803cd237fc3755efc186a453cc 0 313858454 2
b37550803cd237fc3755efc186a453cc 0 23063757 1
b37550803cd237fc3755efc186a453cc 0 23066199 0
b37550803cd237fc3755efc186a453cc 0 296063792 1
b37550803cd237fc3755efc186a453cc 0 153950623 1
b37550803cd237fc3755efc186a453cc 0 8791781 2
b37550803cd237fc3755efc186a453cc 0 276607651 0
b37550803cd237fc3755efc186a453cc 0 23063768 0
b37550803cd237fc3755efc186a453cc 0 23064257 0
b37550803cd237fc3755efc186a453cc 0 295100882 2
b37550803cd237fc3755efc186a453cc 0 23063672 1
b37550803cd237fc3755efc186a453cc 0 23066067 0
b37550803cd237fc3755efc186a453cc 0 23063719 0
b37550803cd237fc3755efc186a453cc 0 8864927 2
b37550803cd237fc3755efc186a453cc 0 306566039 2
b37550803cd237fc3755efc186a453cc 0 301339457 2
b37550803cd237fc3755efc186a453cc 0 81753459 2
b37550803cd237fc3755efc186a453cc 0 305477091 1
b37550803cd237fc3755efc186a453cc 0 23066234 0
b37550803cd237fc3755efc186a453cc 0 296315396 1
07635bd80ac655d36cc82d396b093f4a 0 78256748 1
07635bd80ac655d36cc82d396b093f4a 0 4233528 2
07635bd80ac655d36cc82d396b093f4a 0 16094829 2
07635bd80ac655d36cc82d396b093f4a 0 28768853 1
07635bd80ac655d36cc82d396b093f4a 0 33490088 2
07635bd80ac655d36cc82d396b093f4a 0 7140271 1
07635bd80ac655d36cc82d396b093f4a 0 303965988 2
07635bd80ac655d36cc82d396b093f4a 0 162352140 1
07635bd80ac655d36cc82d396b093f4a 0 303975135 1
07635bd80ac655d36cc82d396b093f4a 0 60256925 2
07635bd80ac655d36cc82d396b093f4a 0 18394029 1
07635bd80ac655d36cc82d396b093f4a 0 145406176 1
07635bd80ac655d36cc82d396b093f4a 0 9557067 1
07635bd80ac655d36cc82d396b093f4a 0 2507777 2
07635bd80ac655d36cc82d396b093f4a 0 51735275 2
07635bd80ac655d36cc82d396b093f4a 0 304353422 2
07635bd80ac655d36cc82d396b093f4a 0 81730507 2
07635bd80ac655d36cc82d396b093f4a 0 71117464 2
4167db3ceb4e698b81750084e926f71c 0 70310374 2
4167db3ceb4e698b81750084e926f71c 0 276732479 2
4167db3ceb4e698b81750084e926f71c 0 148650885 2
4167db3ceb4e698b81750084e926f71c 0 120093878 2
4167db3ceb4e698b81750084e926f71c 0 160930045 2
4167db3ceb4e698b81750084e926f71c 0 17813561 2
4167db3ceb4e698b81750084e926f71c 0 290102884 2
4167db3ceb4e698b81750084e926f71c 0 165155967 2
4167db3ceb4e698b81750084e926f71c 0 125805422 2
4167db3ceb4e698b81750084e926f71c 0 19211430 2
4167db3ceb4e698b81750084e926f71c 0 274999644 2
4167db3ceb4e698b81750084e926f71c 0 86681385 2
4167db3ceb4e698b81750084e926f71c 0 99035279 2
4167db3ceb4e698b81750084e926f71c 0 46756261 2
4167db3ceb4e698b81750084e926f71c 0 40687309 2
4167db3ceb4e698b81750084e926f71c 0 128496710 2
4167db3ceb4e698b81750084e926f71c 0 160651189 1
4167db3ceb4e698b81750084e926f71c 0 25479068 2
4167db3ceb4e698b81750084e926f71c 0 149579371 2
4167db3ceb4e698b81750084e926f71c 0 150323453 2
4167db3ceb4e698b81750084e926f71c 0 37999207 2
4167db3ceb4e698b81750084e926f71c 0 10899223 2
4167db3ceb4e698b81750084e926f71c 0 132453160 2
4167db3ceb4e698b81750084e926f71c 0 144975754 2
e7af2cc348367123486adf9fed0809bc 0 292280467 1
e7af2cc348367123486adf9fed0809bc 0 296714337 0
e7af2cc348367123486adf9fed0809bc 0 290878138 0
e7af2cc348367123486adf9fed0809bc 0 284190632 0
e7af2cc348367123486adf9fed0809bc 0 305481943 0
e7af2cc348367123486adf9fed0809bc 0 268298449 1
e7af2cc348367123486adf9fed0809bc 0 170539219 1
e7af2cc348367123486adf9fed0809bc 0 159565350 2
e7af2cc348367123486adf9fed0809bc 0 298909820 1
e7af2cc348367123486adf9fed0809bc 0 289835640 0
e7af2cc348367123486adf9fed0809bc 0 125649981 0
e7af2cc348367123486adf9fed0809bc 0 166309652 0
e7af2cc348367123486adf9fed0809bc 0 136819996 1
e7af2cc348367123486adf9fed0809bc 0 154036453 0
e7af2cc348367123486adf9fed0809bc 0 291487336 0
e7af2cc348367123486adf9fed0809bc 0 161684390 0
e7af2cc348367123486adf9fed0809bc 0 155028300 1
e7af2cc348367123486adf9fed0809bc 0 2353507 0
e7af2cc348367123486adf9fed0809bc 0 145600292 2
e7af2cc348367123486adf9fed0809bc 0 155414283 1
e7af2cc348367123486adf9fed0809bc 0 158426687 1
e7af2cc348367123486adf9fed0809bc 0 263264775 1
e7af2cc348367123486adf9fed0809bc 0 157246772 0
e7af2cc348367123486adf9fed0809bc 0 172741319 0
e7af2cc348367123486adf9fed0809bc 0 303869002 2
e7af2cc348367123486adf9fed0809bc 0 309156934 1
db52618a747e9666d52ca269003f924e 0 129023319 1
db52618a747e9666d52ca269003f924e 0 129967807 2
db52618a747e9666d52ca269003f924e 0 71489690 2
db52618a747e9666d52ca269003f924e 0 37535575 2
db52618a747e9666d52ca269003f924e 0 5070262 2
db52618a747e9666d52ca269003f924e 0 212013 2
db52618a747e9666d52ca269003f924e 0 39322231 1
db52618a747e9666d52ca269003f924e 0 131422060 2
db52618a747e9666d52ca269003f924e 0 125822285 2
db52618a747e9666d52ca269003f924e 0 70351364 1
db52618a747e9666d52ca269003f924e 0 71489720 2
db52618a747e9666d52ca269003f924e 0 74691979 2
db52618a747e9666d52ca269003f924e 0 13976752 2
db52618a747e9666d52ca269003f924e 0 5069986 2
db52618a747e9666d52ca269003f924e 0 83935650 1
db52618a747e9666d52ca269003f924e 0 168555696 2
db52618a747e9666d52ca269003f924e 0 159489750 2
db52618a747e9666d52ca269003f924e 0 100903822 2
8fffdb258af07c0aea5b3c1a391ff6f7 0 276254341 2
8fffdb258af07c0aea5b3c1a391ff6f7 0 6929026 2
8fffdb258af07c0aea5b3c1a391ff6f7 0 170427930 2
8fffdb258af07c0aea5b3c1a391ff6f7 0 67209593 2
8fffdb258af07c0aea5b3c1a391ff6f7 0 2832341 2
8fffdb258af07c0aea5b3c1a391ff6f7 0 276161847 2
8fffdb258af07c0aea5b3c1a391ff6f7 0 289701225 2
8fffdb258af07c0aea5b3c1a391ff6f7 0 8058738 2
8fffdb258af07c0aea5b3c1a391ff6f7 0 85864542 2
8fffdb258af07c0aea5b3c1a391ff6f7 0 291890459 2
8fffdb258af07c0aea5b3c1a391ff6f7 0 301728788 2
8fffdb258af07c0aea5b3c1a391ff6f7 0 2714042 2
8fffdb258af07c0aea5b3c1a391ff6f7 0 287340963 2
8fffdb258af07c0aea5b3c1a391ff6f7 0 2608262 2
8fffdb258af07c0aea5b3c1a391ff6f7 0 46665936 2
8fffdb258af07c0aea5b3c1a391ff6f7 0 2659269 2
8fffdb258af07c0aea5b3c1a391ff6f7 0 19214963 2
8fffdb258af07c0aea5b3c1a391ff6f7 0 85864403 2
8fffdb258af07c0aea5b3c1a391ff6f7 0 40778740 2
8fffdb258af07c0aea5b3c1a391ff6f7 0 303807333 2
8fffdb258af07c0aea5b3c1a391ff6f7 0 2848257 2
8fffdb258af07c0aea5b3c1a391ff6f7 0 290105195 2
8fffdb258af07c0aea5b3c1a391ff6f7 0 295617957 2
8fffdb258af07c0aea5b3c1a391ff6f7 0 85867532 2
2a6cbdaebcd9a4eb732ae5a999f093e7 0 312808954 2
2a6cbdaebcd9a4eb732ae5a999f093e7 0 169306686 1
2a6cbdaebcd9a4eb732ae5a999f093e7 0 9077236 2
2a6cbdaebcd9a4eb732ae5a999f093e7 0 171125996 0
2a6cbdaebcd9a4eb732ae5a999f093e7 0 44872338 1
2a6cbdaebcd9a4eb732ae5a999f093e7 0 107272127 1
2a6cbdaebcd9a4eb732ae5a999f093e7 0 291588327 0
2a6cbdaebcd9a4eb732ae5a999f093e7 0 293977406 1
2a6cbdaebcd9a4eb732ae5a999f093e7 0 36996638 0
2a6cbdaebcd9a4eb732ae5a999f093e7 0 152804957 2
2a6cbdaebcd9a4eb732ae5a999f093e7 0 162745116 2
2a6cbdaebcd9a4eb732ae5a999f093e7 0 63341980 1
2a6cbdaebcd9a4eb732ae5a999f093e7 0 85942413 2
2a6cbdaebcd9a4eb732ae5a999f093e7 0 46020686 2
2a6cbdaebcd9a4eb732ae5a999f093e7 0 159287644 0
2a6cbdaebcd9a4eb732ae5a999f093e7 0 44862296 0
2a6cbdaebcd9a4eb732ae5a999f093e7 0 289891395 1
2a6cbdaebcd9a4eb732ae5a999f093e7 0 169294839 1
2a6cbdaebcd9a4eb732ae5a999f093e7 0 169307248 1
2a6cbdaebcd9a4eb732ae5a999f093e7 0 156758913 2
2a6cbdaebcd9a4eb732ae5a999f093e7 0 289889052 1
2a6cbdaebcd9a4eb732ae5a999f093e7 0 312995265 0
2a6cbdaebcd9a4eb732ae5a999f093e7 0 302767444 0
2a6cbdaebcd9a4eb732ae5a999f093e7 0 5987896 0
4ada95d9cb95308ff0c7410e88da3d72 0 126669058 2
4ada95d9cb95308ff0c7410e88da3d72 0 126977425 2
4ada95d9cb95308ff0c7410e88da3d72 0 47738028 2
4ada95d9cb95308ff0c7410e88da3d72 0 8752775 2
4ada95d9cb95308ff0c7410e88da3d72 0 15143570 2
4ada95d9cb95308ff0c7410e88da3d72 0 6377000 2
4ada95d9cb95308ff0c7410e88da3d72 0 141747343 2
4ada95d9cb95308ff0c7410e88da3d72 0 136410784 2
4ada95d9cb95308ff0c7410e88da3d72 0 134355414 2
4ada95d9cb95308ff0c7410e88da3d72 0 2616605 2
4ada95d9cb95308ff0c7410e88da3d72 0 143685911 2
4ada95d9cb95308ff0c7410e88da3d72 0 129954649 2
4ada95d9cb95308ff0c7410e88da3d72 0 8753059 2
4ada95d9cb95308ff0c7410e88da3d72 0 26257527 2
4ada95d9cb95308ff0c7410e88da3d72 0 275751949 2
4ada95d9cb95308ff0c7410e88da3d72 0 161100968 2
4ada95d9cb95308ff0c7410e88da3d72 0 70300223 2
4ada95d9cb95308ff0c7410e88da3d72 0 293019702 2
4ada95d9cb95308ff0c7410e88da3d72 0 138514561 2
4ada95d9cb95308ff0c7410e88da3d72 0 7563121 2
4ada95d9cb95308ff0c7410e88da3d72 0 131423889 2
4ada95d9cb95308ff0c7410e88da3d72 0 45594497 2
4ada95d9cb95308ff0c7410e88da3d72 0 5174603 2
4ada95d9cb95308ff0c7410e88da3d72 0 2576185 2
4ada95d9cb95308ff0c7410e88da3d72 0 51540364 2
4ada95d9cb95308ff0c7410e88da3d72 0 78428937 2
4ada95d9cb95308ff0c7410e88da3d72 0 43530615 2
4ada95d9cb95308ff0c7410e88da3d72 0 70331800 2
2e12172efa17235944608f55b1b7fce0 0 33147701 2
2e12172efa17235944608f55b1b7fce0 0 67185455 2
2e12172efa17235944608f55b1b7fce0 0 162318114 2
2e12172efa17235944608f55b1b7fce0 0 57161877 2
2e12172efa17235944608f55b1b7fce0 0 57919090 2
2e12172efa17235944608f55b1b7fce0 0 63010817 2
2e12172efa17235944608f55b1b7fce0 0 158040585 2
2e12172efa17235944608f55b1b7fce0 0 100093375 2
2e12172efa17235944608f55b1b7fce0 0 28329375 2
2e12172efa17235944608f55b1b7fce0 0 70322216 2
2e12172efa17235944608f55b1b7fce0 0 45244394 2
2e12172efa17235944608f55b1b7fce0 0 37653757 2
2e12172efa17235944608f55b1b7fce0 0 40145583 2
2e12172efa17235944608f55b1b7fce0 0 18510048 2
2e12172efa17235944608f55b1b7fce0 0 18955150 2
2e12172efa17235944608f55b1b7fce0 0 80787540 2
2e12172efa17235944608f55b1b7fce0 0 37908800 2
2e12172efa17235944608f55b1b7fce0 0 7948388 2
2e12172efa17235944608f55b1b7fce0 0 158519111 2
2e12172efa17235944608f55b1b7fce0 0 168556514 2
73bc7287303fb97921389ffba0266c13 0 127143726 2
73bc7287303fb97921389ffba0266c13 0 15176279 2
73bc7287303fb97921389ffba0266c13 0 164422775 2
73bc7287303fb97921389ffba0266c13 0 86036148 2
73bc7287303fb97921389ffba0266c13 0 75911524 2
73bc7287303fb97921389ffba0266c13 0 129945200 1
73bc7287303fb97921389ffba0266c13 0 298411316 2
73bc7287303fb97921389ffba0266c13 0 77300476 2
73bc7287303fb97921389ffba0266c13 0 71261554 1
73bc7287303fb97921389ffba0266c13 0 9983502 2
73bc7287303fb97921389ffba0266c13 0 270420 1
73bc7287303fb97921389ffba0266c13 0 145047528 2
73bc7287303fb97921389ffba0266c13 0 71785725 2
73bc7287303fb97921389ffba0266c13 0 85444178 2
73bc7287303fb97921389ffba0266c13 0 69291129 2
73bc7287303fb97921389ffba0266c13 0 160762837 0
73bc7287303fb97921389ffba0266c13 0 70354166 2
73bc7287303fb97921389ffba0266c13 0 292832360 2
73bc7287303fb97921389ffba0266c13 0 138296719 1
5b9e5bfa057195e7f937fca05ff3ab83 0 39700804 1
5b9e5bfa057195e7f937fca05ff3ab83 0 303324937 0
5b9e5bfa057195e7f937fca05ff3ab83 0 275726592 1
5b9e5bfa057195e7f937fca05ff3ab83 0 157343491 1
5b9e5bfa057195e7f937fca05ff3ab83 0 78115495 1
5b9e5bfa057195e7f937fca05ff3ab83 0 155261326 0
5b9e5bfa057195e7f937fca05ff3ab83 0 302436626 1
5b9e5bfa057195e7f937fca05ff3ab83 0 4866298 2
5b9e5bfa057195e7f937fca05ff3ab83 0 289579033 1
5b9e5bfa057195e7f937fca05ff3ab83 0 279726684 0
5b9e5bfa057195e7f937fca05ff3ab83 0 275809110 1
5b9e5bfa057195e7f937fca05ff3ab83 0 276253228 0
5b9e5bfa057195e7f937fca05ff3ab83 0 44938227 0
5b9e5bfa057195e7f937fca05ff3ab83 0 285036316 0
5b9e5bfa057195e7f937fca05ff3ab83 0 31274082 2
5b9e5bfa057195e7f937fca05ff3ab83 0 164925409 2
5b9e5bfa057195e7f937fca05ff3ab83 0 143138120 0
5b9e5bfa057195e7f937fca05ff3ab83 0 290490049 1
5b9e5bfa057195e7f937fca05ff3ab83 0 295442758 1
5b9e5bfa057195e7f937fca05ff3ab83 0 300142872 2
5b9e5bfa057195e7f937fca05ff3ab83 0 290778730 0
5b9e5bfa057195e7f937fca05ff3ab83 0 305299747 0
5b9e5bfa057195e7f937fca05ff3ab83 0 276251270 2
5b9e5bfa057195e7f937fca05ff3ab83 0 164953710 0
5b9e5bfa057195e7f937fca05ff3ab83 0 306804159 1
5b9e5bfa057195e7f937fca05ff3ab83 0 160024340 0
5b9e5bfa057195e7f937fca05ff3ab83 0 8790578 1
5b9e5bfa057195e7f937fca05ff3ab83 0 309667206 0
6d8e8990e464b9bfbe52609cd40ac00b 0 151060569 2
6d8e8990e464b9bfbe52609cd40ac00b 0 24517458 2
6d8e8990e464b9bfbe52609cd40ac00b 0 11451177 2
6d8e8990e464b9bfbe52609cd40ac00b 0 24517388 2
6d8e8990e464b9bfbe52609cd40ac00b 0 275022334 2
6d8e8990e464b9bfbe52609cd40ac00b 0 54696749 2
6d8e8990e464b9bfbe52609cd40ac00b 0 108216258 2
6d8e8990e464b9bfbe52609cd40ac00b 0 24517385 2
6d8e8990e464b9bfbe52609cd40ac00b 0 62725348 2
6d8e8990e464b9bfbe52609cd40ac00b 0 129957273 2
6d8e8990e464b9bfbe52609cd40ac00b 0 133921249 2
6d8e8990e464b9bfbe52609cd40ac00b 0 136045420 2
6d8e8990e464b9bfbe52609cd40ac00b 0 24517208 2
6d8e8990e464b9bfbe52609cd40ac00b 0 83523983 2
6d8e8990e464b9bfbe52609cd40ac00b 0 24517469 2
6d8e8990e464b9bfbe52609cd40ac00b 0 122822422 2
6d8e8990e464b9bfbe52609cd40ac00b 0 21012273 2
6d8e8990e464b9bfbe52609cd40ac00b 0 24517372 2
6d8e8990e464b9bfbe52609cd40ac00b 0 4372685 2
6d8e8990e464b9bfbe52609cd40ac00b 0 6927485 2
8ca4df85def77168d7d823c10b4e9508 0 4223266 2
8ca4df85def77168d7d823c10b4e9508 0 292044252 1
8ca4df85def77168d7d823c10b4e9508 0 168969932 2
8ca4df85def77168d7d823c10b4e9508 0 18388170 2
8ca4df85def77168d7d823c10b4e9508 0 1173019 1
8ca4df85def77168d7d823c10b4e9508 0 25015653 1
8ca4df85def77168d7d823c10b4e9508 0 233560 2
8ca4df85def77168d7d823c10b4e9508 0 48199785 2
8ca4df85def77168d7d823c10b4e9508 0 10145790 2
8ca4df85def77168d7d823c10b4e9508 0 8388171 2
8ca4df85def77168d7d823c10b4e9508 0 11988777 2
8ca4df85def77168d7d823c10b4e9508 0 31617727 2
8ca4df85def77168d7d823c10b4e9508 0 292711402 2
8ca4df85def77168d7d823c10b4e9508 0 31611655 1
8ca4df85def77168d7d823c10b4e9508 0 6441078 2
8ca4df85def77168d7d823c10b4e9508 0 40553080 1
8ca4df85def77168d7d823c10b4e9508 0 275714225 2
8ca4df85def77168d7d823c10b4e9508 0 45222929 2
a681a45c56438f13b7dfeca913f133e3 0 38937132 2
a681a45c56438f13b7dfeca913f133e3 0 291586555 1
a681a45c56438f13b7dfeca913f133e3 0 6851360 0
a681a45c56438f13b7dfeca913f133e3 0 161770726 0
a681a45c56438f13b7dfeca913f133e3 0 291383221 1
a681a45c56438f13b7dfeca913f133e3 0 297367426 2
a681a45c56438f13b7dfeca913f133e3 0 297971049 2
a681a45c56438f13b7dfeca913f133e3 0 69230490 2
a681a45c56438f13b7dfeca913f133e3 0 41009353 2
a681a45c56438f13b7dfeca913f133e3 0 48123982 2
a681a45c56438f13b7dfeca913f133e3 0 6922585 1
a681a45c56438f13b7dfeca913f133e3 0 54730207 1
a681a45c56438f13b7dfeca913f133e3 0 297239737 2
a681a45c56438f13b7dfeca913f133e3 0 4057547 1
a681a45c56438f13b7dfeca913f133e3 0 48213907 1
a681a45c56438f13b7dfeca913f133e3 0 305269093 2
a681a45c56438f13b7dfeca913f133e3 0 293377959 1
a681a45c56438f13b7dfeca913f133e3 0 295827779 2
a681a45c56438f13b7dfeca913f133e3 0 232127552 2
572eb6a74d192c4730b21f32b62e4741 0 292919778 2
572eb6a74d192c4730b21f32b62e4741 0 291413454 1
572eb6a74d192c4730b21f32b62e4741 0 43229853 2
572eb6a74d192c4730b21f32b62e4741 0 291433187 1
572eb6a74d192c4730b21f32b62e4741 0 290189295 2
572eb6a74d192c4730b21f32b62e4741 0 960588 1
572eb6a74d192c4730b21f32b62e4741 0 299028936 2
572eb6a74d192c4730b21f32b62e4741 0 8661788 1
572eb6a74d192c4730b21f32b62e4741 0 30099700 2
572eb6a74d192c4730b21f32b62e4741 0 71355188 2
572eb6a74d192c4730b21f32b62e4741 0 5498518 2
572eb6a74d192c4730b21f32b62e4741 0 85860044 1
572eb6a74d192c4730b21f32b62e4741 0 291360892 2
572eb6a74d192c4730b21f32b62e4741 0 47151680 2
572eb6a74d192c4730b21f32b62e4741 0 2709525 2
572eb6a74d192c4730b21f32b62e4741 0 302694241 1
572eb6a74d192c4730b21f32b62e4741 0 62317368 0
572eb6a74d192c4730b21f32b62e4741 0 7186847 2
572eb6a74d192c4730b21f32b62e4741 0 4355793 2
572eb6a74d192c4730b21f32b62e4741 0 296164901 2
572eb6a74d192c4730b21f32b62e4741 0 303717632 2
572eb6a74d192c4730b21f32b62e4741 0 4245612 2
572eb6a74d192c4730b21f32b62e4741 0 275834851 2
572eb6a74d192c4730b21f32b62e4741 0 292616498 2
572eb6a74d192c4730b21f32b62e4741 0 166719353 2
572eb6a74d192c4730b21f32b62e4741 0 450746 0
4627d57561793b7e8b4d458a16554ae7 0 69362069 2
4627d57561793b7e8b4d458a16554ae7 0 8813974 2
4627d57561793b7e8b4d458a16554ae7 0 70307495 2
4627d57561793b7e8b4d458a16554ae7 0 164502650 2
4627d57561793b7e8b4d458a16554ae7 0 128642673 2
4627d57561793b7e8b4d458a16554ae7 0 44458997 2
4627d57561793b7e8b4d458a16554ae7 0 74724171 2
4627d57561793b7e8b4d458a16554ae7 0 85661964 2
4627d57561793b7e8b4d458a16554ae7 0 121962297 2
4627d57561793b7e8b4d458a16554ae7 0 70479035 2
4627d57561793b7e8b4d458a16554ae7 0 27635129 2
4627d57561793b7e8b4d458a16554ae7 0 63068533 2
4627d57561793b7e8b4d458a16554ae7 0 70319883 2
4627d57561793b7e8b4d458a16554ae7 0 138181099 2
4627d57561793b7e8b4d458a16554ae7 0 151013635 2
4627d57561793b7e8b4d458a16554ae7 0 70351960 2
4627d57561793b7e8b4d458a16554ae7 0 122364357 2
4627d57561793b7e8b4d458a16554ae7 0 25362491 2
4627d57561793b7e8b4d458a16554ae7 0 71117890 2
4627d57561793b7e8b4d458a16554ae7 0 70352672 2
4627d57561793b7e8b4d458a16554ae7 0 11385868 2
4627d57561793b7e8b4d458a16554ae7 0 109802217 2
4627d57561793b7e8b4d458a16554ae7 0 131424907 2
4627d57561793b7e8b4d458a16554ae7 0 127820690 2
e9527aec68523b8ceb74e12b8685b96a 0 149998889 2
e9527aec68523b8ceb74e12b8685b96a 0 137964465 2
e9527aec68523b8ceb74e12b8685b96a 0 298724878 2
e9527aec68523b8ceb74e12b8685b96a 0 11346868 2
e9527aec68523b8ceb74e12b8685b96a 0 159322990 2
e9527aec68523b8ceb74e12b8685b96a 0 159482712 2
e9527aec68523b8ceb74e12b8685b96a 0 160732113 2
e9527aec68523b8ceb74e12b8685b96a 0 46034502 2
e9527aec68523b8ceb74e12b8685b96a 0 275761846 2
e9527aec68523b8ceb74e12b8685b96a 0 160732695 2
e9527aec68523b8ceb74e12b8685b96a 0 160830767 2
e9527aec68523b8ceb74e12b8685b96a 0 148239389 2
e9527aec68523b8ceb74e12b8685b96a 0 68383861 2
e9527aec68523b8ceb74e12b8685b96a 0 40558764 2
e9527aec68523b8ceb74e12b8685b96a 0 168219686 2
e9527aec68523b8ceb74e12b8685b96a 0 291425249 2
e9527aec68523b8ceb74e12b8685b96a 0 170298257 2
e9527aec68523b8ceb74e12b8685b96a 0 59191133 2
e9527aec68523b8ceb74e12b8685b96a 0 157818308 2
e9527aec68523b8ceb74e12b8685b96a 0 168219822 2
e9527aec68523b8ceb74e12b8685b96a 0 166775834 2
e9527aec68523b8ceb74e12b8685b96a 0 138171344 2
8fd57bca3d2dee0fb125a322eb8da004 0 276390733 2
8fd57bca3d2dee0fb125a322eb8da004 0 62528051 1
8fd57bca3d2dee0fb125a322eb8da004 0 18061493 0
8fd57bca3d2dee0fb125a322eb8da004 0 40374618 2
8fd57bca3d2dee0fb125a322eb8da004 0 31253940 1
8fd57bca3d2dee0fb125a322eb8da004 0 2886620 0
8fd57bca3d2dee0fb125a322eb8da004 0 164534526 2
8fd57bca3d2dee0fb125a322eb8da004 0 158278442 0
8fd57bca3d2dee0fb125a322eb8da004 0 6502265 2
8fd57bca3d2dee0fb125a322eb8da004 0 2535767 1
8fd57bca3d2dee0fb125a322eb8da004 0 290843893 0
8fd57bca3d2dee0fb125a322eb8da004 0 6586951 0
8fd57bca3d2dee0fb125a322eb8da004 0 2482387 1
8fd57bca3d2dee0fb125a322eb8da004 0 2741826 2
8fd57bca3d2dee0fb125a322eb8da004 0 6560608 0
8fd57bca3d2dee0fb125a322eb8da004 0 17197825 1
8fd57bca3d2dee0fb125a322eb8da004 0 15068147 1
8fd57bca3d2dee0fb125a322eb8da004 0 5178534 0
8fd57bca3d2dee0fb125a322eb8da004 0 7795732 0
8fd57bca3d2dee0fb125a322eb8da004 0 2711519 2
8fd57bca3d2dee0fb125a322eb8da004 0 292670700 0
8fd57bca3d2dee0fb125a322eb8da004 0 296673324 2
8fd57bca3d2dee0fb125a322eb8da004 0 171998447 1
8fd57bca3d2dee0fb125a322eb8da004 0 2351766 0
8fd57bca3d2dee0fb125a322eb8da004 0 291229158 2
8fd57bca3d2dee0fb125a322eb8da004 0 146471447 0
8fd57bca3d2dee0fb125a322eb8da004 0 5119952 1
8fd57bca3d2dee0fb125a322eb8da004 0 2581594 0
0d38b85b84ac7195f3ee3c951302499a 0 66690938 2
0d38b85b84ac7195f3ee3c951302499a 0 301535806 2
0d38b85b84ac7195f3ee3c951302499a 0 8016184 2
0d38b85b84ac7195f3ee3c951302499a 0 88963402 2
0d38b85b84ac7195f3ee3c951302499a 0 298357182 1
0d38b85b84ac7195f3ee3c951302499a 0 51087383 2
0d38b85b84ac7195f3ee3c951302499a 0 48202527 1
0d38b85b84ac7195f3ee3c951302499a 0 45519322 1
0d38b85b84ac7195f3ee3c951302499a 0 46435236 2
0d38b85b84ac7195f3ee3c951302499a 0 7774680 1
0d38b85b84ac7195f3ee3c951302499a 0 29215350 2
0d38b85b84ac7195f3ee3c951302499a 0 50722070 2
0d38b85b84ac7195f3ee3c951302499a 0 10357846 1
0d38b85b84ac7195f3ee3c951302499a 0 304951933 1
0d38b85b84ac7195f3ee3c951302499a 0 298036613 2
0d38b85b84ac7195f3ee3c951302499a 0 71339825 2
0d38b85b84ac7195f3ee3c951302499a 0 291425977 2
0d38b85b84ac7195f3ee3c951302499a 0 29360882 2
0d38b85b84ac7195f3ee3c951302499a 0 19455611 2
0d38b85b84ac7195f3ee3c951302499a 0 149873377 2
0d38b85b84ac7195f3ee3c951302499a 0 8791791 0
4d7b5816864a9cbbda5736d6b8811ca6 0 146203423 1
4d7b5816864a9cbbda5736d6b8811ca6 0 132637109 0
4d7b5816864a9cbbda5736d6b8811ca6 0 4864052 0
4d7b5816864a9cbbda5736d6b8811ca6 0 173788611 0
4d7b5816864a9cbbda5736d6b8811ca6 0 297477100 0
4d7b5816864a9cbbda5736d6b8811ca6 0 157026450 0
4d7b5816864a9cbbda5736d6b8811ca6 0 109722300 0
4d7b5816864a9cbbda5736d6b8811ca6 0 39970203 1
4d7b5816864a9cbbda5736d6b8811ca6 0 291505607 0
4d7b5816864a9cbbda5736d6b8811ca6 0 142586203 0
4d7b5816864a9cbbda5736d6b8811ca6 0 303524744 0
4d7b5816864a9cbbda5736d6b8811ca6 0 146887740 1
4d7b5816864a9cbbda5736d6b8811ca6 0 42862005 0
4d7b5816864a9cbbda5736d6b8811ca6 0 291234642 2
4d7b5816864a9cbbda5736d6b8811ca6 0 291384224 1
4d7b5816864a9cbbda5736d6b8811ca6 0 2395216 1
4d7b5816864a9cbbda5736d6b8811ca6 0 29818543 0
4d7b5816864a9cbbda5736d6b8811ca6 0 290009195 0
4d7b5816864a9cbbda5736d6b8811ca6 0 291506809 2
4d7b5816864a9cbbda5736d6b8811ca6 0 149594434 1
4d7b5816864a9cbbda5736d6b8811ca6 0 62636897 0
4d7b5816864a9cbbda5736d6b8811ca6 0 24802405 1
4d7b5816864a9cbbda5736d6b8811ca6 0 159741928 0
4d7b5816864a9cbbda5736d6b8811ca6 0 305722324 0
4d7b5816864a9cbbda5736d6b8811ca6 0 293024852 0
4d7b5816864a9cbbda5736d6b8811ca6 0 301007675 2
4d7b5816864a9cbbda5736d6b8811ca6 0 7961241 1
4d7b5816864a9cbbda5736d6b8811ca6 0 157345775 0
c1b455cf331dc5b1058e63bf0dee8e14 0 39948274 2
c1b455cf331dc5b1058e63bf0dee8e14 0 274813606 2
c1b455cf331dc5b1058e63bf0dee8e14 0 6904912 2
c1b455cf331dc5b1058e63bf0dee8e14 0 36649693 2
c1b455cf331dc5b1058e63bf0dee8e14 0 82917585 2
c1b455cf331dc5b1058e63bf0dee8e14 0 137870853 2
c1b455cf331dc5b1058e63bf0dee8e14 0 238665015 2
c1b455cf331dc5b1058e63bf0dee8e14 0 10113633 2
c1b455cf331dc5b1058e63bf0dee8e14 0 38320542 2
c1b455cf331dc5b1058e63bf0dee8e14 0 36984288 2
c1b455cf331dc5b1058e63bf0dee8e14 0 10105308 2
c1b455cf331dc5b1058e63bf0dee8e14 0 132373171 2
c1b455cf331dc5b1058e63bf0dee8e14 0 276101069 2
c1b455cf331dc5b1058e63bf0dee8e14 0 2518900 2
c1b455cf331dc5b1058e63bf0dee8e14 0 5179479 0
c1b455cf331dc5b1058e63bf0dee8e14 0 149184502 2
c1b455cf331dc5b1058e63bf0dee8e14 0 127427279 2
c1b455cf331dc5b1058e63bf0dee8e14 0 8766978 2
c1b455cf331dc5b1058e63bf0dee8e14 0 290839773 2
c1b455cf331dc5b1058e63bf0dee8e14 0 2868768 2
c1b455cf331dc5b1058e63bf0dee8e14 0 107196690 2
c1b455cf331dc5b1058e63bf0dee8e14 0 24926189 2
c1b455cf331dc5b1058e63bf0dee8e14 0 83948908 2
c1b455cf331dc5b1058e63bf0dee8e14 0 274722889 2
580520dc9b3161d0f2cbb317f8e17f73 0 292324615 2
580520dc9b3161d0f2cbb317f8e17f73 0 37000616 2
580520dc9b3161d0f2cbb317f8e17f73 0 313858167 2
580520dc9b3161d0f2cbb317f8e17f73 0 151274369 2
580520dc9b3161d0f2cbb317f8e17f73 0 152705919 2
580520dc9b3161d0f2cbb317f8e17f73 0 292041734 2
580520dc9b3161d0f2cbb317f8e17f73 0 37995931 2
580520dc9b3161d0f2cbb317f8e17f73 0 86386411 2
580520dc9b3161d0f2cbb317f8e17f73 0 166705320 2
580520dc9b3161d0f2cbb317f8e17f73 0 128014901 2
580520dc9b3161d0f2cbb317f8e17f73 0 51961694 2
580520dc9b3161d0f2cbb317f8e17f73 0 129355772 2
580520dc9b3161d0f2cbb317f8e17f73 0 5180731 2
580520dc9b3161d0f2cbb317f8e17f73 0 133043037 2
580520dc9b3161d0f2cbb317f8e17f73 0 31100170 2
580520dc9b3161d0f2cbb317f8e17f73 0 312354673 2
580520dc9b3161d0f2cbb317f8e17f73 0 63319122 2
580520dc9b3161d0f2cbb317f8e17f73 0 148342890 2
580520dc9b3161d0f2cbb317f8e17f73 0 138843487 2
580520dc9b3161d0f2cbb317f8e17f73 0 78588065 2
580520dc9b3161d0f2cbb317f8e17f73 0 78420899 2
580520dc9b3161d0f2cbb317f8e17f73 0 148293520 2
580520dc9b3161d0f2cbb317f8e17f73 0 78432878 2
580520dc9b3161d0f2cbb317f8e17f73 0 36286139 2
580520dc9b3161d0f2cbb317f8e17f73 0 37995978 2
580520dc9b3161d0f2cbb317f8e17f73 0 168359429 2
580520dc9b3161d0f2cbb317f8e17f73 0 78428937 2
68fbde16e52e4b35607d536ca647192d 0 6837972 2
68fbde16e52e4b35607d536ca647192d 0 295991593 2
68fbde16e52e4b35607d536ca647192d 0 291448623 2
68fbde16e52e4b35607d536ca647192d 0 44149538 2
68fbde16e52e4b35607d536ca647192d 0 292647481 2
68fbde16e52e4b35607d536ca647192d 0 6811501 2
68fbde16e52e4b35607d536ca647192d 0 7333063 2
68fbde16e52e4b35607d536ca647192d 0 128038492 2
68fbde16e52e4b35607d536ca647192d 0 292263630 2
68fbde16e52e4b35607d536ca647192d 0 147663730 2
68fbde16e52e4b35607d536ca647192d 0 15102481 2
68fbde16e52e4b35607d536ca647192d 0 50471488 2
68fbde16e52e4b35607d536ca647192d 0 8786993 2
68fbde16e52e4b35607d536ca647192d 0 290014330 2
68fbde16e52e4b35607d536ca647192d 0 46943928 2
68fbde16e52e4b35607d536ca647192d 0 140387284 2
68fbde16e52e4b35607d536ca647192d 0 70959847 2
68fbde16e52e4b35607d536ca647192d 0 19216109 2
68fbde16e52e4b35607d536ca647192d 0 293430327 2
68fbde16e52e4b35607d536ca647192d 0 70425633 2
68fbde16e52e4b35607d536ca647192d 0 9464191 2
68fbde16e52e4b35607d536ca647192d 0 51486638 2
68fbde16e52e4b35607d536ca647192d 0 136825044 2
68fbde16e52e4b35607d536ca647192d 0 26559362 2
68fbde16e52e4b35607d536ca647192d 0 19123300 2
68fbde16e52e4b35607d536ca647192d 0 154075817 2
68fbde16e52e4b35607d536ca647192d 0 66499884 2
b6e06b28a92115be99a5174a293a288a 0 139955713 2
b6e06b28a92115be99a5174a293a288a 0 149185561 2
b6e06b28a92115be99a5174a293a288a 0 17896996 2
b6e06b28a92115be99a5174a293a288a 0 160617355 2
b6e06b28a92115be99a5174a293a288a 0 16088450 2
b6e06b28a92115be99a5174a293a288a 0 18992027 2
b6e06b28a92115be99a5174a293a288a 0 132454684 2
b6e06b28a92115be99a5174a293a288a 0 19481919 2
b6e06b28a92115be99a5174a293a288a 0 17935987 2
b6e06b28a92115be99a5174a293a288a 0 52957942 2
b6e06b28a92115be99a5174a293a288a 0 40257016 1
b6e06b28a92115be99a5174a293a288a 0 128865712 2
b6e06b28a92115be99a5174a293a288a 0 33067355 1
b6e06b28a92115be99a5174a293a288a 0 62448891 2
b6e06b28a92115be99a5174a293a288a 0 304162196 2
b6e06b28a92115be99a5174a293a288a 0 146428732 2
b6e06b28a92115be99a5174a293a288a 0 52957859 2
5e6ebb6a62cc855b8ec6ae10827af8f1 0 11787321 1
5e6ebb6a62cc855b8ec6ae10827af8f1 0 294828458 0
5e6ebb6a62cc855b8ec6ae10827af8f1 0 51510483 0
5e6ebb6a62cc855b8ec6ae10827af8f1 0 8753233 2
5e6ebb6a62cc855b8ec6ae10827af8f1 0 292480258 1
5e6ebb6a62cc855b8ec6ae10827af8f1 0 49661188 0
5e6ebb6a62cc855b8ec6ae10827af8f1 0 8375631 1
5e6ebb6a62cc855b8ec6ae10827af8f1 0 149926114 0
5e6ebb6a62cc855b8ec6ae10827af8f1 0 297445053 0
5e6ebb6a62cc855b8ec6ae10827af8f1 0 38594659 0
5e6ebb6a62cc855b8ec6ae10827af8f1 0 291374987 0
5e6ebb6a62cc855b8ec6ae10827af8f1 0 168948551 0
5e6ebb6a62cc855b8ec6ae10827af8f1 0 295984024 0
5e6ebb6a62cc855b8ec6ae10827af8f1 0 25144992 0
5e6ebb6a62cc855b8ec6ae10827af8f1 0 38590904 1
5e6ebb6a62cc855b8ec6ae10827af8f1 0 7122779 1
5e6ebb6a62cc855b8ec6ae10827af8f1 0 149926663 1
5e6ebb6a62cc855b8ec6ae10827af8f1 0 33894565 0
5e6ebb6a62cc855b8ec6ae10827af8f1 0 147060087 1
5e6ebb6a62cc855b8ec6ae10827af8f1 0 10911334 0
5e6ebb6a62cc855b8ec6ae10827af8f1 0 69180173 1
5e6ebb6a62cc855b8ec6ae10827af8f1 0 44177749 1
5e6ebb6a62cc855b8ec6ae10827af8f1 0 8703514 0
699de647eba43f9efb7cd502b205b150 0 289556074 2
699de647eba43f9efb7cd502b205b150 0 42886116 1
699de647eba43f9efb7cd502b205b150 0 10130113 1
699de647eba43f9efb7cd502b205b150 0 302730779 1
699de647eba43f9efb7cd502b205b150 0 71364724 0
699de647eba43f9efb7cd502b205b150 0 9047215 1
699de647eba43f9efb7cd502b205b150 0 45030206 2
699de647eba43f9efb7cd502b205b150 0 291430160 2
699de647eba43f9efb7cd502b205b150 0 85862126 2
699de647eba43f9efb7cd502b205b150 0 162438705 2
699de647eba43f9efb7cd502b205b150 0 276512243 2
699de647eba43f9efb7cd502b205b150 0 292348002 2
699de647eba43f9efb7cd502b205b150 0 4000984 2
699de647eba43f9efb7cd502b205b150 0 292993437 2
699de647eba43f9efb7cd502b205b150 0 43414474 2
699de647eba43f9efb7cd502b205b150 0 40912622 2
699de647eba43f9efb7cd502b205b150 0 302432819 2
699de647eba43f9efb7cd502b205b150 0 153806574 2
699de647eba43f9efb7cd502b205b150 0 293039444 2
699de647eba43f9efb7cd502b205b150 0 291433921 2
699de647eba43f9efb7cd502b205b150 0 159808490 2
699de647eba43f9efb7cd502b205b150 0 26706349 2
699de647eba43f9efb7cd502b205b150 0 42463746 2
699de647eba43f9efb7cd502b205b150 0 300271424 2
699de647eba43f9efb7cd502b205b150 0 159808448 2
8563a9d294a5cbb4e837f30028ce6a6d 0 9536868 1
8563a9d294a5cbb4e837f30028ce6a6d 0 287230304 2
8563a9d294a5cbb4e837f30028ce6a6d 0 276608338 2
8563a9d294a5cbb4e837f30028ce6a6d 0 4228533 2
8563a9d294a5cbb4e837f30028ce6a6d 0 8620701 2
8563a9d294a5cbb4e837f30028ce6a6d 0 2452544 2
8563a9d294a5cbb4e837f30028ce6a6d 0 2593242 2
8563a9d294a5cbb4e837f30028ce6a6d 0 127548686 2
8563a9d294a5cbb4e837f30028ce6a6d 0 302476084 2
8563a9d294a5cbb4e837f30028ce6a6d 0 8608413 2
8563a9d294a5cbb4e837f30028ce6a6d 0 2523717 2
8563a9d294a5cbb4e837f30028ce6a6d 0 304786880 2
8563a9d294a5cbb4e837f30028ce6a6d 0 2525374 2
8563a9d294a5cbb4e837f30028ce6a6d 0 2696520 2
8563a9d294a5cbb4e837f30028ce6a6d 0 22855208 2
8563a9d294a5cbb4e837f30028ce6a6d 0 7985908 2
8563a9d294a5cbb4e837f30028ce6a6d 0 5911498 2
8563a9d294a5cbb4e837f30028ce6a6d 0 310982171 2
8563a9d294a5cbb4e837f30028ce6a6d 0 305416943 2
8563a9d294a5cbb4e837f30028ce6a6d 0 63169167 2
8563a9d294a5cbb4e837f30028ce6a6d 0 292410083 2
8563a9d294a5cbb4e837f30028ce6a6d 0 135075829 2
8563a9d294a5cbb4e837f30028ce6a6d 0 7919888 2
8563a9d294a5cbb4e837f30028ce6a6d 0 174851630 2
8563a9d294a5cbb4e837f30028ce6a6d 0 19214752 2
8563a9d294a5cbb4e837f30028ce6a6d 0 19213591 2
6dc135911c7777c35b1eb8e83c839b97 0 120399877 2
6dc135911c7777c35b1eb8e83c839b97 0 159497948 2
6dc135911c7777c35b1eb8e83c839b97 0 70331729 2
6dc135911c7777c35b1eb8e83c839b97 0 70332822 2
6dc135911c7777c35b1eb8e83c839b97 0 70332678 2
6dc135911c7777c35b1eb8e83c839b97 0 58949946 2
6dc135911c7777c35b1eb8e83c839b97 0 133372002 2
6dc135911c7777c35b1eb8e83c839b97 0 128452957 2
6dc135911c7777c35b1eb8e83c839b97 0 129964293 2
6dc135911c7777c35b1eb8e83c839b97 0 145156137 2
6dc135911c7777c35b1eb8e83c839b97 0 57060601 2
6dc135911c7777c35b1eb8e83c839b97 0 8011668 2
6dc135911c7777c35b1eb8e83c839b97 0 70331612 2
6dc135911c7777c35b1eb8e83c839b97 0 71116335 2
6dc135911c7777c35b1eb8e83c839b97 0 70332720 2
6dc135911c7777c35b1eb8e83c839b97 0 129963364 2
6dc135911c7777c35b1eb8e83c839b97 0 100255651 2
6dc135911c7777c35b1eb8e83c839b97 0 74211587 2
6dc135911c7777c35b1eb8e83c839b97 0 88923760 2
6dc135911c7777c35b1eb8e83c839b97 0 58961179 2
6dc135911c7777c35b1eb8e83c839b97 0 150665984 2
6dc135911c7777c35b1eb8e83c839b97 0 70332746 2
6dc135911c7777c35b1eb8e83c839b97 0 143168764 2
6dc135911c7777c35b1eb8e83c839b97 0 97032162 1
6dc135911c7777c35b1eb8e83c839b97 0 129624867 2
6dc135911c7777c35b1eb8e83c839b97 0 10877246 2
6dc135911c7777c35b1eb8e83c839b97 0 144557929 2
ed3ef04dd26e030176c7021315e73c76 0 309223591 1
ed3ef04dd26e030176c7021315e73c76 0 245247684 1
ed3ef04dd26e030176c7021315e73c76 0 157028033 1
ed3ef04dd26e030176c7021315e73c76 0 290105468 0
ed3ef04dd26e030176c7021315e73c76 0 154541000 1
ed3ef04dd26e030176c7021315e73c76 0 168497266 0
ed3ef04dd26e030176c7021315e73c76 0 7020678 1
ed3ef04dd26e030176c7021315e73c76 0 291621382 1
ed3ef04dd26e030176c7021315e73c76 0 44151418 0
ed3ef04dd26e030176c7021315e73c76 0 274710129 1
ed3ef04dd26e030176c7021315e73c76 0 293868769 1
ed3ef04dd26e030176c7021315e73c76 0 295890806 0
ed3ef04dd26e030176c7021315e73c76 0 313598439 0
ed3ef04dd26e030176c7021315e73c76 0 285125693 0
ed3ef04dd26e030176c7021315e73c76 0 289578963 0
ed3ef04dd26e030176c7021315e73c76 0 85859941 0
ed3ef04dd26e030176c7021315e73c76 0 293008007 0
ed3ef04dd26e030176c7021315e73c76 0 291374765 1
ed3ef04dd26e030176c7021315e73c76 0 304469775 0
ed3ef04dd26e030176c7021315e73c76 0 303800412 0
ed3ef04dd26e030176c7021315e73c76 0 276307658 0
ed3ef04dd26e030176c7021315e73c76 0 85863196 0
ed3ef04dd26e030176c7021315e73c76 0 132677650 1
ed3ef04dd26e030176c7021315e73c76 0 156511135 1
ed3ef04dd26e030176c7021315e73c76 0 158156096 0
ed3ef04dd26e030176c7021315e73c76 0 301418453 1
8b3d687daee528cc43fc6bf300117dd6 0 276814552 2
8b3d687daee528cc43fc6bf300117dd6 0 7965961 2
8b3d687daee528cc43fc6bf300117dd6 0 46550041 2
8b3d687daee528cc43fc6bf300117dd6 0 17814526 2
8b3d687daee528cc43fc6bf300117dd6 0 160571709 2
8b3d687daee528cc43fc6bf300117dd6 0 291886962 2
8b3d687daee528cc43fc6bf300117dd6 0 140078728 2
8b3d687daee528cc43fc6bf300117dd6 0 18462271 2
8b3d687daee528cc43fc6bf300117dd6 0 84788679 2
8b3d687daee528cc43fc6bf300117dd6 0 77344804 2
8b3d687daee528cc43fc6bf300117dd6 0 11435228 2
8b3d687daee528cc43fc6bf300117dd6 0 289574275 2
8b3d687daee528cc43fc6bf300117dd6 0 83499972 2
8b3d687daee528cc43fc6bf300117dd6 0 172741260 2
8b3d687daee528cc43fc6bf300117dd6 0 150276646 2
8b3d687daee528cc43fc6bf300117dd6 0 162370235 2
8b3d687daee528cc43fc6bf300117dd6 0 168037876 2
8b3d687daee528cc43fc6bf300117dd6 0 22560565 2
8b3d687daee528cc43fc6bf300117dd6 0 85872300 2
8b3d687daee528cc43fc6bf300117dd6 0 129962855 2
8b3d687daee528cc43fc6bf300117dd6 0 98801782 2
8b3d687daee528cc43fc6bf300117dd6 0 292494072 2
8b3d687daee528cc43fc6bf300117dd6 0 301567016 2
8b3d687daee528cc43fc6bf300117dd6 0 122910904 2
8b3d687daee528cc43fc6bf300117dd6 0 160916694 2
8b3d687daee528cc43fc6bf300117dd6 0 163239813 2
8b3d687daee528cc43fc6bf300117dd6 0 156120924 2
90f745bb104505301fc4ed816be0938c 0 70335127 2
90f745bb104505301fc4ed816be0938c 0 46249606 2
90f745bb104505301fc4ed816be0938c 0 128984119 2
90f745bb104505301fc4ed816be0938c 0 130181996 2
90f745bb104505301fc4ed816be0938c 0 70317707 2
90f745bb104505301fc4ed816be0938c 0 7966139 2
90f745bb104505301fc4ed816be0938c 0 3103596 2
90f745bb104505301fc4ed816be0938c 0 298303680 2
90f745bb104505301fc4ed816be0938c 0 293023970 2
90f745bb104505301fc4ed816be0938c 0 85392833 2
90f745bb104505301fc4ed816be0938c 0 69358078 2
90f745bb104505301fc4ed816be0938c 0 71682708 2
90f745bb104505301fc4ed816be0938c 0 51876886 2
90f745bb104505301fc4ed816be0938c 0 69989032 2
90f745bb104505301fc4ed816be0938c 0 44978360 2
90f745bb104505301fc4ed816be0938c 0 70483688 2
90f745bb104505301fc4ed816be0938c 0 136464102 2
90f745bb104505301fc4ed816be0938c 0 136057224 2
90f745bb104505301fc4ed816be0938c 0 28390103 2
90f745bb104505301fc4ed816be0938c 0 2652201 2
90f745bb104505301fc4ed816be0938c 0 132637164 2
90f745bb104505301fc4ed816be0938c 0 85425975 2
90f745bb104505301fc4ed816be0938c 0 27637653 2
b3daf114c3b41aae4aa05d2a16a07e68 0 85837 0
b3daf114c3b41aae4aa05d2a16a07e68 0 291427252 0
b3daf114c3b41aae4aa05d2a16a07e68 0 291383017 0
b3daf114c3b41aae4aa05d2a16a07e68 0 310851349 0
b3daf114c3b41aae4aa05d2a16a07e68 0 9319609 1
b3daf114c3b41aae4aa05d2a16a07e68 0 126345417 0
b3daf114c3b41aae4aa05d2a16a07e68 0 168225633 0
b3daf114c3b41aae4aa05d2a16a07e68 0 3786657 0
b3daf114c3b41aae4aa05d2a16a07e68 0 170491194 1
b3daf114c3b41aae4aa05d2a16a07e68 0 308893164 0
b3daf114c3b41aae4aa05d2a16a07e68 0 13754717 0
b3daf114c3b41aae4aa05d2a16a07e68 0 13735013 0
b3daf114c3b41aae4aa05d2a16a07e68 0 62558170 0
b3daf114c3b41aae4aa05d2a16a07e68 0 58982383 0
b3daf114c3b41aae4aa05d2a16a07e68 0 297944959 0
b3daf114c3b41aae4aa05d2a16a07e68 0 52205729 0
b3daf114c3b41aae4aa05d2a16a07e68 0 295357361 1
b3daf114c3b41aae4aa05d2a16a07e68 0 6852322 0
b3daf114c3b41aae4aa05d2a16a07e68 0 3774345 0
b3daf114c3b41aae4aa05d2a16a07e68 0 554505 0
b3daf114c3b41aae4aa05d2a16a07e68 0 168413663 0
b3daf114c3b41aae4aa05d2a16a07e68 0 298356247 0
b3daf114c3b41aae4aa05d2a16a07e68 0 139771109 0
b3daf114c3b41aae4aa05d2a16a07e68 0 276512290 0
b3daf114c3b41aae4aa05d2a16a07e68 0 127229308 0
b3daf114c3b41aae4aa05d2a16a07e68 0 291423993 0
b3daf114c3b41aae4aa05d2a16a07e68 0 297175261 0
d19e7b4de358bcfeb89e06095dc26419 0 12207138 2
d19e7b4de358bcfeb89e06095dc26419 0 31507020 0
d19e7b4de358bcfeb89e06095dc26419 0 11872345 2
d19e7b4de358bcfeb89e06095dc26419 0 42981054 1
d19e7b4de358bcfeb89e06095dc26419 0 70999074 1
d19e7b4de358bcfeb89e06095dc26419 0 250021 2
d19e7b4de358bcfeb89e06095dc26419 0 83115587 0
d19e7b4de358bcfeb89e06095dc26419 0 568397 2
d19e7b4de358bcfeb89e06095dc26419 0 299801805 1
d19e7b4de358bcfeb89e06095dc26419 0 300892348 1
d19e7b4de358bcfeb89e06095dc26419 0 36991363 2
d19e7b4de358bcfeb89e06095dc26419 0 6543501 2
d19e7b4de358bcfeb89e06095dc26419 0 127167975 0
d19e7b4de358bcfeb89e06095dc26419 0 310165846 2
d19e7b4de358bcfeb89e06095dc26419 0 62546150 0
d19e7b4de358bcfeb89e06095dc26419 0 26257622 0
d19e7b4de358bcfeb89e06095dc26419 0 308897150 2
d19e7b4de358bcfeb89e06095dc26419 0 16182788 0
d19e7b4de358bcfeb89e06095dc26419 0 9652015 2
d19e7b4de358bcfeb89e06095dc26419 0 33893720 2
d19e7b4de358bcfeb89e06095dc26419 0 946320 2
d19e7b4de358bcfeb89e06095dc26419 0 687220 2
d19e7b4de358bcfeb89e06095dc26419 0 17804393 1
d19e7b4de358bcfeb89e06095dc26419 0 33894675 1
d19e7b4de358bcfeb89e06095dc26419 0 10280275 0
d19e7b4de358bcfeb89e06095dc26419 0 16116567 2
d19e7b4de358bcfeb89e06095dc26419 0 8203466 2
d19e7b4de358bcfeb89e06095dc26419 0 8681037 2
bdabca89a6c2f25642937da35f8f944a 0 63279831 1
bdabca89a6c2f25642937da35f8f944a 0 69437213 1
bdabca89a6c2f25642937da35f8f944a 0 308775420 2
bdabca89a6c2f25642937da35f8f944a 0 71369012 0
bdabca89a6c2f25642937da35f8f944a 0 160459555 2
bdabca89a6c2f25642937da35f8f944a 0 14376714 0
bdabca89a6c2f25642937da35f8f944a 0 301841794 0
bdabca89a6c2f25642937da35f8f944a 0 301841674 0
bdabca89a6c2f25642937da35f8f944a 0 61716558 1
bdabca89a6c2f25642937da35f8f944a 0 27322946 0
bdabca89a6c2f25642937da35f8f944a 0 131186370 1
bdabca89a6c2f25642937da35f8f944a 0 9085219 2
bdabca89a6c2f25642937da35f8f944a 0 28441293 0
bdabca89a6c2f25642937da35f8f944a 0 80483224 0
bdabca89a6c2f25642937da35f8f944a 0 80087015 2
30662a82cca7c82d5b28b4a2b31749ea 0 85866492 2
30662a82cca7c82d5b28b4a2b31749ea 0 274847219 2
30662a82cca7c82d5b28b4a2b31749ea 0 303323322 2
30662a82cca7c82d5b28b4a2b31749ea 0 279723289 2
30662a82cca7c82d5b28b4a2b31749ea 0 43413660 1
30662a82cca7c82d5b28b4a2b31749ea 0 292289589 2
30662a82cca7c82d5b28b4a2b31749ea 0 149926245 2
30662a82cca7c82d5b28b4a2b31749ea 0 290850278 1
30662a82cca7c82d5b28b4a2b31749ea 0 289578539 2
30662a82cca7c82d5b28b4a2b31749ea 0 284780963 2
30662a82cca7c82d5b28b4a2b31749ea 0 309156945 1
30662a82cca7c82d5b28b4a2b31749ea 0 305749363 2
30662a82cca7c82d5b28b4a2b31749ea 0 276303914 2
30662a82cca7c82d5b28b4a2b31749ea 0 293420928 2
30662a82cca7c82d5b28b4a2b31749ea 0 155707277 2
30662a82cca7c82d5b28b4a2b31749ea 0 78282327 1
30662a82cca7c82d5b28b4a2b31749ea 0 142456114 1
30662a82cca7c82d5b28b4a2b31749ea 0 39982011 1
30662a82cca7c82d5b28b4a2b31749ea 0 289784125 1
30662a82cca7c82d5b28b4a2b31749ea 0 274841842 1
30662a82cca7c82d5b28b4a2b31749ea 0 297370949 2
30662a82cca7c82d5b28b4a2b31749ea 0 133579053 2
30662a82cca7c82d5b28b4a2b31749ea 0 149556392 2
30662a82cca7c82d5b28b4a2b31749ea 0 39474996 2
30662a82cca7c82d5b28b4a2b31749ea 0 85857081 2
30662a82cca7c82d5b28b4a2b31749ea 0 276520523 2
30662a82cca7c82d5b28b4a2b31749ea 0 274842335 2
ed4ab7c72b4729237533df75b6d49ba9 0 291375537 0
ed4ab7c72b4729237533df75b6d49ba9 0 298904829 1
ed4ab7c72b4729237533df75b6d49ba9 0 158269569 0
ed4ab7c72b4729237533df75b6d49ba9 0 274114778 1
ed4ab7c72b4729237533df75b6d49ba9 0 82917754 0
ed4ab7c72b4729237533df75b6d49ba9 0 75487179 0
ed4ab7c72b4729237533df75b6d49ba9 0 2564654 1
ed4ab7c72b4729237533df75b6d49ba9 0 3047254 0
ed4ab7c72b4729237533df75b6d49ba9 0 36996990 0
ed4ab7c72b4729237533df75b6d49ba9 0 172641658 2
ed4ab7c72b4729237533df75b6d49ba9 0 142514726 0
ed4ab7c72b4729237533df75b6d49ba9 0 19818828 1
ed4ab7c72b4729237533df75b6d49ba9 0 292281832 1
ed4ab7c72b4729237533df75b6d49ba9 0 136408623 1
ed4ab7c72b4729237533df75b6d49ba9 0 2702731 0
ed4ab7c72b4729237533df75b6d49ba9 0 158291957 0
ed4ab7c72b4729237533df75b6d49ba9 0 51733139 1
ed4ab7c72b4729237533df75b6d49ba9 0 19429517 0
ed4ab7c72b4729237533df75b6d49ba9 0 98804373 1
ed4ab7c72b4729237533df75b6d49ba9 0 126959876 0
ed4ab7c72b4729237533df75b6d49ba9 0 83857212 1
ed4ab7c72b4729237533df75b6d49ba9 0 312922639 1
ed4ab7c72b4729237533df75b6d49ba9 0 132687063 1
ed4ab7c72b4729237533df75b6d49ba9 0 148213375 0
ed4ab7c72b4729237533df75b6d49ba9 0 309787220 1
f62685636ac62d31531f6ddf49d0a0df 0 61593354 2
f62685636ac62d31531f6ddf49d0a0df 0 149998872 2
f62685636ac62d31531f6ddf49d0a0df 0 122667804 2
f62685636ac62d31531f6ddf49d0a0df 0 274735836 2
f62685636ac62d31531f6ddf49d0a0df 0 17807113 2
f62685636ac62d31531f6ddf49d0a0df 0 160410426 1
f62685636ac62d31531f6ddf49d0a0df 0 84295238 2
f62685636ac62d31531f6ddf49d0a0df 0 232787986 0
f62685636ac62d31531f6ddf49d0a0df 0 17813561 2
f62685636ac62d31531f6ddf49d0a0df 0 40321013 0
f62685636ac62d31531f6ddf49d0a0df 0 17803426 2
f62685636ac62d31531f6ddf49d0a0df 0 165117884 0
f62685636ac62d31531f6ddf49d0a0df 0 290973913 2
f62685636ac62d31531f6ddf49d0a0df 0 128914375 1
f62685636ac62d31531f6ddf49d0a0df 0 37734757 1
f62685636ac62d31531f6ddf49d0a0df 0 132453160 2
f62685636ac62d31531f6ddf49d0a0df 0 100093375 2
f62685636ac62d31531f6ddf49d0a0df 0 308699301 2
9adcf4e727570649a8eb6bfb46ec4b6f 0 17595587 2
9adcf4e727570649a8eb6bfb46ec4b6f 0 19211844 2
9adcf4e727570649a8eb6bfb46ec4b6f 0 290860236 2
9adcf4e727570649a8eb6bfb46ec4b6f 0 290961711 2
9adcf4e727570649a8eb6bfb46ec4b6f 0 290933012 2
9adcf4e727570649a8eb6bfb46ec4b6f 0 2488200 2
9adcf4e727570649a8eb6bfb46ec4b6f 0 62546397 2
9adcf4e727570649a8eb6bfb46ec4b6f 0 12114722 2
9adcf4e727570649a8eb6bfb46ec4b6f 0 2974827 2
9adcf4e727570649a8eb6bfb46ec4b6f 0 24801155 2
9adcf4e727570649a8eb6bfb46ec4b6f 0 5851143 2
9adcf4e727570649a8eb6bfb46ec4b6f 0 54022822 2
9adcf4e727570649a8eb6bfb46ec4b6f 0 2969774 2
9adcf4e727570649a8eb6bfb46ec4b6f 0 43689367 2
9adcf4e727570649a8eb6bfb46ec4b6f 0 4492607 2
9adcf4e727570649a8eb6bfb46ec4b6f 0 62546862 2
9adcf4e727570649a8eb6bfb46ec4b6f 0 18698532 2
9adcf4e727570649a8eb6bfb46ec4b6f 0 59387073 2
9adcf4e727570649a8eb6bfb46ec4b6f 0 245363981 1
9adcf4e727570649a8eb6bfb46ec4b6f 0 44859039 2
9adcf4e727570649a8eb6bfb46ec4b6f 0 33945906 2
9adcf4e727570649a8eb6bfb46ec4b6f 0 70331821 2
9adcf4e727570649a8eb6bfb46ec4b6f 0 292558210 2
9adcf4e727570649a8eb6bfb46ec4b6f 0 171640499 2
9adcf4e727570649a8eb6bfb46ec4b6f 0 37872789 2
9adcf4e727570649a8eb6bfb46ec4b6f 0 8422663 2
9adcf4e727570649a8eb6bfb46ec4b6f 0 25035015 2
9adcf4e727570649a8eb6bfb46ec4b6f 0 9823999 2
9adcf4e727570649a8eb6bfb46ec4b6f 0 144555 2
9adcf4e727570649a8eb6bfb46ec4b6f 0 44880755 2
35118e95c5a9c6430fc9aa0b0225bb1f 0 275717760 0
35118e95c5a9c6430fc9aa0b0225bb1f 0 160460788 1
35118e95c5a9c6430fc9aa0b0225bb1f 0 132267245 0
35118e95c5a9c6430fc9aa0b0225bb1f 0 132277417 0
35118e95c5a9c6430fc9aa0b0225bb1f 0 132267227 0
35118e95c5a9c6430fc9aa0b0225bb1f 0 74709771 0
35118e95c5a9c6430fc9aa0b0225bb1f 0 290977523 0
35118e95c5a9c6430fc9aa0b0225bb1f 0 24753466 0
35118e95c5a9c6430fc9aa0b0225bb1f 0 132267233 0
35118e95c5a9c6430fc9aa0b0225bb1f 0 70410757 1
35118e95c5a9c6430fc9aa0b0225bb1f 0 46359695 0
35118e95c5a9c6430fc9aa0b0225bb1f 0 132267232 0
35118e95c5a9c6430fc9aa0b0225bb1f 0 46360974 1
35118e95c5a9c6430fc9aa0b0225bb1f 0 46355293 0
35118e95c5a9c6430fc9aa0b0225bb1f 0 46358891 1
35118e95c5a9c6430fc9aa0b0225bb1f 0 132277032 0
35118e95c5a9c6430fc9aa0b0225bb1f 0 61753434 0
35118e95c5a9c6430fc9aa0b0225bb1f 0 46355235 1
35118e95c5a9c6430fc9aa0b0225bb1f 0 46358445 0
35118e95c5a9c6430fc9aa0b0225bb1f 0 70410694 0
35118e95c5a9c6430fc9aa0b0225bb1f 0 46359585 0
35118e95c5a9c6430fc9aa0b0225bb1f 0 148919694 0
35118e95c5a9c6430fc9aa0b0225bb1f 0 163396001 0
35118e95c5a9c6430fc9aa0b0225bb1f 0 7084001 0
35118e95c5a9c6430fc9aa0b0225bb1f 0 132267244 0
35118e95c5a9c6430fc9aa0b0225bb1f 0 124879651 0
4d3b0cddf732fb9e2b86483cbb6842aa 0 42617661 2
4d3b0cddf732fb9e2b86483cbb6842aa 0 303008627 2
4d3b0cddf732fb9e2b86483cbb6842aa 0 159489965 2
4d3b0cddf732fb9e2b86483cbb6842aa 0 275864782 2
4d3b0cddf732fb9e2b86483cbb6842aa 0 155486420 2
4d3b0cddf732fb9e2b86483cbb6842aa 0 132926813 2
4d3b0cddf732fb9e2b86483cbb6842aa 0 153116615 2
4d3b0cddf732fb9e2b86483cbb6842aa 0 296711879 2
4d3b0cddf732fb9e2b86483cbb6842aa 0 2582526 2
4d3b0cddf732fb9e2b86483cbb6842aa 0 3015835 2
4d3b0cddf732fb9e2b86483cbb6842aa 0 133430136 2
4d3b0cddf732fb9e2b86483cbb6842aa 0 150420365 2
4d3b0cddf732fb9e2b86483cbb6842aa 0 173699831 1
4d3b0cddf732fb9e2b86483cbb6842aa 0 292773366 2
4d3b0cddf732fb9e2b86483cbb6842aa 0 129821807 2
4d3b0cddf732fb9e2b86483cbb6842aa 0 43524304 2
4d3b0cddf732fb9e2b86483cbb6842aa 0 275627740 2
4d3b0cddf732fb9e2b86483cbb6842aa 0 126963929 2
4d3b0cddf732fb9e2b86483cbb6842aa 0 150395026 2
4d3b0cddf732fb9e2b86483cbb6842aa 0 150420374 2
02aea38d9476aad8e00092422990f392 0 291840345 2
02aea38d9476aad8e00092422990f392 0 289843019 1
02aea38d9476aad8e00092422990f392 0 108216880 2
02aea38d9476aad8e00092422990f392 0 135582624 1
02aea38d9476aad8e00092422990f392 0 279726616 0
02aea38d9476aad8e00092422990f392 0 287345715 2
02aea38d9476aad8e00092422990f392 0 299841569 2
02aea38d9476aad8e00092422990f392 0 275045551 2
02aea38d9476aad8e00092422990f392 0 291840264 1
02aea38d9476aad8e00092422990f392 0 302671609 2
02aea38d9476aad8e00092422990f392 0 166405834 2
02aea38d9476aad8e00092422990f392 0 171178029 1
02aea38d9476aad8e00092422990f392 0 299961491 2
02aea38d9476aad8e00092422990f392 0 295040397 2
02aea38d9476aad8e00092422990f392 0 291840275 2
02aea38d9476aad8e00092422990f392 0 150643819 2
02aea38d9476aad8e00092422990f392 0 301423232 1
02aea38d9476aad8e00092422990f392 0 290967260 2
02aea38d9476aad8e00092422990f392 0 157768606 2
02aea38d9476aad8e00092422990f392 0 298740428 2
02aea38d9476aad8e00092422990f392 0 293234978 2
02aea38d9476aad8e00092422990f392 0 291840286 2
02aea38d9476aad8e00092422990f392 0 160425413 1
02aea38d9476aad8e00092422990f392 0 291808715 2
02aea38d9476aad8e00092422990f392 0 289728704 2
02aea38d9476aad8e00092422990f392 0 169005731 2
02aea38d9476aad8e00092422990f392 0 291801680 2
02aea38d9476aad8e00092422990f392 0 156592554 2
02aea38d9476aad8e00092422990f392 0 160143609 2
56311e2226162fc29277c68b6e6e586b 0 122667804 1
56311e2226162fc29277c68b6e6e586b 0 85659645 2
56311e2226162fc29277c68b6e6e586b 0 171823391 2
56311e2226162fc29277c68b6e6e586b 0 157785805 1
56311e2226162fc29277c68b6e6e586b 0 308871214 1
56311e2226162fc29277c68b6e6e586b 0 155486913 1
56311e2226162fc29277c68b6e6e586b 0 301422509 2
56311e2226162fc29277c68b6e6e586b 0 79248379 1
56311e2226162fc29277c68b6e6e586b 0 159416937 2
56311e2226162fc29277c68b6e6e586b 0 159297887 0
56311e2226162fc29277c68b6e6e586b 0 149981279 1
56311e2226162fc29277c68b6e6e586b 0 160668208 2
56311e2226162fc29277c68b6e6e586b 0 150335340 0
56311e2226162fc29277c68b6e6e586b 0 126854845 1
56311e2226162fc29277c68b6e6e586b 0 301289406 1
56311e2226162fc29277c68b6e6e586b 0 152630251 2
56311e2226162fc29277c68b6e6e586b 0 155032810 1
56311e2226162fc29277c68b6e6e586b 0 167402872 1
56311e2226162fc29277c68b6e6e586b 0 150034555 1
56311e2226162fc29277c68b6e6e586b 0 292804587 1
56311e2226162fc29277c68b6e6e586b 0 160718258 2
56311e2226162fc29277c68b6e6e586b 0 157115101 1
56311e2226162fc29277c68b6e6e586b 0 153542354 1
56311e2226162fc29277c68b6e6e586b 0 153834860 1
76be2c2feaa6afe12f0cf06cd869b150 0 126767967 1
76be2c2feaa6afe12f0cf06cd869b150 0 122782560 2
76be2c2feaa6afe12f0cf06cd869b150 0 289555384 2
76be2c2feaa6afe12f0cf06cd869b150 0 89336882 2
76be2c2feaa6afe12f0cf06cd869b150 0 290398706 2
76be2c2feaa6afe12f0cf06cd869b150 0 68797459 2
76be2c2feaa6afe12f0cf06cd869b150 0 164655229 2
76be2c2feaa6afe12f0cf06cd869b150 0 156824027 2
76be2c2feaa6afe12f0cf06cd869b150 0 160921205 2
76be2c2feaa6afe12f0cf06cd869b150 0 80079543 1
76be2c2feaa6afe12f0cf06cd869b150 0 171727009 2
76be2c2feaa6afe12f0cf06cd869b150 0 17814084 2
76be2c2feaa6afe12f0cf06cd869b150 0 164665377 2
76be2c2feaa6afe12f0cf06cd869b150 0 57016337 2
76be2c2feaa6afe12f0cf06cd869b150 0 74591577 2
3af92c9858b2150b92369b71e7c4e121 0 52227725 2
3af92c9858b2150b92369b71e7c4e121 0 281464390 2
3af92c9858b2150b92369b71e7c4e121 0 18064238 2
3af92c9858b2150b92369b71e7c4e121 0 42846746 2
3af92c9858b2150b92369b71e7c4e121 0 305454185 2
3af92c9858b2150b92369b71e7c4e121 0 276301293 2
3af92c9858b2150b92369b71e7c4e121 0 24776616 2
3af92c9858b2150b92369b71e7c4e121 0 276112039 2
3af92c9858b2150b92369b71e7c4e121 0 54171223 2
3af92c9858b2150b92369b71e7c4e121 0 43123156 2
3af92c9858b2150b92369b71e7c4e121 0 18046260 2
3af92c9858b2150b92369b71e7c4e121 0 85954580 2
3af92c9858b2150b92369b71e7c4e121 0 302698885 2
3af92c9858b2150b92369b71e7c4e121 0 42866298 2
3af92c9858b2150b92369b71e7c4e121 0 24772941 2
3af92c9858b2150b92369b71e7c4e121 0 282317680 2
3af92c9858b2150b92369b71e7c4e121 0 275103426 2
3af92c9858b2150b92369b71e7c4e121 0 54163720 2
3af92c9858b2150b92369b71e7c4e121 0 18050154 2
3af92c9858b2150b92369b71e7c4e121 0 40829423 2
3af92c9858b2150b92369b71e7c4e121 0 45151375 2
3af92c9858b2150b92369b71e7c4e121 0 44610750 2
3af92c9858b2150b92369b71e7c4e121 0 241118809 2
3af92c9858b2150b92369b71e7c4e121 0 44607774 2
a267b55325bb8834cd478d7f644d333d 0 8644328 2
a267b55325bb8834cd478d7f644d333d 0 78256445 2
a267b55325bb8834cd478d7f644d333d 0 301580777 2
a267b55325bb8834cd478d7f644d333d 0 12150265 2
a267b55325bb8834cd478d7f644d333d 0 47000893 2
a267b55325bb8834cd478d7f644d333d 0 2523790 2
a267b55325bb8834cd478d7f644d333d 0 12004558 2
a267b55325bb8834cd478d7f644d333d 0 11997163 2
a267b55325bb8834cd478d7f644d333d 0 14379279 2
a267b55325bb8834cd478d7f644d333d 0 45593011 2
a267b55325bb8834cd478d7f644d333d 0 26684999 2
a267b55325bb8834cd478d7f644d333d 0 125162911 2
a267b55325bb8834cd478d7f644d333d 0 51699491 2
a267b55325bb8834cd478d7f644d333d 0 12006980 2
a267b55325bb8834cd478d7f644d333d 0 30744262 2
a267b55325bb8834cd478d7f644d333d 0 274812556 2
a267b55325bb8834cd478d7f644d333d 0 10247359 2
a267b55325bb8834cd478d7f644d333d 0 140496694 2
a267b55325bb8834cd478d7f644d333d 0 158283483 2
a267b55325bb8834cd478d7f644d333d 0 44978219 2
a267b55325bb8834cd478d7f644d333d 0 74726166 2
a267b55325bb8834cd478d7f644d333d 0 45512157 2
a267b55325bb8834cd478d7f644d333d 0 155485551 2
a267b55325bb8834cd478d7f644d333d 0 49425145 2
a267b55325bb8834cd478d7f644d333d 0 30791843 2
a267b55325bb8834cd478d7f644d333d 0 44675528 2
c434188f8d2aa3111765a091749c3ef5 0 124975 0
c434188f8d2aa3111765a091749c3ef5 0 276182262 2
c434188f8d2aa3111765a091749c3ef5 0 60573055 1
c434188f8d2aa3111765a091749c3ef5 0 6497937 2
c434188f8d2aa3111765a091749c3ef5 0 11924804 1
c434188f8d2aa3111765a091749c3ef5 0 159291466 0
c434188f8d2aa3111765a091749c3ef5 0 11019492 0
c434188f8d2aa3111765a091749c3ef5 0 276182228 1
c434188f8d2aa3111765a091749c3ef5 0 302745917 1
c434188f8d2aa3111765a091749c3ef5 0 14193942 0
c434188f8d2aa3111765a091749c3ef5 0 290410562 1
c434188f8d2aa3111765a091749c3ef5 0 43495619 1
c434188f8d2aa3111765a091749c3ef5 0 11985364 1
c434188f8d2aa3111765a091749c3ef5 0 134964751 1
c434188f8d2aa3111765a091749c3ef5 0 294934161 1
c434188f8d2aa3111765a091749c3ef5 0 159576753 1
c434188f8d2aa3111765a091749c3ef5 0 289500353 0
c434188f8d2aa3111765a091749c3ef5 0 65485224 1
c434188f8d2aa3111765a091749c3ef5 0 146501595 1
c434188f8d2aa3111765a091749c3ef5 0 18755575 0
c434188f8d2aa3111765a091749c3ef5 0 305120892 1
e7a4ee6f885fdc25a0d3fef9483e59be 0 58967723 2
e7a4ee6f885fdc25a0d3fef9483e59be 0 58974793 2
e7a4ee6f885fdc25a0d3fef9483e59be 0 310165542 2
e7a4ee6f885fdc25a0d3fef9483e59be 0 85598092 2
e7a4ee6f885fdc25a0d3fef9483e59be 0 58969300 2
e7a4ee6f885fdc25a0d3fef9483e59be 0 303641718 2
e7a4ee6f885fdc25a0d3fef9483e59be 0 54159185 2
e7a4ee6f885fdc25a0d3fef9483e59be 0 58980472 2
e7a4ee6f885fdc25a0d3fef9483e59be 0 58966190 1
e7a4ee6f885fdc25a0d3fef9483e59be 0 58954850 2
e7a4ee6f885fdc25a0d3fef9483e59be 0 171560541 2
e7a4ee6f885fdc25a0d3fef9483e59be 0 298643720 2
e7a4ee6f885fdc25a0d3fef9483e59be 0 58970096 2
e7a4ee6f885fdc25a0d3fef9483e59be 0 289576925 2
e7a4ee6f885fdc25a0d3fef9483e59be 0 85573957 2
e7a4ee6f885fdc25a0d3fef9483e59be 0 276308263 2
e7a4ee6f885fdc25a0d3fef9483e59be 0 59118642 2
e7a4ee6f885fdc25a0d3fef9483e59be 0 302375584 2
e7a4ee6f885fdc25a0d3fef9483e59be 0 85800543 2
e7a4ee6f885fdc25a0d3fef9483e59be 0 58962388 2
e7a4ee6f885fdc25a0d3fef9483e59be 0 58983057 2
e7a4ee6f885fdc25a0d3fef9483e59be 0 85840783 2
e7a4ee6f885fdc25a0d3fef9483e59be 0 312126443 2
a62f9ceb4838c5de23d0028a1ba20d97 0 292065895 1
a62f9ceb4838c5de23d0028a1ba20d97 0 2575689 0
a62f9ceb4838c5de23d0028a1ba20d97 0 2713155 0
a62f9ceb4838c5de23d0028a1ba20d97 0 289768899 0
a62f9ceb4838c5de23d0028a1ba20d97 0 275447744 0
a62f9ceb4838c5de23d0028a1ba20d97 0 4759654 1
a62f9ceb4838c5de23d0028a1ba20d97 0 295826954 2
a62f9ceb4838c5de23d0028a1ba20d97 0 18931750 0
a62f9ceb4838c5de23d0028a1ba20d97 0 148161880 0
a62f9ceb4838c5de23d0028a1ba20d97 0 146470958 0
a62f9ceb4838c5de23d0028a1ba20d97 0 301334771 1
a62f9ceb4838c5de23d0028a1ba20d97 0 148698877 0
a62f9ceb4838c5de23d0028a1ba20d97 0 294336772 0
a62f9ceb4838c5de23d0028a1ba20d97 0 290294629 1
a62f9ceb4838c5de23d0028a1ba20d97 0 2694017 0
a62f9ceb4838c5de23d0028a1ba20d97 0 293366829 1
a62f9ceb4838c5de23d0028a1ba20d97 0 12135293 1
a62f9ceb4838c5de23d0028a1ba20d97 0 8016953 0
a62f9ceb4838c5de23d0028a1ba20d97 0 122584921 0
a62f9ceb4838c5de23d0028a1ba20d97 0 6102678 0
a62f9ceb4838c5de23d0028a1ba20d97 0 235074 0
a62f9ceb4838c5de23d0028a1ba20d97 0 291881819 0
a62f9ceb4838c5de23d0028a1ba20d97 0 292349930 0
a62f9ceb4838c5de23d0028a1ba20d97 0 75476979 0
a62f9ceb4838c5de23d0028a1ba20d97 0 5159164 0
a62f9ceb4838c5de23d0028a1ba20d97 0 14915793 0
a62f9ceb4838c5de23d0028a1ba20d97 0 2666859 0
a62f9ceb4838c5de23d0028a1ba20d97 0 135982667 0
a62f9ceb4838c5de23d0028a1ba20d97 0 274838507 0
67f8b0b8c80910677c062be26466333e 0 124585534 1
67f8b0b8c80910677c062be26466333e 0 54174513 2
67f8b0b8c80910677c062be26466333e 0 299838397 2
67f8b0b8c80910677c062be26466333e 0 44778130 2
67f8b0b8c80910677c062be26466333e 0 300970042 2
67f8b0b8c80910677c062be26466333e 0 149947810 2
67f8b0b8c80910677c062be26466333e 0 295427567 0
67f8b0b8c80910677c062be26466333e 0 289667859 2
67f8b0b8c80910677c062be26466333e 0 128376011 1
67f8b0b8c80910677c062be26466333e 0 135614806 2
67f8b0b8c80910677c062be26466333e 0 166425302 2
67f8b0b8c80910677c062be26466333e 0 169073643 2
67f8b0b8c80910677c062be26466333e 0 276253033 0
67f8b0b8c80910677c062be26466333e 0 144853862 2
67f8b0b8c80910677c062be26466333e 0 148524775 0
67f8b0b8c80910677c062be26466333e 0 134517125 2
67f8b0b8c80910677c062be26466333e 0 132319344 0
67f8b0b8c80910677c062be26466333e 0 153392734 1
67f8b0b8c80910677c062be26466333e 0 299394658 2
67f8b0b8c80910677c062be26466333e 0 8384111 1
67f8b0b8c80910677c062be26466333e 0 300791153 2
81a038f937cdcf788bc481699a37f494 0 159295558 2
81a038f937cdcf788bc481699a37f494 0 101086665 2
81a038f937cdcf788bc481699a37f494 0 62728936 2
81a038f937cdcf788bc481699a37f494 0 57123961 2
81a038f937cdcf788bc481699a37f494 0 136649702 2
81a038f937cdcf788bc481699a37f494 0 156940263 2
81a038f937cdcf788bc481699a37f494 0 124931189 2
81a038f937cdcf788bc481699a37f494 0 292561749 2
81a038f937cdcf788bc481699a37f494 0 293037121 2
81a038f937cdcf788bc481699a37f494 0 164652791 2
81a038f937cdcf788bc481699a37f494 0 158147248 2
81a038f937cdcf788bc481699a37f494 0 18985325 1
81a038f937cdcf788bc481699a37f494 0 76270073 2
81a038f937cdcf788bc481699a37f494 0 131586142 2
81a038f937cdcf788bc481699a37f494 0 68608590 2
81a038f937cdcf788bc481699a37f494 0 69991813 2
81a038f937cdcf788bc481699a37f494 0 109864300 0
13df3c9c68658cdc669b48cf98cf054c 0 276428214 0
13df3c9c68658cdc669b48cf98cf054c 0 292250889 1
13df3c9c68658cdc669b48cf98cf054c 0 51934712 0
13df3c9c68658cdc669b48cf98cf054c 0 2783597 0
13df3c9c68658cdc669b48cf98cf054c 0 121262561 0
13df3c9c68658cdc669b48cf98cf054c 0 159577942 0
13df3c9c68658cdc669b48cf98cf054c 0 155648513 0
13df3c9c68658cdc669b48cf98cf054c 0 8036378 1
13df3c9c68658cdc669b48cf98cf054c 0 159579752 0
13df3c9c68658cdc669b48cf98cf054c 0 10099574 0
13df3c9c68658cdc669b48cf98cf054c 0 289557774 0
13df3c9c68658cdc669b48cf98cf054c 0 9186552 0
13df3c9c68658cdc669b48cf98cf054c 0 18479109 0
13df3c9c68658cdc669b48cf98cf054c 0 42978750 0
13df3c9c68658cdc669b48cf98cf054c 0 213798 1
13df3c9c68658cdc669b48cf98cf054c 0 71124225 0
13df3c9c68658cdc669b48cf98cf054c 0 24814623 0
13df3c9c68658cdc669b48cf98cf054c 0 8007568 0
13df3c9c68658cdc669b48cf98cf054c 0 46109144 0
13df3c9c68658cdc669b48cf98cf054c 0 19531331 0
13df3c9c68658cdc669b48cf98cf054c 0 276605242 0
c1131ebcb44d90b061552407c7926e41 0 6240149 2
c1131ebcb44d90b061552407c7926e41 0 295605186 0
c1131ebcb44d90b061552407c7926e41 0 34140548 1
c1131ebcb44d90b061552407c7926e41 0 69410923 1
c1131ebcb44d90b061552407c7926e41 0 297418964 0
c1131ebcb44d90b061552407c7926e41 0 77566977 0
c1131ebcb44d90b061552407c7926e41 0 37528824 2
c1131ebcb44d90b061552407c7926e41 0 291356364 1
c1131ebcb44d90b061552407c7926e41 0 95222505 0
c1131ebcb44d90b061552407c7926e41 0 2626903 2
c1131ebcb44d90b061552407c7926e41 0 2469005 0
c1131ebcb44d90b061552407c7926e41 0 124148651 1
c1131ebcb44d90b061552407c7926e41 0 8169748 1
c1131ebcb44d90b061552407c7926e41 0 9009238 0
c1131ebcb44d90b061552407c7926e41 0 160633805 0
c1131ebcb44d90b061552407c7926e41 0 297505841 1
c1131ebcb44d90b061552407c7926e41 0 128497413 2
c1131ebcb44d90b061552407c7926e41 0 80459586 1
c1131ebcb44d90b061552407c7926e41 0 228208319 0
c1131ebcb44d90b061552407c7926e41 0 162378445 1
c1131ebcb44d90b061552407c7926e41 0 7635560 1
a9a63e739920dd93c6ac374c8cf0f8c2 0 24061441 2
a9a63e739920dd93c6ac374c8cf0f8c2 0 46726849 2
a9a63e739920dd93c6ac374c8cf0f8c2 0 86686573 2
a9a63e739920dd93c6ac374c8cf0f8c2 0 292159921 2
a9a63e739920dd93c6ac374c8cf0f8c2 0 86688053 2
a9a63e739920dd93c6ac374c8cf0f8c2 0 302671021 2
a9a63e739920dd93c6ac374c8cf0f8c2 0 86686598 2
a9a63e739920dd93c6ac374c8cf0f8c2 0 268560128 2
a9a63e739920dd93c6ac374c8cf0f8c2 0 5178423 2
a9a63e739920dd93c6ac374c8cf0f8c2 0 312608795 2
a9a63e739920dd93c6ac374c8cf0f8c2 0 289680836 2
a9a63e739920dd93c6ac374c8cf0f8c2 0 86685949 2
a9a63e739920dd93c6ac374c8cf0f8c2 0 8279507 2
a9a63e739920dd93c6ac374c8cf0f8c2 0 5178237 2
a9a63e739920dd93c6ac374c8cf0f8c2 0 308873058 2
a9a63e739920dd93c6ac374c8cf0f8c2 0 75064256 2
a9a63e739920dd93c6ac374c8cf0f8c2 0 160960866 2
a9a63e739920dd93c6ac374c8cf0f8c2 0 153116737 2
a9a63e739920dd93c6ac374c8cf0f8c2 0 8321374 2
a9a63e739920dd93c6ac374c8cf0f8c2 0 162362278 2
a9a63e739920dd93c6ac374c8cf0f8c2 0 128966171 2
a9a63e739920dd93c6ac374c8cf0f8c2 0 71614271 2
a9a63e739920dd93c6ac374c8cf0f8c2 0 165152315 2
a9a63e739920dd93c6ac374c8cf0f8c2 0 6824521 2
a9a63e739920dd93c6ac374c8cf0f8c2 0 8568242 2
a9a63e739920dd93c6ac374c8cf0f8c2 0 8257280 2
a9a63e739920dd93c6ac374c8cf0f8c2 0 167793197 2
eed65566aa320c39f7e2a39f9306ca0a 0 37574958 2
eed65566aa320c39f7e2a39f9306ca0a 0 8100793 1
eed65566aa320c39f7e2a39f9306ca0a 0 25538840 2
eed65566aa320c39f7e2a39f9306ca0a 0 6239357 1
eed65566aa320c39f7e2a39f9306ca0a 0 10388501 2
eed65566aa320c39f7e2a39f9306ca0a 0 24924958 2
eed65566aa320c39f7e2a39f9306ca0a 0 19032535 2
eed65566aa320c39f7e2a39f9306ca0a 0 37589037 2
eed65566aa320c39f7e2a39f9306ca0a 0 295445591 2
eed65566aa320c39f7e2a39f9306ca0a 0 24999502 2
eed65566aa320c39f7e2a39f9306ca0a 0 10388407 2
eed65566aa320c39f7e2a39f9306ca0a 0 291402085 2
eed65566aa320c39f7e2a39f9306ca0a 0 43713702 2
eed65566aa320c39f7e2a39f9306ca0a 0 50147144 1
eed65566aa320c39f7e2a39f9306ca0a 0 2266119 1
eed65566aa320c39f7e2a39f9306ca0a 0 61683790 2
eed65566aa320c39f7e2a39f9306ca0a 0 10388646 2
eed65566aa320c39f7e2a39f9306ca0a 0 10353902 2
eed65566aa320c39f7e2a39f9306ca0a 0 6239335 1
5885104b2d9bf8b2fcdf001a4036e794 0 9811384 2
5885104b2d9bf8b2fcdf001a4036e794 0 292270731 2
5885104b2d9bf8b2fcdf001a4036e794 0 47732784 2
5885104b2d9bf8b2fcdf001a4036e794 0 292323122 2
5885104b2d9bf8b2fcdf001a4036e794 0 19882503 2
5885104b2d9bf8b2fcdf001a4036e794 0 146424278 2
5885104b2d9bf8b2fcdf001a4036e794 0 9803440 2
5885104b2d9bf8b2fcdf001a4036e794 0 44677662 2
5885104b2d9bf8b2fcdf001a4036e794 0 292434537 2
5885104b2d9bf8b2fcdf001a4036e794 0 51383601 2
5885104b2d9bf8b2fcdf001a4036e794 0 297517177 2
5885104b2d9bf8b2fcdf001a4036e794 0 19821511 2
5885104b2d9bf8b2fcdf001a4036e794 0 16487506 2
5885104b2d9bf8b2fcdf001a4036e794 0 31098449 2
5885104b2d9bf8b2fcdf001a4036e794 0 43531626 2
5885104b2d9bf8b2fcdf001a4036e794 0 37438721 2
5885104b2d9bf8b2fcdf001a4036e794 0 126813858 2
5885104b2d9bf8b2fcdf001a4036e794 0 135103728 2
5885104b2d9bf8b2fcdf001a4036e794 0 192201387 2
5885104b2d9bf8b2fcdf001a4036e794 0 6026505 2
5885104b2d9bf8b2fcdf001a4036e794 0 43507684 2
5885104b2d9bf8b2fcdf001a4036e794 0 19530370 2
5885104b2d9bf8b2fcdf001a4036e794 0 172758374 2
5f1b26a0bf7242b16385a5d5bbe0ee1c 0 127240396 2
5f1b26a0bf7242b16385a5d5bbe0ee1c 0 71349227 2
5f1b26a0bf7242b16385a5d5bbe0ee1c 0 36994714 2
5f1b26a0bf7242b16385a5d5bbe0ee1c 0 35799368 2
5f1b26a0bf7242b16385a5d5bbe0ee1c 0 168038857 2
5f1b26a0bf7242b16385a5d5bbe0ee1c 0 158301673 2
5f1b26a0bf7242b16385a5d5bbe0ee1c 0 68967244 2
5f1b26a0bf7242b16385a5d5bbe0ee1c 0 9334589 2
5f1b26a0bf7242b16385a5d5bbe0ee1c 0 150547843 2
5f1b26a0bf7242b16385a5d5bbe0ee1c 0 5219828 2
5f1b26a0bf7242b16385a5d5bbe0ee1c 0 170422470 2
5f1b26a0bf7242b16385a5d5bbe0ee1c 0 75484040 2
5f1b26a0bf7242b16385a5d5bbe0ee1c 0 62534574 2
5f1b26a0bf7242b16385a5d5bbe0ee1c 0 70283272 2
5f1b26a0bf7242b16385a5d5bbe0ee1c 0 9330925 2
5f1b26a0bf7242b16385a5d5bbe0ee1c 0 9334700 2
5f1b26a0bf7242b16385a5d5bbe0ee1c 0 13916401 2
5f1b26a0bf7242b16385a5d5bbe0ee1c 0 33913366 2
5f1b26a0bf7242b16385a5d5bbe0ee1c 0 46224255 2
5f1b26a0bf7242b16385a5d5bbe0ee1c 0 138556156 2
c60f7e99a8623cad87ae6951b6854fff 0 159817440 0
c60f7e99a8623cad87ae6951b6854fff 0 881836 0
c60f7e99a8623cad87ae6951b6854fff 0 720092 0
c60f7e99a8623cad87ae6951b6854fff 0 654933 1
c60f7e99a8623cad87ae6951b6854fff 0 1132765 0
c60f7e99a8623cad87ae6951b6854fff 0 58982110 0
c60f7e99a8623cad87ae6951b6854fff 0 24755126 0
c60f7e99a8623cad87ae6951b6854fff 0 171864030 0
c60f7e99a8623cad87ae6951b6854fff 0 161939101 0
c60f7e99a8623cad87ae6951b6854fff 0 173789460 0
c60f7e99a8623cad87ae6951b6854fff 0 50064688 0
c60f7e99a8623cad87ae6951b6854fff 0 791948 0
c60f7e99a8623cad87ae6951b6854fff 0 24811212 0
c60f7e99a8623cad87ae6951b6854fff 0 20031950 0
c60f7e99a8623cad87ae6951b6854fff 0 736310 0
c60f7e99a8623cad87ae6951b6854fff 0 654412 0
c60f7e99a8623cad87ae6951b6854fff 0 39471255 0
c60f7e99a8623cad87ae6951b6854fff 0 897182 0
c60f7e99a8623cad87ae6951b6854fff 0 1122663 0
c60f7e99a8623cad87ae6951b6854fff 0 39267635 0
c60f7e99a8623cad87ae6951b6854fff 0 42858898 0
c60f7e99a8623cad87ae6951b6854fff 0 914757 0
c60f7e99a8623cad87ae6951b6854fff 0 17024666 0
c60f7e99a8623cad87ae6951b6854fff 0 907851 0
c60f7e99a8623cad87ae6951b6854fff 0 905054 0
c60f7e99a8623cad87ae6951b6854fff 0 152482283 0
3b175cfd5b7ae22194d40af13f9a7ee7 0 33377127 2
3b175cfd5b7ae22194d40af13f9a7ee7 0 132313018 2
3b175cfd5b7ae22194d40af13f9a7ee7 0 132309960 2
3b175cfd5b7ae22194d40af13f9a7ee7 0 79191232 2
3b175cfd5b7ae22194d40af13f9a7ee7 0 18441306 2
3b175cfd5b7ae22194d40af13f9a7ee7 0 112548805 2
3b175cfd5b7ae22194d40af13f9a7ee7 0 7993700 2
3b175cfd5b7ae22194d40af13f9a7ee7 0 127039000 2
3b175cfd5b7ae22194d40af13f9a7ee7 0 136052768 2
3b175cfd5b7ae22194d40af13f9a7ee7 0 63226389 2
3b175cfd5b7ae22194d40af13f9a7ee7 0 107361158 2
3b175cfd5b7ae22194d40af13f9a7ee7 0 68901131 2
3b175cfd5b7ae22194d40af13f9a7ee7 0 8150637 2
3b175cfd5b7ae22194d40af13f9a7ee7 0 63047556 2
3b175cfd5b7ae22194d40af13f9a7ee7 0 133363451 2
3b175cfd5b7ae22194d40af13f9a7ee7 0 292107588 2
3b175cfd5b7ae22194d40af13f9a7ee7 0 136039324 2
3b175cfd5b7ae22194d40af13f9a7ee7 0 121367498 2
3b175cfd5b7ae22194d40af13f9a7ee7 0 46998150 2
3b175cfd5b7ae22194d40af13f9a7ee7 0 12191321 2
3b175cfd5b7ae22194d40af13f9a7ee7 0 45945850 2
18ce9eb1855f3a2e6d7bf9586b88f77f 0 295521707 2
18ce9eb1855f3a2e6d7bf9586b88f77f 0 63581954 2
18ce9eb1855f3a2e6d7bf9586b88f77f 0 103025898 2
18ce9eb1855f3a2e6d7bf9586b88f77f 0 171415830 2
18ce9eb1855f3a2e6d7bf9586b88f77f 0 70309482 0
18ce9eb1855f3a2e6d7bf9586b88f77f 0 62048794 2
18ce9eb1855f3a2e6d7bf9586b88f77f 0 166879089 2
18ce9eb1855f3a2e6d7bf9586b88f77f 0 274999644 2
18ce9eb1855f3a2e6d7bf9586b88f77f 0 10116626 2
18ce9eb1855f3a2e6d7bf9586b88f77f 0 159416983 2
18ce9eb1855f3a2e6d7bf9586b88f77f 0 40062060 1
18ce9eb1855f3a2e6d7bf9586b88f77f 0 99035279 2
18ce9eb1855f3a2e6d7bf9586b88f77f 0 22976206 1
18ce9eb1855f3a2e6d7bf9586b88f77f 0 301312657 2
18ce9eb1855f3a2e6d7bf9586b88f77f 0 31001193 2
18ce9eb1855f3a2e6d7bf9586b88f77f 0 74706015 2
18ce9eb1855f3a2e6d7bf9586b88f77f 0 170565033 2
18ce9eb1855f3a2e6d7bf9586b88f77f 0 10989509 2
18ce9eb1855f3a2e6d7bf9586b88f77f 0 125860260 2
18ce9eb1855f3a2e6d7bf9586b88f77f 0 8388170 2
18ce9eb1855f3a2e6d7bf9586b88f77f 0 144975754 2
18ce9eb1855f3a2e6d7bf9586b88f77f 0 145737570 2
8a9c0dce5fb4514251232bcc23734c1d 0 142597547 1
8a9c0dce5fb4514251232bcc23734c1d 0 152378650 0
8a9c0dce5fb4514251232bcc23734c1d 0 138437065 0
8a9c0dce5fb4514251232bcc23734c1d 0 129428720 0
8a9c0dce5fb4514251232bcc23734c1d 0 291170885 0
8a9c0dce5fb4514251232bcc23734c1d 0 291598152 1
8a9c0dce5fb4514251232bcc23734c1d 0 167795482 1
8a9c0dce5fb4514251232bcc23734c1d 0 1320382 0
8a9c0dce5fb4514251232bcc23734c1d 0 138462232 0
8a9c0dce5fb4514251232bcc23734c1d 0 298790080 2
8a9c0dce5fb4514251232bcc23734c1d 0 128985305 1
8a9c0dce5fb4514251232bcc23734c1d 0 68747248 0
5eec5e196482a495754671529a4822ab 0 183681383 2
5eec5e196482a495754671529a4822ab 0 12538846 2
5eec5e196482a495754671529a4822ab 0 8058962 2
5eec5e196482a495754671529a4822ab 0 5423463 2
5eec5e196482a495754671529a4822ab 0 567208 2
5eec5e196482a495754671529a4822ab 0 18641685 1
5eec5e196482a495754671529a4822ab 0 14309295 2
5eec5e196482a495754671529a4822ab 0 2381505 2
5eec5e196482a495754671529a4822ab 0 299736306 2
5eec5e196482a495754671529a4822ab 0 28687303 2
5eec5e196482a495754671529a4822ab 0 45954902 2
5eec5e196482a495754671529a4822ab 0 27255240 2
5eec5e196482a495754671529a4822ab 0 12540277 2
5eec5e196482a495754671529a4822ab 0 5424711 2
5eec5e196482a495754671529a4822ab 0 15107000 2
5eec5e196482a495754671529a4822ab 0 38689492 2
5eec5e196482a495754671529a4822ab 0 28690389 2
5eec5e196482a495754671529a4822ab 0 19703588 2
f4b02d3f35058a4d09ec206622895aa3 0 134116557 2
f4b02d3f35058a4d09ec206622895aa3 0 2512624 2
f4b02d3f35058a4d09ec206622895aa3 0 30804447 2
f4b02d3f35058a4d09ec206622895aa3 0 10692204 2
f4b02d3f35058a4d09ec206622895aa3 0 70246945 2
f4b02d3f35058a4d09ec206622895aa3 0 50150507 2
f4b02d3f35058a4d09ec206622895aa3 0 33953125 2
f4b02d3f35058a4d09ec206622895aa3 0 63127313 2
f4b02d3f35058a4d09ec206622895aa3 0 145400983 2
f4b02d3f35058a4d09ec206622895aa3 0 159293514 2
f4b02d3f35058a4d09ec206622895aa3 0 2426099 2
f4b02d3f35058a4d09ec206622895aa3 0 51722876 2
f4b02d3f35058a4d09ec206622895aa3 0 158595779 2
f4b02d3f35058a4d09ec206622895aa3 0 36759758 1
f4b02d3f35058a4d09ec206622895aa3 0 75601490 2
f4b02d3f35058a4d09ec206622895aa3 0 71257555 2
f4b02d3f35058a4d09ec206622895aa3 0 138296963 2
f4b02d3f35058a4d09ec206622895aa3 0 25431074 2
f4b02d3f35058a4d09ec206622895aa3 0 5903321 2
f4b02d3f35058a4d09ec206622895aa3 0 139966588 2
f4b02d3f35058a4d09ec206622895aa3 0 70321033 2
f4b02d3f35058a4d09ec206622895aa3 0 25350440 2
fc09339c0ca5f6dae18cefd835c3e561 0 297471501 2
fc09339c0ca5f6dae18cefd835c3e561 0 99783329 2
fc09339c0ca5f6dae18cefd835c3e561 0 2351873 2
fc09339c0ca5f6dae18cefd835c3e561 0 126852586 2
fc09339c0ca5f6dae18cefd835c3e561 0 158338448 2
fc09339c0ca5f6dae18cefd835c3e561 0 138189384 2
fc09339c0ca5f6dae18cefd835c3e561 0 232599342 1
fc09339c0ca5f6dae18cefd835c3e561 0 164503261 2
fc09339c0ca5f6dae18cefd835c3e561 0 160947363 2
fc09339c0ca5f6dae18cefd835c3e561 0 8819200 2
fc09339c0ca5f6dae18cefd835c3e561 0 290175070 2
fc09339c0ca5f6dae18cefd835c3e561 0 126463319 2
fc09339c0ca5f6dae18cefd835c3e561 0 158028206 2
fc09339c0ca5f6dae18cefd835c3e561 0 2350703 2
fc09339c0ca5f6dae18cefd835c3e561 0 149970618 2
fc09339c0ca5f6dae18cefd835c3e561 0 2352884 2
fc09339c0ca5f6dae18cefd835c3e561 0 70301419 2
fc09339c0ca5f6dae18cefd835c3e561 0 168106803 1
fc09339c0ca5f6dae18cefd835c3e561 0 33132401 2
fc09339c0ca5f6dae18cefd835c3e561 0 2352041 2
fc09339c0ca5f6dae18cefd835c3e561 0 11596995 2
fc09339c0ca5f6dae18cefd835c3e561 0 51699815 2
fc09339c0ca5f6dae18cefd835c3e561 0 4209899 2
996da14cdab862d1638b4be35dee6d1a 0 293515116 1
996da14cdab862d1638b4be35dee6d1a 0 168156572 1
996da14cdab862d1638b4be35dee6d1a 0 159832154 2
996da14cdab862d1638b4be35dee6d1a 0 291156643 1
996da14cdab862d1638b4be35dee6d1a 0 291191326 1
996da14cdab862d1638b4be35dee6d1a 0 289740053 1
996da14cdab862d1638b4be35dee6d1a 0 145301939 0
996da14cdab862d1638b4be35dee6d1a 0 291392072 2
996da14cdab862d1638b4be35dee6d1a 0 290578915 1
996da14cdab862d1638b4be35dee6d1a 0 160441585 1
996da14cdab862d1638b4be35dee6d1a 0 287581569 1
996da14cdab862d1638b4be35dee6d1a 0 290433118 1
996da14cdab862d1638b4be35dee6d1a 0 160633692 1
996da14cdab862d1638b4be35dee6d1a 0 169928857 1
996da14cdab862d1638b4be35dee6d1a 0 139254352 1
996da14cdab862d1638b4be35dee6d1a 0 149981279 1
996da14cdab862d1638b4be35dee6d1a 0 293227584 1
996da14cdab862d1638b4be35dee6d1a 0 137210379 2
996da14cdab862d1638b4be35dee6d1a 0 138190672 2
996da14cdab862d1638b4be35dee6d1a 0 150034555 1
996da14cdab862d1638b4be35dee6d1a 0 153542354 1
996da14cdab862d1638b4be35dee6d1a 0 160332359 1
996da14cdab862d1638b4be35dee6d1a 0 155710368 2
996da14cdab862d1638b4be35dee6d1a 0 298691239 1
07de8bb1d0c7ff01414217a403530dae 0 126050698 2
07de8bb1d0c7ff01414217a403530dae 0 253808 0
07de8bb1d0c7ff01414217a403530dae 0 82262238 0
07de8bb1d0c7ff01414217a403530dae 0 25090341 0
07de8bb1d0c7ff01414217a403530dae 0 7141957 0
07de8bb1d0c7ff01414217a403530dae 0 291374496 0
07de8bb1d0c7ff01414217a403530dae 0 125031256 0
07de8bb1d0c7ff01414217a403530dae 0 148982555 0
07de8bb1d0c7ff01414217a403530dae 0 57073710 0
07de8bb1d0c7ff01414217a403530dae 0 131506758 0
07de8bb1d0c7ff01414217a403530dae 0 158484482 1
07de8bb1d0c7ff01414217a403530dae 0 64746229 0
07de8bb1d0c7ff01414217a403530dae 0 153169654 2
07de8bb1d0c7ff01414217a403530dae 0 23068152 0
07de8bb1d0c7ff01414217a403530dae 0 275829111 0
07de8bb1d0c7ff01414217a403530dae 0 25032222 0
07de8bb1d0c7ff01414217a403530dae 0 7070644 0
07de8bb1d0c7ff01414217a403530dae 0 295890128 0
07de8bb1d0c7ff01414217a403530dae 0 147597387 0
07de8bb1d0c7ff01414217a403530dae 0 30731302 0
07de8bb1d0c7ff01414217a403530dae 0 19180462 0
ebb5187bf0611c3aeafcd79bb1fb3604 0 7966427 2
ebb5187bf0611c3aeafcd79bb1fb3604 0 45386083 2
ebb5187bf0611c3aeafcd79bb1fb3604 0 57583776 2
ebb5187bf0611c3aeafcd79bb1fb3604 0 285220626 2
ebb5187bf0611c3aeafcd79bb1fb3604 0 46360762 2
ebb5187bf0611c3aeafcd79bb1fb3604 0 149673934 2
ebb5187bf0611c3aeafcd79bb1fb3604 0 127429846 2
ebb5187bf0611c3aeafcd79bb1fb3604 0 39835046 2
ebb5187bf0611c3aeafcd79bb1fb3604 0 292347816 2
ebb5187bf0611c3aeafcd79bb1fb3604 0 157620622 2
ebb5187bf0611c3aeafcd79bb1fb3604 0 8230432 2
ebb5187bf0611c3aeafcd79bb1fb3604 0 84232355 2
ebb5187bf0611c3aeafcd79bb1fb3604 0 115319582 2
ebb5187bf0611c3aeafcd79bb1fb3604 0 39718590 2
ebb5187bf0611c3aeafcd79bb1fb3604 0 24258693 2
ebb5187bf0611c3aeafcd79bb1fb3604 0 27587030 2
ebb5187bf0611c3aeafcd79bb1fb3604 0 279653517 2
ebb5187bf0611c3aeafcd79bb1fb3604 0 172275545 2
ebb5187bf0611c3aeafcd79bb1fb3604 0 7705999 2
ebb5187bf0611c3aeafcd79bb1fb3604 0 276265563 2
ebb5187bf0611c3aeafcd79bb1fb3604 0 71344295 2
5df3e1cabb549f135ff50a4104d91b68 0 148413396 2
5df3e1cabb549f135ff50a4104d91b68 0 137015729 2
5df3e1cabb549f135ff50a4104d91b68 0 135548604 2
5df3e1cabb549f135ff50a4104d91b68 0 57532978 2
5df3e1cabb549f135ff50a4104d91b68 0 301422777 2
5df3e1cabb549f135ff50a4104d91b68 0 152279362 2
5df3e1cabb549f135ff50a4104d91b68 0 62079171 2
5df3e1cabb549f135ff50a4104d91b68 0 132963263 2
5df3e1cabb549f135ff50a4104d91b68 0 28528137 2
5df3e1cabb549f135ff50a4104d91b68 0 85866017 0
5df3e1cabb549f135ff50a4104d91b68 0 158391583 2
5df3e1cabb549f135ff50a4104d91b68 0 294888032 2
5df3e1cabb549f135ff50a4104d91b68 0 168094459 2
5df3e1cabb549f135ff50a4104d91b68 0 83533424 2
5df3e1cabb549f135ff50a4104d91b68 0 2622116 2
670c9172280572387d4aa7562dea26f9 0 24920148 2
670c9172280572387d4aa7562dea26f9 0 290092014 2
670c9172280572387d4aa7562dea26f9 0 24903640 2
670c9172280572387d4aa7562dea26f9 0 166898920 2
670c9172280572387d4aa7562dea26f9 0 4630686 1
670c9172280572387d4aa7562dea26f9 0 287333056 2
670c9172280572387d4aa7562dea26f9 0 294917387 1
670c9172280572387d4aa7562dea26f9 0 17478078 2
670c9172280572387d4aa7562dea26f9 0 291430875 2
670c9172280572387d4aa7562dea26f9 0 146653444 2
670c9172280572387d4aa7562dea26f9 0 2263372 2
670c9172280572387d4aa7562dea26f9 0 17487094 2
670c9172280572387d4aa7562dea26f9 0 4857220 2
670c9172280572387d4aa7562dea26f9 0 136404981 1
670c9172280572387d4aa7562dea26f9 0 164868875 2
670c9172280572387d4aa7562dea26f9 0 43640622 2
670c9172280572387d4aa7562dea26f9 0 17047371 2
670c9172280572387d4aa7562dea26f9 0 2519175 2
670c9172280572387d4aa7562dea26f9 0 4864838 2
670c9172280572387d4aa7562dea26f9 0 293038169 2
670c9172280572387d4aa7562dea26f9 0 15107768 2
670c9172280572387d4aa7562dea26f9 0 55815429 2
95fbd3a89d69d00404303492901cc4d4 0 298906496 0
95fbd3a89d69d00404303492901cc4d4 0 725160 2
95fbd3a89d69d00404303492901cc4d4 0 141802603 0
95fbd3a89d69d00404303492901cc4d4 0 62125163 2
95fbd3a89d69d00404303492901cc4d4 0 58979806 1
95fbd3a89d69d00404303492901cc4d4 0 69196249 1
95fbd3a89d69d00404303492901cc4d4 0 159549750 1
95fbd3a89d69d00404303492901cc4d4 0 160237641 1
95fbd3a89d69d00404303492901cc4d4 0 77253023 0
95fbd3a89d69d00404303492901cc4d4 0 276245099 2
95fbd3a89d69d00404303492901cc4d4 0 158650590 0
95fbd3a89d69d00404303492901cc4d4 0 155402906 1
95fbd3a89d69d00404303492901cc4d4 0 160098929 0
95fbd3a89d69d00404303492901cc4d4 0 132709510 1
95fbd3a89d69d00404303492901cc4d4 0 312453354 2
95fbd3a89d69d00404303492901cc4d4 0 151392617 2
95fbd3a89d69d00404303492901cc4d4 0 143553943 0
95fbd3a89d69d00404303492901cc4d4 0 156972267 2
95fbd3a89d69d00404303492901cc4d4 0 9447201 1
95fbd3a89d69d00404303492901cc4d4 0 36992692 1
95fbd3a89d69d00404303492901cc4d4 0 152409906 1
0686deb383c2e003b7f0c1cb0fd68f07 0 310986205 1
0686deb383c2e003b7f0c1cb0fd68f07 0 36404902 0
0686deb383c2e003b7f0c1cb0fd68f07 0 301683480 1
0686deb383c2e003b7f0c1cb0fd68f07 0 37995323 0
0686deb383c2e003b7f0c1cb0fd68f07 0 79940328 0
0686deb383c2e003b7f0c1cb0fd68f07 0 68454715 0
0686deb383c2e003b7f0c1cb0fd68f07 0 276165565 1
0686deb383c2e003b7f0c1cb0fd68f07 0 2710876 0
0686deb383c2e003b7f0c1cb0fd68f07 0 158280687 0
0686deb383c2e003b7f0c1cb0fd68f07 0 287582876 1
0686deb383c2e003b7f0c1cb0fd68f07 0 292106891 0
0686deb383c2e003b7f0c1cb0fd68f07 0 161791540 1
0686deb383c2e003b7f0c1cb0fd68f07 0 2459626 0
0686deb383c2e003b7f0c1cb0fd68f07 0 191680041 2
0686deb383c2e003b7f0c1cb0fd68f07 0 303965987 0
0686deb383c2e003b7f0c1cb0fd68f07 0 138190898 0
0686deb383c2e003b7f0c1cb0fd68f07 0 154089166 1
0686deb383c2e003b7f0c1cb0fd68f07 0 292041809 0
0686deb383c2e003b7f0c1cb0fd68f07 0 297872375 0
0686deb383c2e003b7f0c1cb0fd68f07 0 299839207 0
0686deb383c2e003b7f0c1cb0fd68f07 0 292678129 0
0686deb383c2e003b7f0c1cb0fd68f07 0 314964491 0
0686deb383c2e003b7f0c1cb0fd68f07 0 301897352 1
0686deb383c2e003b7f0c1cb0fd68f07 0 70305859 0
0686deb383c2e003b7f0c1cb0fd68f07 0 2514222 0
0686deb383c2e003b7f0c1cb0fd68f07 0 70340385 0
0686deb383c2e003b7f0c1cb0fd68f07 0 296231615 0
0686deb383c2e003b7f0c1cb0fd68f07 0 303290606 0
a5c587bb204cb34e669e171074b6cf60 0 164941645 0
a5c587bb204cb34e669e171074b6cf60 0 290446783 0
a5c587bb204cb34e669e171074b6cf60 0 292166492 0
a5c587bb204cb34e669e171074b6cf60 0 274841517 0
a5c587bb204cb34e669e171074b6cf60 0 42935476 0
a5c587bb204cb34e669e171074b6cf60 0 192180265 0
a5c587bb204cb34e669e171074b6cf60 0 279653250 0
a5c587bb204cb34e669e171074b6cf60 0 284194254 0
a5c587bb204cb34e669e171074b6cf60 0 85865174 0
a5c587bb204cb34e669e171074b6cf60 0 151651912 0
a5c587bb204cb34e669e171074b6cf60 0 290563930 0
a5c587bb204cb34e669e171074b6cf60 0 290776613 0
a5c587bb204cb34e669e171074b6cf60 0 284193652 0
a5c587bb204cb34e669e171074b6cf60 0 290449863 0
a5c587bb204cb34e669e171074b6cf60 0 82485908 0
a5c587bb204cb34e669e171074b6cf60 0 18621900 0
a5c587bb204cb34e669e171074b6cf60 0 62545424 0
a5c587bb204cb34e669e171074b6cf60 0 161191339 0
a5c587bb204cb34e669e171074b6cf60 0 290837669 0
a5c587bb204cb34e669e171074b6cf60 0 274687942 0
a5c587bb204cb34e669e171074b6cf60 0 166298278 0
a5c587bb204cb34e669e171074b6cf60 0 276611599 0
a5c587bb204cb34e669e171074b6cf60 0 155615171 0
a5c587bb204cb34e669e171074b6cf60 0 292165212 0
a5c587bb204cb34e669e171074b6cf60 0 290985348 0
a5c587bb204cb34e669e171074b6cf60 0 10916901 0
a5c587bb204cb34e669e171074b6cf60 0 82032 0
a5c587bb204cb34e669e171074b6cf60 0 303761977 0
a5c587bb204cb34e669e171074b6cf60 0 78592288 0
e719889da1459bd9afb50cda8643922d 0 83555793 2
e719889da1459bd9afb50cda8643922d 0 26246779 2
e719889da1459bd9afb50cda8643922d 0 313620917 2
e719889da1459bd9afb50cda8643922d 0 132318451 1
e719889da1459bd9afb50cda8643922d 0 69987319 0
e719889da1459bd9afb50cda8643922d 0 291403607 0
e719889da1459bd9afb50cda8643922d 0 157932438 0
e719889da1459bd9afb50cda8643922d 0 63164611 2
e719889da1459bd9afb50cda8643922d 0 158034005 2
e719889da1459bd9afb50cda8643922d 0 31842396 1
e719889da1459bd9afb50cda8643922d 0 301575166 2
e719889da1459bd9afb50cda8643922d 0 107361654 1
e719889da1459bd9afb50cda8643922d 0 71267433 2
e719889da1459bd9afb50cda8643922d 0 275389560 0
e719889da1459bd9afb50cda8643922d 0 26245386 0
e719889da1459bd9afb50cda8643922d 0 91393457 0
e719889da1459bd9afb50cda8643922d 0 161095413 0
e719889da1459bd9afb50cda8643922d 0 144550327 0
e719889da1459bd9afb50cda8643922d 0 4875878 2
e719889da1459bd9afb50cda8643922d 0 11207279 1
e719889da1459bd9afb50cda8643922d 0 26247544 0
e719889da1459bd9afb50cda8643922d 0 158020077 0
a0f8eaa665af3ffc3717c28c4834898a 0 301676821 1
a0f8eaa665af3ffc3717c28c4834898a 0 63332826 1
a0f8eaa665af3ffc3717c28c4834898a 0 41647290 0
a0f8eaa665af3ffc3717c28c4834898a 0 291417367 1
a0f8eaa665af3ffc3717c28c4834898a 0 299876818 1
a0f8eaa665af3ffc3717c28c4834898a 0 173702620 1
a0f8eaa665af3ffc3717c28c4834898a 0 292492117 2
a0f8eaa665af3ffc3717c28c4834898a 0 41646575 1
a0f8eaa665af3ffc3717c28c4834898a 0 297852244 2
a0f8eaa665af3ffc3717c28c4834898a 0 70970034 1
a0f8eaa665af3ffc3717c28c4834898a 0 311024116 2
a0f8eaa665af3ffc3717c28c4834898a 0 174849815 2
a0f8eaa665af3ffc3717c28c4834898a 0 24728649 0
a0f8eaa665af3ffc3717c28c4834898a 0 133583620 1
a0f8eaa665af3ffc3717c28c4834898a 0 295415994 0
a0f8eaa665af3ffc3717c28c4834898a 0 290811581 1
a0f8eaa665af3ffc3717c28c4834898a 0 48211682 1
a0f8eaa665af3ffc3717c28c4834898a 0 102011322 1
a0f8eaa665af3ffc3717c28c4834898a 0 313460891 1
a0f8eaa665af3ffc3717c28c4834898a 0 274998599 1
a0f8eaa665af3ffc3717c28c4834898a 0 7040326 0
a0f8eaa665af3ffc3717c28c4834898a 0 171405493 0
a0f8eaa665af3ffc3717c28c4834898a 0 162930181 1
a0f8eaa665af3ffc3717c28c4834898a 0 301708008 2
a0f8eaa665af3ffc3717c28c4834898a 0 222193294 1
a0f8eaa665af3ffc3717c28c4834898a 0 296733477 1
a0f8eaa665af3ffc3717c28c4834898a 0 296180327 2
c0837308bd8bdd88372e59d7fbcdd79a 0 129221218 1
c0837308bd8bdd88372e59d7fbcdd79a 0 292289194 2
c0837308bd8bdd88372e59d7fbcdd79a 0 308874929 2
c0837308bd8bdd88372e59d7fbcdd79a 0 86802572 2
c0837308bd8bdd88372e59d7fbcdd79a 0 291873421 1
c0837308bd8bdd88372e59d7fbcdd79a 0 168915340 1
c0837308bd8bdd88372e59d7fbcdd79a 0 143390009 1
c0837308bd8bdd88372e59d7fbcdd79a 0 174705592 1
c0837308bd8bdd88372e59d7fbcdd79a 0 157157564 2
c0837308bd8bdd88372e59d7fbcdd79a 0 292820043 2
c0837308bd8bdd88372e59d7fbcdd79a 0 40001272 0
c0837308bd8bdd88372e59d7fbcdd79a 0 290378271 2
c0837308bd8bdd88372e59d7fbcdd79a 0 71263996 1
c0837308bd8bdd88372e59d7fbcdd79a 0 161266527 2
c0837308bd8bdd88372e59d7fbcdd79a 0 148650936 1
c0837308bd8bdd88372e59d7fbcdd79a 0 293022481 1
c0837308bd8bdd88372e59d7fbcdd79a 0 84258903 2
c0837308bd8bdd88372e59d7fbcdd79a 0 150548636 1
c0837308bd8bdd88372e59d7fbcdd79a 0 310984192 1
c0837308bd8bdd88372e59d7fbcdd79a 0 170948449 1
62dafc92b37e72c39eefa616c12be31d 0 85760780 2
62dafc92b37e72c39eefa616c12be31d 0 290631981 2
62dafc92b37e72c39eefa616c12be31d 0 12269499 2
62dafc92b37e72c39eefa616c12be31d 0 8755884 2
62dafc92b37e72c39eefa616c12be31d 0 128619721 2
62dafc92b37e72c39eefa616c12be31d 0 8786841 2
62dafc92b37e72c39eefa616c12be31d 0 4151348 2
62dafc92b37e72c39eefa616c12be31d 0 8002703 2
62dafc92b37e72c39eefa616c12be31d 0 9031666 2
62dafc92b37e72c39eefa616c12be31d 0 40200581 2
62dafc92b37e72c39eefa616c12be31d 0 164677739 2
62dafc92b37e72c39eefa616c12be31d 0 143270916 2
62dafc92b37e72c39eefa616c12be31d 0 14296193 2
62dafc92b37e72c39eefa616c12be31d 0 286549053 2
62dafc92b37e72c39eefa616c12be31d 0 49541781 2
62dafc92b37e72c39eefa616c12be31d 0 276329000 2
62dafc92b37e72c39eefa616c12be31d 0 26186467 2
62dafc92b37e72c39eefa616c12be31d 0 26559709 2
62dafc92b37e72c39eefa616c12be31d 0 6995822 2
62dafc92b37e72c39eefa616c12be31d 0 17704538 2
62dafc92b37e72c39eefa616c12be31d 0 275808645 2
62dafc92b37e72c39eefa616c12be31d 0 76269817 2
62dafc92b37e72c39eefa616c12be31d 0 275045128 2
62dafc92b37e72c39eefa616c12be31d 0 26558479 2
62dafc92b37e72c39eefa616c12be31d 0 407553 2
62dafc92b37e72c39eefa616c12be31d 0 313960643 2
c37929083efcca441e978ee27a5ddd7d 0 112447874 2
c37929083efcca441e978ee27a5ddd7d 0 22479704 0
c37929083efcca441e978ee27a5ddd7d 0 22477236 0
c37929083efcca441e978ee27a5ddd7d 0 6029019 0
c37929083efcca441e978ee27a5ddd7d 0 129604119 0
c37929083efcca441e978ee27a5ddd7d 0 46666931 0
c37929083efcca441e978ee27a5ddd7d 0 14000998 2
c37929083efcca441e978ee27a5ddd7d 0 160920948 1
c37929083efcca441e978ee27a5ddd7d 0 276150289 0
c37929083efcca441e978ee27a5ddd7d 0 77243570 2
c37929083efcca441e978ee27a5ddd7d 0 295689442 0
c37929083efcca441e978ee27a5ddd7d 0 58383398 2
c37929083efcca441e978ee27a5ddd7d 0 39636784 1
c37929083efcca441e978ee27a5ddd7d 0 153042333 0
c37929083efcca441e978ee27a5ddd7d 0 77631908 2
c37929083efcca441e978ee27a5ddd7d 0 163076668 0
c37929083efcca441e978ee27a5ddd7d 0 84879472 1
c37929083efcca441e978ee27a5ddd7d 0 26910590 1
c37929083efcca441e978ee27a5ddd7d 0 66000941 1
c37929083efcca441e978ee27a5ddd7d 0 215102077 2
c37929083efcca441e978ee27a5ddd7d 0 152998950 0
c37929083efcca441e978ee27a5ddd7d 0 123905945 0
c37929083efcca441e978ee27a5ddd7d 0 168938965 2
c37929083efcca441e978ee27a5ddd7d 0 46589714 0
c37929083efcca441e978ee27a5ddd7d 0 4519888 1
c37929083efcca441e978ee27a5ddd7d 0 69823573 0
3f0fed6add84b3fa3635f0055e2c8256 0 295838615 2
3f0fed6add84b3fa3635f0055e2c8256 0 96650508 0
3f0fed6add84b3fa3635f0055e2c8256 0 83520568 0
3f0fed6add84b3fa3635f0055e2c8256 0 9124301 0
3f0fed6add84b3fa3635f0055e2c8256 0 292165409 0
3f0fed6add84b3fa3635f0055e2c8256 0 302515576 0
3f0fed6add84b3fa3635f0055e2c8256 0 289579550 0
3f0fed6add84b3fa3635f0055e2c8256 0 62564906 0
3f0fed6add84b3fa3635f0055e2c8256 0 274800321 0
3f0fed6add84b3fa3635f0055e2c8256 0 5428696 0
3f0fed6add84b3fa3635f0055e2c8256 0 62208230 0
3f0fed6add84b3fa3635f0055e2c8256 0 61846529 0
3f0fed6add84b3fa3635f0055e2c8256 0 295893640 2
3f0fed6add84b3fa3635f0055e2c8256 0 309817088 2
3f0fed6add84b3fa3635f0055e2c8256 0 3103513 2
3f0fed6add84b3fa3635f0055e2c8256 0 289710954 0
3f0fed6add84b3fa3635f0055e2c8256 0 285974523 0
3f0fed6add84b3fa3635f0055e2c8256 0 605651 2
3f0fed6add84b3fa3635f0055e2c8256 0 304029890 0
3f0fed6add84b3fa3635f0055e2c8256 0 159416938 2
3f0fed6add84b3fa3635f0055e2c8256 0 310981242 2
3f0fed6add84b3fa3635f0055e2c8256 0 6551276 2
3f0fed6add84b3fa3635f0055e2c8256 0 310979741 2
3f0fed6add84b3fa3635f0055e2c8256 0 62532697 2
3f0fed6add84b3fa3635f0055e2c8256 0 149761190 0
3f0fed6add84b3fa3635f0055e2c8256 0 310984401 2
3f0fed6add84b3fa3635f0055e2c8256 0 148239296 0
64feabca6fb7b9e7179fbfeed0267727 0 291798038 0
64feabca6fb7b9e7179fbfeed0267727 0 67792827 0
64feabca6fb7b9e7179fbfeed0267727 0 6402564 2
64feabca6fb7b9e7179fbfeed0267727 0 291505562 0
64feabca6fb7b9e7179fbfeed0267727 0 6407184 1
64feabca6fb7b9e7179fbfeed0267727 0 127706748 2
64feabca6fb7b9e7179fbfeed0267727 0 67811378 0
64feabca6fb7b9e7179fbfeed0267727 0 28041433 2
64feabca6fb7b9e7179fbfeed0267727 0 42609288 2
64feabca6fb7b9e7179fbfeed0267727 0 38770143 2
64feabca6fb7b9e7179fbfeed0267727 0 42608842 2
64feabca6fb7b9e7179fbfeed0267727 0 6407136 2
64feabca6fb7b9e7179fbfeed0267727 0 167036746 2
64feabca6fb7b9e7179fbfeed0267727 0 133975096 2
64feabca6fb7b9e7179fbfeed0267727 0 346836 1
64feabca6fb7b9e7179fbfeed0267727 0 2371044 2
aa28db7419d8278e59c479e5a7bded50 0 292280059 2
aa28db7419d8278e59c479e5a7bded50 0 294344093 2
aa28db7419d8278e59c479e5a7bded50 0 140114480 2
aa28db7419d8278e59c479e5a7bded50 0 147022294 2
aa28db7419d8278e59c479e5a7bded50 0 164676352 2
aa28db7419d8278e59c479e5a7bded50 0 137627260 2
aa28db7419d8278e59c479e5a7bded50 0 147740327 2
aa28db7419d8278e59c479e5a7bded50 0 160441585 2
aa28db7419d8278e59c479e5a7bded50 0 171631809 2
aa28db7419d8278e59c479e5a7bded50 0 160332359 2
aa28db7419d8278e59c479e5a7bded50 0 304543755 2
aa28db7419d8278e59c479e5a7bded50 0 39911885 2
aa28db7419d8278e59c479e5a7bded50 0 154184997 2
aa28db7419d8278e59c479e5a7bded50 0 131072081 2
aa28db7419d8278e59c479e5a7bded50 0 301793331 2
aa28db7419d8278e59c479e5a7bded50 0 300175199 2
aa28db7419d8278e59c479e5a7bded50 0 302738821 2
aa28db7419d8278e59c479e5a7bded50 0 121619739 2
aa28db7419d8278e59c479e5a7bded50 0 303964520 1
aa28db7419d8278e59c479e5a7bded50 0 292649200 2
aa28db7419d8278e59c479e5a7bded50 0 293012529 2
aa28db7419d8278e59c479e5a7bded50 0 294513696 2
aa28db7419d8278e59c479e5a7bded50 0 170566440 2
b8dff6e4aa9ad336877fdeb9b0625dd7 0 2489805 2
b8dff6e4aa9ad336877fdeb9b0625dd7 0 68167537 2
b8dff6e4aa9ad336877fdeb9b0625dd7 0 123352107 2
b8dff6e4aa9ad336877fdeb9b0625dd7 0 2658987 2
b8dff6e4aa9ad336877fdeb9b0625dd7 0 89606103 2
b8dff6e4aa9ad336877fdeb9b0625dd7 0 2977394 2
b8dff6e4aa9ad336877fdeb9b0625dd7 0 82282916 2
b8dff6e4aa9ad336877fdeb9b0625dd7 0 87084359 2
b8dff6e4aa9ad336877fdeb9b0625dd7 0 3103800 2
b8dff6e4aa9ad336877fdeb9b0625dd7 0 15184128 2
b8dff6e4aa9ad336877fdeb9b0625dd7 0 2524051 2
b8dff6e4aa9ad336877fdeb9b0625dd7 0 2499088 2
b8dff6e4aa9ad336877fdeb9b0625dd7 0 2676528 2
b8dff6e4aa9ad336877fdeb9b0625dd7 0 158330414 2
b8dff6e4aa9ad336877fdeb9b0625dd7 0 158260527 2
b8dff6e4aa9ad336877fdeb9b0625dd7 0 17170334 2
b8dff6e4aa9ad336877fdeb9b0625dd7 0 5603251 2
b8dff6e4aa9ad336877fdeb9b0625dd7 0 2765294 2
b8dff6e4aa9ad336877fdeb9b0625dd7 0 294291323 2
b8dff6e4aa9ad336877fdeb9b0625dd7 0 3160509 2
646ae8ef8356b2e8850daf96e756767c 0 62532811 2
646ae8ef8356b2e8850daf96e756767c 0 85872012 2
646ae8ef8356b2e8850daf96e756767c 0 99056636 2
646ae8ef8356b2e8850daf96e756767c 0 300214624 2
646ae8ef8356b2e8850daf96e756767c 0 70308092 2
646ae8ef8356b2e8850daf96e756767c 0 19040848 2
646ae8ef8356b2e8850daf96e756767c 0 135973638 2
646ae8ef8356b2e8850daf96e756767c 0 19089944 2
646ae8ef8356b2e8850daf96e756767c 0 149548800 2
646ae8ef8356b2e8850daf96e756767c 0 85658349 2
646ae8ef8356b2e8850daf96e756767c 0 84842052 2
646ae8ef8356b2e8850daf96e756767c 0 17764980 1
646ae8ef8356b2e8850daf96e756767c 0 2729438 2
646ae8ef8356b2e8850daf96e756767c 0 292159683 2
646ae8ef8356b2e8850daf96e756767c 0 138556156 1
36e9b1cd1cc8563b3aecb7334486fe94 0 63045686 2
36e9b1cd1cc8563b3aecb7334486fe94 0 306380788 2
36e9b1cd1cc8563b3aecb7334486fe94 0 4233796 2
36e9b1cd1cc8563b3aecb7334486fe94 0 2596013 2
36e9b1cd1cc8563b3aecb7334486fe94 0 303858435 2
36e9b1cd1cc8563b3aecb7334486fe94 0 2725880 2
36e9b1cd1cc8563b3aecb7334486fe94 0 6789148 2
36e9b1cd1cc8563b3aecb7334486fe94 0 2518695 2
36e9b1cd1cc8563b3aecb7334486fe94 0 2991238 2
36e9b1cd1cc8563b3aecb7334486fe94 0 2531262 2
36e9b1cd1cc8563b3aecb7334486fe94 0 3107720 2
36e9b1cd1cc8563b3aecb7334486fe94 0 2923980 2
36e9b1cd1cc8563b3aecb7334486fe94 0 300878171 2
36e9b1cd1cc8563b3aecb7334486fe94 0 270515 2
36e9b1cd1cc8563b3aecb7334486fe94 0 2519086 2
36e9b1cd1cc8563b3aecb7334486fe94 0 4223647 2
36e9b1cd1cc8563b3aecb7334486fe94 0 2472765 2
36e9b1cd1cc8563b3aecb7334486fe94 0 6429696 2
36e9b1cd1cc8563b3aecb7334486fe94 0 3102541 2
36e9b1cd1cc8563b3aecb7334486fe94 0 293799063 2
36e9b1cd1cc8563b3aecb7334486fe94 0 75784316 2
36e9b1cd1cc8563b3aecb7334486fe94 0 2515923 2
36e9b1cd1cc8563b3aecb7334486fe94 0 2800048 2
36e9b1cd1cc8563b3aecb7334486fe94 0 15109597 2
36e9b1cd1cc8563b3aecb7334486fe94 0 2475595 2
a426dd2b70d18bf1cd82f6009baade47 0 171681585 2
a426dd2b70d18bf1cd82f6009baade47 0 291430136 2
a426dd2b70d18bf1cd82f6009baade47 0 157341858 2
a426dd2b70d18bf1cd82f6009baade47 0 40425687 2
a426dd2b70d18bf1cd82f6009baade47 0 4193111 1
a426dd2b70d18bf1cd82f6009baade47 0 148051806 2
a426dd2b70d18bf1cd82f6009baade47 0 51288457 2
a426dd2b70d18bf1cd82f6009baade47 0 164370809 2
a426dd2b70d18bf1cd82f6009baade47 0 296673773 2
a426dd2b70d18bf1cd82f6009baade47 0 5342259 1
a426dd2b70d18bf1cd82f6009baade47 0 142995663 2
a426dd2b70d18bf1cd82f6009baade47 0 52224243 2
a426dd2b70d18bf1cd82f6009baade47 0 17138591 2
a426dd2b70d18bf1cd82f6009baade47 0 145483288 2
a426dd2b70d18bf1cd82f6009baade47 0 5096188 2
a426dd2b70d18bf1cd82f6009baade47 0 77939730 2
a426dd2b70d18bf1cd82f6009baade47 0 152091970 2
a426dd2b70d18bf1cd82f6009baade47 0 67331365 2
a426dd2b70d18bf1cd82f6009baade47 0 2115237 2
a426dd2b70d18bf1cd82f6009baade47 0 42853355 2
5582532037b3bab64a04bee6c580b40a 0 160089800 2
5582532037b3bab64a04bee6c580b40a 0 169295236 2
5582532037b3bab64a04bee6c580b40a 0 169927240 2
5582532037b3bab64a04bee6c580b40a 0 170617326 2
5582532037b3bab64a04bee6c580b40a 0 156574514 2
5582532037b3bab64a04bee6c580b40a 0 291521640 2
5582532037b3bab64a04bee6c580b40a 0 160187118 2
5582532037b3bab64a04bee6c580b40a 0 148052837 2
5582532037b3bab64a04bee6c580b40a 0 155700890 2
5582532037b3bab64a04bee6c580b40a 0 122403471 2
5582532037b3bab64a04bee6c580b40a 0 169910148 2
5582532037b3bab64a04bee6c580b40a 0 166846413 2
5582532037b3bab64a04bee6c580b40a 0 135338483 2
5582532037b3bab64a04bee6c580b40a 0 299875461 2
5582532037b3bab64a04bee6c580b40a 0 146492143 2
5582532037b3bab64a04bee6c580b40a 0 297033070 2
5582532037b3bab64a04bee6c580b40a 0 164746815 2
5582532037b3bab64a04bee6c580b40a 0 137210667 2
5582532037b3bab64a04bee6c580b40a 0 276154631 2
5582532037b3bab64a04bee6c580b40a 0 160635455 2
5582532037b3bab64a04bee6c580b40a 0 154923381 2
5582532037b3bab64a04bee6c580b40a 0 293028939 2
5582532037b3bab64a04bee6c580b40a 0 292876560 2
5582532037b3bab64a04bee6c580b40a 0 166749842 2
5582532037b3bab64a04bee6c580b40a 0 46128563 2
5582532037b3bab64a04bee6c580b40a 0 138301049 2
41c05295cab3dfb5bcced7d22851e2f2 0 113591881 2
41c05295cab3dfb5bcced7d22851e2f2 0 136468802 2
41c05295cab3dfb5bcced7d22851e2f2 0 291439806 2
41c05295cab3dfb5bcced7d22851e2f2 0 150071706 2
41c05295cab3dfb5bcced7d22851e2f2 0 21201385 2
41c05295cab3dfb5bcced7d22851e2f2 0 68161040 2
41c05295cab3dfb5bcced7d22851e2f2 0 157229198 2
41c05295cab3dfb5bcced7d22851e2f2 0 143542491 2
41c05295cab3dfb5bcced7d22851e2f2 0 145578209 2
41c05295cab3dfb5bcced7d22851e2f2 0 134847402 2
41c05295cab3dfb5bcced7d22851e2f2 0 128919502 2
41c05295cab3dfb5bcced7d22851e2f2 0 153422208 2
41c05295cab3dfb5bcced7d22851e2f2 0 27681925 2
41c05295cab3dfb5bcced7d22851e2f2 0 115319369 2
41c05295cab3dfb5bcced7d22851e2f2 0 41209330 2
41c05295cab3dfb5bcced7d22851e2f2 0 138165145 2
41c05295cab3dfb5bcced7d22851e2f2 0 41205009 2
41c05295cab3dfb5bcced7d22851e2f2 0 163174775 2
46395a3cf66a9f6a75c89354410d1493 0 292348133 0
46395a3cf66a9f6a75c89354410d1493 0 276731875 1
46395a3cf66a9f6a75c89354410d1493 0 275807546 0
46395a3cf66a9f6a75c89354410d1493 0 81793665 0
46395a3cf66a9f6a75c89354410d1493 0 191682451 0
46395a3cf66a9f6a75c89354410d1493 0 301428000 0
46395a3cf66a9f6a75c89354410d1493 0 172758633 1
46395a3cf66a9f6a75c89354410d1493 0 310302841 1
46395a3cf66a9f6a75c89354410d1493 0 2808127 0
46395a3cf66a9f6a75c89354410d1493 0 166064027 0
46395a3cf66a9f6a75c89354410d1493 0 292344535 0
46395a3cf66a9f6a75c89354410d1493 0 279653067 0
46395a3cf66a9f6a75c89354410d1493 0 291398602 1
46395a3cf66a9f6a75c89354410d1493 0 289571000 0
46395a3cf66a9f6a75c89354410d1493 0 276263897 0
46395a3cf66a9f6a75c89354410d1493 0 4227124 0
46395a3cf66a9f6a75c89354410d1493 0 2589609 0
46395a3cf66a9f6a75c89354410d1493 0 136069652 0
46395a3cf66a9f6a75c89354410d1493 0 2582628 0
46395a3cf66a9f6a75c89354410d1493 0 192180912 0
46395a3cf66a9f6a75c89354410d1493 0 290846498 1
46395a3cf66a9f6a75c89354410d1493 0 158283816 0
46395a3cf66a9f6a75c89354410d1493 0 313529297 0
46395a3cf66a9f6a75c89354410d1493 0 293645121 0
46395a3cf66a9f6a75c89354410d1493 0 70330063 0
46395a3cf66a9f6a75c89354410d1493 0 291434770 0
46395a3cf66a9f6a75c89354410d1493 0 291437763 0
46395a3cf66a9f6a75c89354410d1493 0 300174090 0
46395a3cf66a9f6a75c89354410d1493 0 78572730 0
46395a3cf66a9f6a75c89354410d1493 0 302016161 1
b934bb2d45228ef6ff2dc8f71688a5ee 0 156946170 0
b934bb2d45228ef6ff2dc8f71688a5ee 0 313672074 0
b934bb2d45228ef6ff2dc8f71688a5ee 0 123404945 0
b934bb2d45228ef6ff2dc8f71688a5ee 0 152417309 0
b934bb2d45228ef6ff2dc8f71688a5ee 0 131204979 0
b934bb2d45228ef6ff2dc8f71688a5ee 0 159737618 0
b934bb2d45228ef6ff2dc8f71688a5ee 0 291461179 0
b934bb2d45228ef6ff2dc8f71688a5ee 0 156982683 0
b934bb2d45228ef6ff2dc8f71688a5ee 0 313510704 0
b934bb2d45228ef6ff2dc8f71688a5ee 0 294450820 0
b934bb2d45228ef6ff2dc8f71688a5ee 0 7036102 0
b934bb2d45228ef6ff2dc8f71688a5ee 0 19213051 0
b934bb2d45228ef6ff2dc8f71688a5ee 0 308887148 0
b934bb2d45228ef6ff2dc8f71688a5ee 0 279660533 0
b934bb2d45228ef6ff2dc8f71688a5ee 0 304220209 0
b934bb2d45228ef6ff2dc8f71688a5ee 0 145725595 0
b934bb2d45228ef6ff2dc8f71688a5ee 0 31460919 0
b934bb2d45228ef6ff2dc8f71688a5ee 0 18680378 0
b934bb2d45228ef6ff2dc8f71688a5ee 0 45245018 0
b934bb2d45228ef6ff2dc8f71688a5ee 0 290975370 0
b934bb2d45228ef6ff2dc8f71688a5ee 0 134093046 0
b934bb2d45228ef6ff2dc8f71688a5ee 0 6925940 0
b934bb2d45228ef6ff2dc8f71688a5ee 0 46359392 0
b934bb2d45228ef6ff2dc8f71688a5ee 0 40030964 0
b934bb2d45228ef6ff2dc8f71688a5ee 0 162410926 0
b934bb2d45228ef6ff2dc8f71688a5ee 0 68548079 0
b934bb2d45228ef6ff2dc8f71688a5ee 0 305567750 2
b934bb2d45228ef6ff2dc8f71688a5ee 0 78346051 0
b934bb2d45228ef6ff2dc8f71688a5ee 0 10992159 0
2b7257cf6ccf44d5a34fcd712e47a23e 0 275717760 0
2b7257cf6ccf44d5a34fcd712e47a23e 0 128205929 0
2b7257cf6ccf44d5a34fcd712e47a23e 0 290974915 0
2b7257cf6ccf44d5a34fcd712e47a23e 0 69995803 0
2b7257cf6ccf44d5a34fcd712e47a23e 0 156946170 0
2b7257cf6ccf44d5a34fcd712e47a23e 0 290977258 0
2b7257cf6ccf44d5a34fcd712e47a23e 0 51945657 0
2b7257cf6ccf44d5a34fcd712e47a23e 0 42867328 0
2b7257cf6ccf44d5a34fcd712e47a23e 0 48123357 0
2b7257cf6ccf44d5a34fcd712e47a23e 0 125999056 0
2b7257cf6ccf44d5a34fcd712e47a23e 0 74709771 0
2b7257cf6ccf44d5a34fcd712e47a23e 0 290977523 0
2b7257cf6ccf44d5a34fcd712e47a23e 0 63073158 0
2b7257cf6ccf44d5a34fcd712e47a23e 0 10287468 0
2b7257cf6ccf44d5a34fcd712e47a23e 0 9128525 0
2b7257cf6ccf44d5a34fcd712e47a23e 0 290977508 0
2b7257cf6ccf44d5a34fcd712e47a23e 0 61753434 0
2b7257cf6ccf44d5a34fcd712e47a23e 0 69648044 0
2b7257cf6ccf44d5a34fcd712e47a23e 0 309061573 0
2b7257cf6ccf44d5a34fcd712e47a23e 0 243692235 0
2b7257cf6ccf44d5a34fcd712e47a23e 0 291429822 0
2b7257cf6ccf44d5a34fcd712e47a23e 0 234629426 0
2b7257cf6ccf44d5a34fcd712e47a23e 0 171800925 0
2b7257cf6ccf44d5a34fcd712e47a23e 0 163396001 0
2b7257cf6ccf44d5a34fcd712e47a23e 0 7084001 0
2b7257cf6ccf44d5a34fcd712e47a23e 0 160188171 0
2b7257cf6ccf44d5a34fcd712e47a23e 0 124879651 0
2b7257cf6ccf44d5a34fcd712e47a23e 0 290793360 0
03a39cb591950eba9e5465e52a9bf84b 0 143551498 2
03a39cb591950eba9e5465e52a9bf84b 0 300906825 2
03a39cb591950eba9e5465e52a9bf84b 0 21013079 1
03a39cb591950eba9e5465e52a9bf84b 0 62051248 2
03a39cb591950eba9e5465e52a9bf84b 0 159449726 2
03a39cb591950eba9e5465e52a9bf84b 0 151600841 2
03a39cb591950eba9e5465e52a9bf84b 0 6310471 2
03a39cb591950eba9e5465e52a9bf84b 0 6365001 2
03a39cb591950eba9e5465e52a9bf84b 0 150068645 2
03a39cb591950eba9e5465e52a9bf84b 0 7797249 2
03a39cb591950eba9e5465e52a9bf84b 0 279726017 2
03a39cb591950eba9e5465e52a9bf84b 0 75198795 2
03a39cb591950eba9e5465e52a9bf84b 0 3147282 2
03a39cb591950eba9e5465e52a9bf84b 0 3014603 1
03a39cb591950eba9e5465e52a9bf84b 0 85859502 2
03a39cb591950eba9e5465e52a9bf84b 0 74683378 2
03a39cb591950eba9e5465e52a9bf84b 0 15109716 2
03a39cb591950eba9e5465e52a9bf84b 0 3034484 2
03a39cb591950eba9e5465e52a9bf84b 0 8015199 2
03a39cb591950eba9e5465e52a9bf84b 0 289707017 2
03a39cb591950eba9e5465e52a9bf84b 0 46398391 2
03a39cb591950eba9e5465e52a9bf84b 0 7794676 2
03a39cb591950eba9e5465e52a9bf84b 0 276220572 2
03a39cb591950eba9e5465e52a9bf84b 0 6289789 2
03a39cb591950eba9e5465e52a9bf84b 0 292699253 2
03a39cb591950eba9e5465e52a9bf84b 0 148008898 2
03a39cb591950eba9e5465e52a9bf84b 0 172670993 2
10473e1ae72fefe5e8d30d34505abd02 0 44740043 2
10473e1ae72fefe5e8d30d34505abd02 0 290848432 2
10473e1ae72fefe5e8d30d34505abd02 0 141958917 2
10473e1ae72fefe5e8d30d34505abd02 0 131078363 2
10473e1ae72fefe5e8d30d34505abd02 0 170284669 2
10473e1ae72fefe5e8d30d34505abd02 0 128977409 2
10473e1ae72fefe5e8d30d34505abd02 0 164502268 2
10473e1ae72fefe5e8d30d34505abd02 0 40372829 2
10473e1ae72fefe5e8d30d34505abd02 0 71402074 2
10473e1ae72fefe5e8d30d34505abd02 0 75059144 1
10473e1ae72fefe5e8d30d34505abd02 0 71268460 2
10473e1ae72fefe5e8d30d34505abd02 0 300942841 2
10473e1ae72fefe5e8d30d34505abd02 0 312252281 2
10473e1ae72fefe5e8d30d34505abd02 0 170378548 2
10473e1ae72fefe5e8d30d34505abd02 0 303497685 2
10473e1ae72fefe5e8d30d34505abd02 0 107270195 2
10473e1ae72fefe5e8d30d34505abd02 0 154125264 2
10473e1ae72fefe5e8d30d34505abd02 0 124899387 2
10473e1ae72fefe5e8d30d34505abd02 0 19197696 2
10473e1ae72fefe5e8d30d34505abd02 0 157877744 2
10473e1ae72fefe5e8d30d34505abd02 0 44739979 2
10473e1ae72fefe5e8d30d34505abd02 0 302146682 2
10473e1ae72fefe5e8d30d34505abd02 0 291416751 2
10473e1ae72fefe5e8d30d34505abd02 0 155646837 2
10473e1ae72fefe5e8d30d34505abd02 0 138189385 2
21cae2e64e92320ca34161360b16d7c7 0 140158622 1
21cae2e64e92320ca34161360b16d7c7 0 297904496 0
21cae2e64e92320ca34161360b16d7c7 0 120400013 2
21cae2e64e92320ca34161360b16d7c7 0 61598277 2
21cae2e64e92320ca34161360b16d7c7 0 10338899 2
21cae2e64e92320ca34161360b16d7c7 0 127050835 2
21cae2e64e92320ca34161360b16d7c7 0 85608554 2
21cae2e64e92320ca34161360b16d7c7 0 48202980 0
21cae2e64e92320ca34161360b16d7c7 0 60755187 2
21cae2e64e92320ca34161360b16d7c7 0 2265612 1
21cae2e64e92320ca34161360b16d7c7 0 40914952 2
21cae2e64e92320ca34161360b16d7c7 0 276763698 2
21cae2e64e92320ca34161360b16d7c7 0 10710630 2
21cae2e64e92320ca34161360b16d7c7 0 18708275 1
21cae2e64e92320ca34161360b16d7c7 0 268454 2
21cae2e64e92320ca34161360b16d7c7 0 18706559 2
21cae2e64e92320ca34161360b16d7c7 0 8222373 2
21cae2e64e92320ca34161360b16d7c7 0 63096309 1
21cae2e64e92320ca34161360b16d7c7 0 77844066 1
21cae2e64e92320ca34161360b16d7c7 0 80078713 1
5de7dd868fe0c5a2930a2ab347ec4fbf 0 40103284 2
5de7dd868fe0c5a2930a2ab347ec4fbf 0 26942278 2
5de7dd868fe0c5a2930a2ab347ec4fbf 0 131425484 2
5de7dd868fe0c5a2930a2ab347ec4fbf 0 70340656 2
5de7dd868fe0c5a2930a2ab347ec4fbf 0 143280999 2
5de7dd868fe0c5a2930a2ab347ec4fbf 0 131114420 2
5de7dd868fe0c5a2930a2ab347ec4fbf 0 47801766 2
5de7dd868fe0c5a2930a2ab347ec4fbf 0 62323748 2
5de7dd868fe0c5a2930a2ab347ec4fbf 0 120386001 2
5de7dd868fe0c5a2930a2ab347ec4fbf 0 85168091 2
5de7dd868fe0c5a2930a2ab347ec4fbf 0 301692762 2
5de7dd868fe0c5a2930a2ab347ec4fbf 0 98844258 2
5de7dd868fe0c5a2930a2ab347ec4fbf 0 32872493 2
5de7dd868fe0c5a2930a2ab347ec4fbf 0 28538787 2
5de7dd868fe0c5a2930a2ab347ec4fbf 0 70352083 2
5de7dd868fe0c5a2930a2ab347ec4fbf 0 107273263 2
5de7dd868fe0c5a2930a2ab347ec4fbf 0 148421099 2
5de7dd868fe0c5a2930a2ab347ec4fbf 0 122870150 2
5de7dd868fe0c5a2930a2ab347ec4fbf 0 86833140 2
5de7dd868fe0c5a2930a2ab347ec4fbf 0 33974532 2
68c5b9881e6e02e7d8a5bcc996547ef8 0 166778177 2
68c5b9881e6e02e7d8a5bcc996547ef8 0 130218556 1
68c5b9881e6e02e7d8a5bcc996547ef8 0 62532628 2
68c5b9881e6e02e7d8a5bcc996547ef8 0 142082797 2
68c5b9881e6e02e7d8a5bcc996547ef8 0 19189937 2
68c5b9881e6e02e7d8a5bcc996547ef8 0 161267916 2
68c5b9881e6e02e7d8a5bcc996547ef8 0 51975232 0
68c5b9881e6e02e7d8a5bcc996547ef8 0 108109724 0
68c5b9881e6e02e7d8a5bcc996547ef8 0 128983111 2
68c5b9881e6e02e7d8a5bcc996547ef8 0 43255474 0
68c5b9881e6e02e7d8a5bcc996547ef8 0 305749602 2
68c5b9881e6e02e7d8a5bcc996547ef8 0 141033669 2
68c5b9881e6e02e7d8a5bcc996547ef8 0 125772156 0
68c5b9881e6e02e7d8a5bcc996547ef8 0 124880088 2
68c5b9881e6e02e7d8a5bcc996547ef8 0 77866320 2
68c5b9881e6e02e7d8a5bcc996547ef8 0 10723615 2
68c5b9881e6e02e7d8a5bcc996547ef8 0 45480082 2
68c5b9881e6e02e7d8a5bcc996547ef8 0 10723619 2
68c5b9881e6e02e7d8a5bcc996547ef8 0 165147011 2
68c5b9881e6e02e7d8a5bcc996547ef8 0 10723624 1
07951e806894cd18d0b216fb2a7b074b 0 2507130 2
07951e806894cd18d0b216fb2a7b074b 0 234848 2
07951e806894cd18d0b216fb2a7b074b 0 2475534 2
07951e806894cd18d0b216fb2a7b074b 0 275180699 2
07951e806894cd18d0b216fb2a7b074b 0 59754162 1
07951e806894cd18d0b216fb2a7b074b 0 6506420 2
07951e806894cd18d0b216fb2a7b074b 0 41321377 0
07951e806894cd18d0b216fb2a7b074b 0 308882503 2
07951e806894cd18d0b216fb2a7b074b 0 2685084 2
07951e806894cd18d0b216fb2a7b074b 0 2685700 2
07951e806894cd18d0b216fb2a7b074b 0 162351931 2
07951e806894cd18d0b216fb2a7b074b 0 312801136 2
07951e806894cd18d0b216fb2a7b074b 0 3146613 2
07951e806894cd18d0b216fb2a7b074b 0 8727440 2
07951e806894cd18d0b216fb2a7b074b 0 61751600 2
07951e806894cd18d0b216fb2a7b074b 0 158268354 1
07951e806894cd18d0b216fb2a7b074b 0 3146186 2
07951e806894cd18d0b216fb2a7b074b 0 166672177 2
07951e806894cd18d0b216fb2a7b074b 0 37951610 2
1310f52fce552627d28dad6bd416c05a 0 163218636 2
1310f52fce552627d28dad6bd416c05a 0 143547536 2
1310f52fce552627d28dad6bd416c05a 0 163221640 2
1310f52fce552627d28dad6bd416c05a 0 163219303 2
1310f52fce552627d28dad6bd416c05a 0 34372270 2
1310f52fce552627d28dad6bd416c05a 0 163217436 2
1310f52fce552627d28dad6bd416c05a 0 17830180 2
1310f52fce552627d28dad6bd416c05a 0 85839944 2
1310f52fce552627d28dad6bd416c05a 0 162382237 2
1310f52fce552627d28dad6bd416c05a 0 150433217 2
1310f52fce552627d28dad6bd416c05a 0 160617203 2
1310f52fce552627d28dad6bd416c05a 0 49716159 2
1310f52fce552627d28dad6bd416c05a 0 150393252 2
1310f52fce552627d28dad6bd416c05a 0 115486913 2
1310f52fce552627d28dad6bd416c05a 0 120398892 2
1310f52fce552627d28dad6bd416c05a 0 19013054 2
1310f52fce552627d28dad6bd416c05a 0 57961032 2
1310f52fce552627d28dad6bd416c05a 0 157224126 2
1310f52fce552627d28dad6bd416c05a 0 132539390 2
1310f52fce552627d28dad6bd416c05a 0 153501633 2
1310f52fce552627d28dad6bd416c05a 0 125244188 2
1310f52fce552627d28dad6bd416c05a 0 163234236 2
571cf96ace287eefef87b7a670e1ffe7 0 301544326 2
571cf96ace287eefef87b7a670e1ffe7 0 159628088 1
571cf96ace287eefef87b7a670e1ffe7 0 286716492 2
571cf96ace287eefef87b7a670e1ffe7 0 298904098 2
571cf96ace287eefef87b7a670e1ffe7 0 312800661 2
571cf96ace287eefef87b7a670e1ffe7 0 148874865 2
571cf96ace287eefef87b7a670e1ffe7 0 298119932 2
571cf96ace287eefef87b7a670e1ffe7 0 63562784 1
571cf96ace287eefef87b7a670e1ffe7 0 173219674 2
571cf96ace287eefef87b7a670e1ffe7 0 192201042 1
571cf96ace287eefef87b7a670e1ffe7 0 7035203 2
571cf96ace287eefef87b7a670e1ffe7 0 70337181 1
571cf96ace287eefef87b7a670e1ffe7 0 291569480 1
571cf96ace287eefef87b7a670e1ffe7 0 6241119 2
571cf96ace287eefef87b7a670e1ffe7 0 300918402 2
571cf96ace287eefef87b7a670e1ffe7 0 47800678 2
571cf96ace287eefef87b7a670e1ffe7 0 297155009 2
571cf96ace287eefef87b7a670e1ffe7 0 292499388 2
571cf96ace287eefef87b7a670e1ffe7 0 276480088 2
571cf96ace287eefef87b7a670e1ffe7 0 31302823 2
571cf96ace287eefef87b7a670e1ffe7 0 75168965 2
571cf96ace287eefef87b7a670e1ffe7 0 2844183 2
571cf96ace287eefef87b7a670e1ffe7 0 9810834 2
571cf96ace287eefef87b7a670e1ffe7 0 2997886 2
47680f5b63047c2bb768ca68d793d280 0 158739436 2
47680f5b63047c2bb768ca68d793d280 0 144942022 0
47680f5b63047c2bb768ca68d793d280 0 86677181 2
47680f5b63047c2bb768ca68d793d280 0 292447407 0
47680f5b63047c2bb768ca68d793d280 0 312031419 2
47680f5b63047c2bb768ca68d793d280 0 291399474 0
47680f5b63047c2bb768ca68d793d280 0 276108172 1
47680f5b63047c2bb768ca68d793d280 0 274723684 1
47680f5b63047c2bb768ca68d793d280 0 308892424 0
47680f5b63047c2bb768ca68d793d280 0 297513804 0
47680f5b63047c2bb768ca68d793d280 0 292447634 0
47680f5b63047c2bb768ca68d793d280 0 128012327 1
47680f5b63047c2bb768ca68d793d280 0 166181093 0
47680f5b63047c2bb768ca68d793d280 0 14100988 2
47680f5b63047c2bb768ca68d793d280 0 68973921 0
47680f5b63047c2bb768ca68d793d280 0 292954628 1
47680f5b63047c2bb768ca68d793d280 0 308892419 0
47680f5b63047c2bb768ca68d793d280 0 6227038 0
595c6071ed5e951754bce1f117129a8a 0 284859567 2
595c6071ed5e951754bce1f117129a8a 0 8486693 0
595c6071ed5e951754bce1f117129a8a 0 289579561 2
595c6071ed5e951754bce1f117129a8a 0 163311567 2
595c6071ed5e951754bce1f117129a8a 0 136923293 0
595c6071ed5e951754bce1f117129a8a 0 152363303 2
595c6071ed5e951754bce1f117129a8a 0 275628040 2
595c6071ed5e951754bce1f117129a8a 0 276254614 2
595c6071ed5e951754bce1f117129a8a 0 155289260 2
595c6071ed5e951754bce1f117129a8a 0 294095317 2
595c6071ed5e951754bce1f117129a8a 0 127581198 1
595c6071ed5e951754bce1f117129a8a 0 24713522 2
595c6071ed5e951754bce1f117129a8a 0 160946977 2
595c6071ed5e951754bce1f117129a8a 0 268626293 1
595c6071ed5e951754bce1f117129a8a 0 11431796 2
595c6071ed5e951754bce1f117129a8a 0 291609146 2
595c6071ed5e951754bce1f117129a8a 0 302049210 2
595c6071ed5e951754bce1f117129a8a 0 46394764 2
595c6071ed5e951754bce1f117129a8a 0 156118371 0
595c6071ed5e951754bce1f117129a8a 0 51418908 2
1263e06c76c430bb56790bf6df4e04d3 0 8868367 2
1263e06c76c430bb56790bf6df4e04d3 0 70313059 2
1263e06c76c430bb56790bf6df4e04d3 0 19032660 1
1263e06c76c430bb56790bf6df4e04d3 0 122524416 2
1263e06c76c430bb56790bf6df4e04d3 0 24999889 2
1263e06c76c430bb56790bf6df4e04d3 0 292065871 2
1263e06c76c430bb56790bf6df4e04d3 0 291150098 2
1263e06c76c430bb56790bf6df4e04d3 0 74697949 0
1263e06c76c430bb56790bf6df4e04d3 0 162726564 2
1263e06c76c430bb56790bf6df4e04d3 0 145727155 2
1263e06c76c430bb56790bf6df4e04d3 0 19898815 2
1263e06c76c430bb56790bf6df4e04d3 0 133000988 1
1263e06c76c430bb56790bf6df4e04d3 0 12005335 2
1263e06c76c430bb56790bf6df4e04d3 0 7564788 2
1263e06c76c430bb56790bf6df4e04d3 0 70309494 2
1263e06c76c430bb56790bf6df4e04d3 0 61588792 2
1263e06c76c430bb56790bf6df4e04d3 0 70339761 2
1263e06c76c430bb56790bf6df4e04d3 0 152630252 2
1263e06c76c430bb56790bf6df4e04d3 0 9875308 2
1263e06c76c430bb56790bf6df4e04d3 0 164795644 2
3ffc45d254ea1c9518f1de5190f85126 0 50699205 2
3ffc45d254ea1c9518f1de5190f85126 0 313858454 2
3ffc45d254ea1c9518f1de5190f85126 0 160090747 2
3ffc45d254ea1c9518f1de5190f85126 0 296051443 2
3ffc45d254ea1c9518f1de5190f85126 0 303542967 2
3ffc45d254ea1c9518f1de5190f85126 0 63055886 2
3ffc45d254ea1c9518f1de5190f85126 0 144671360 0
3ffc45d254ea1c9518f1de5190f85126 0 253387 2
3ffc45d254ea1c9518f1de5190f85126 0 301788567 2
3ffc45d254ea1c9518f1de5190f85126 0 122546754 2
3ffc45d254ea1c9518f1de5190f85126 0 164676960 1
3ffc45d254ea1c9518f1de5190f85126 0 4611540 2
3ffc45d254ea1c9518f1de5190f85126 0 32968852 2
3ffc45d254ea1c9518f1de5190f85126 0 75595661 2
3ffc45d254ea1c9518f1de5190f85126 0 51799540 1
3ffc45d254ea1c9518f1de5190f85126 0 289764371 2
3ffc45d254ea1c9518f1de5190f85126 0 31034600 2
3ffc45d254ea1c9518f1de5190f85126 0 62993493 2
3ffc45d254ea1c9518f1de5190f85126 0 45938442 2
3ffc45d254ea1c9518f1de5190f85126 0 132543746 2
eafd6da36df1482185c6f357d6ad96c9 0 270941 2
eafd6da36df1482185c6f357d6ad96c9 0 297009797 2
eafd6da36df1482185c6f357d6ad96c9 0 275609871 2
eafd6da36df1482185c6f357d6ad96c9 0 310795252 2
eafd6da36df1482185c6f357d6ad96c9 0 8483968 2
eafd6da36df1482185c6f357d6ad96c9 0 294832160 2
eafd6da36df1482185c6f357d6ad96c9 0 313632495 2
eafd6da36df1482185c6f357d6ad96c9 0 234626636 2
eafd6da36df1482185c6f357d6ad96c9 0 125161681 2
eafd6da36df1482185c6f357d6ad96c9 0 120109251 2
eafd6da36df1482185c6f357d6ad96c9 0 44438255 2
eafd6da36df1482185c6f357d6ad96c9 0 71369235 2
eafd6da36df1482185c6f357d6ad96c9 0 310984716 2
eafd6da36df1482185c6f357d6ad96c9 0 57229832 2
eafd6da36df1482185c6f357d6ad96c9 0 291812082 2
eafd6da36df1482185c6f357d6ad96c9 0 310979939 2
eafd6da36df1482185c6f357d6ad96c9 0 721479 2
eafd6da36df1482185c6f357d6ad96c9 0 292106911 2
eafd6da36df1482185c6f357d6ad96c9 0 256542 2
eafd6da36df1482185c6f357d6ad96c9 0 70414308 2
eafd6da36df1482185c6f357d6ad96c9 0 52319987 2
eafd6da36df1482185c6f357d6ad96c9 0 151014552 2
eafd6da36df1482185c6f357d6ad96c9 0 113597394 2
eafd6da36df1482185c6f357d6ad96c9 0 171540302 2
eafd6da36df1482185c6f357d6ad96c9 0 122566026 2
eafd6da36df1482185c6f357d6ad96c9 0 26257787 2
eafd6da36df1482185c6f357d6ad96c9 0 41646672 2
40e9bb99e4c1ce609116b113d9636ee1 0 126172481 2
40e9bb99e4c1ce609116b113d9636ee1 0 33147701 2
40e9bb99e4c1ce609116b113d9636ee1 0 171541203 2
40e9bb99e4c1ce609116b113d9636ee1 0 18942239 2
40e9bb99e4c1ce609116b113d9636ee1 0 168915340 2
40e9bb99e4c1ce609116b113d9636ee1 0 67185455 2
40e9bb99e4c1ce609116b113d9636ee1 0 275700131 2
40e9bb99e4c1ce609116b113d9636ee1 0 169048714 2
40e9bb99e4c1ce609116b113d9636ee1 0 19741007 2
40e9bb99e4c1ce609116b113d9636ee1 0 151614016 2
40e9bb99e4c1ce609116b113d9636ee1 0 174705592 2
40e9bb99e4c1ce609116b113d9636ee1 0 276521387 2
40e9bb99e4c1ce609116b113d9636ee1 0 2656309 2
40e9bb99e4c1ce609116b113d9636ee1 0 36999051 2
40e9bb99e4c1ce609116b113d9636ee1 0 9882970 2
40e9bb99e4c1ce609116b113d9636ee1 0 44757267 2
40e9bb99e4c1ce609116b113d9636ee1 0 131323338 2
40e9bb99e4c1ce609116b113d9636ee1 0 17803426 2
40e9bb99e4c1ce609116b113d9636ee1 0 6537693 2
40e9bb99e4c1ce609116b113d9636ee1 0 57919090 2
40e9bb99e4c1ce609116b113d9636ee1 0 63010817 2
40e9bb99e4c1ce609116b113d9636ee1 0 80787540 2
40e9bb99e4c1ce609116b113d9636ee1 0 85444195 2
40e9bb99e4c1ce609116b113d9636ee1 0 155752720 2
40e9bb99e4c1ce609116b113d9636ee1 0 7948388 2
40e9bb99e4c1ce609116b113d9636ee1 0 158519111 2
40e9bb99e4c1ce609116b113d9636ee1 0 124911753 2
aa42e210a361571ff4d1fad892b75d15 0 310815908 1
aa42e210a361571ff4d1fad892b75d15 0 171834480 0
aa42e210a361571ff4d1fad892b75d15 0 18043143 1
aa42e210a361571ff4d1fad892b75d15 0 7051482 0
aa42e210a361571ff4d1fad892b75d15 0 51670681 1
aa42e210a361571ff4d1fad892b75d15 0 42863862 0
aa42e210a361571ff4d1fad892b75d15 0 9397435 0
aa42e210a361571ff4d1fad892b75d15 0 161062294 1
aa42e210a361571ff4d1fad892b75d15 0 6510936 2
aa42e210a361571ff4d1fad892b75d15 0 143686051 0
aa42e210a361571ff4d1fad892b75d15 0 25061614 0
aa42e210a361571ff4d1fad892b75d15 0 37721153 2
aa42e210a361571ff4d1fad892b75d15 0 18942948 0
aa42e210a361571ff4d1fad892b75d15 0 308886136 0
aa42e210a361571ff4d1fad892b75d15 0 80511059 2
aa42e210a361571ff4d1fad892b75d15 0 129069349 2
aa42e210a361571ff4d1fad892b75d15 0 289979367 1
aa42e210a361571ff4d1fad892b75d15 0 290885547 0
aa42e210a361571ff4d1fad892b75d15 0 71369327 0
aa42e210a361571ff4d1fad892b75d15 0 290755213 0
aa42e210a361571ff4d1fad892b75d15 0 55781328 1
aa42e210a361571ff4d1fad892b75d15 0 129069362 2
aa42e210a361571ff4d1fad892b75d15 0 294505327 1
aa42e210a361571ff4d1fad892b75d15 0 70340923 0
aa42e210a361571ff4d1fad892b75d15 0 347130 2
aa42e210a361571ff4d1fad892b75d15 0 18062875 0
aa42e210a361571ff4d1fad892b75d15 0 5239701 0
da8c3c9c7df80a13224609445d22c4da 0 159489965 2
da8c3c9c7df80a13224609445d22c4da 0 6385507 2
da8c3c9c7df80a13224609445d22c4da 0 155486420 2
da8c3c9c7df80a13224609445d22c4da 0 3000238 2
da8c3c9c7df80a13224609445d22c4da 0 148720204 2
da8c3c9c7df80a13224609445d22c4da 0 62048076 2
da8c3c9c7df80a13224609445d22c4da 0 17594270 2
da8c3c9c7df80a13224609445d22c4da 0 7963202 2
da8c3c9c7df80a13224609445d22c4da 0 24992225 2
da8c3c9c7df80a13224609445d22c4da 0 79220849 2
da8c3c9c7df80a13224609445d22c4da 0 297016756 2
da8c3c9c7df80a13224609445d22c4da 0 132926813 2
da8c3c9c7df80a13224609445d22c4da 0 125822187 2
da8c3c9c7df80a13224609445d22c4da 0 4404816 2
da8c3c9c7df80a13224609445d22c4da 0 39475425 2
da8c3c9c7df80a13224609445d22c4da 0 10064013 2
da8c3c9c7df80a13224609445d22c4da 0 153441295 2
da8c3c9c7df80a13224609445d22c4da 0 173699831 2
da8c3c9c7df80a13224609445d22c4da 0 50791823 2
da8c3c9c7df80a13224609445d22c4da 0 212719 2
da8c3c9c7df80a13224609445d22c4da 0 62631611 2
da8c3c9c7df80a13224609445d22c4da 0 24536555 2
da8c3c9c7df80a13224609445d22c4da 0 121270283 2
da8c3c9c7df80a13224609445d22c4da 0 126963929 2
da8c3c9c7df80a13224609445d22c4da 0 310984236 2
da8c3c9c7df80a13224609445d22c4da 0 126165935 2
da8c3c9c7df80a13224609445d22c4da 0 126945078 2
0e843d35dd1893ccc26b00ab27189a4a 0 274852490 1
0e843d35dd1893ccc26b00ab27189a4a 0 173736360 2
0e843d35dd1893ccc26b00ab27189a4a 0 157824690 0
0e843d35dd1893ccc26b00ab27189a4a 0 127196126 0
0e843d35dd1893ccc26b00ab27189a4a 0 157887141 0
0e843d35dd1893ccc26b00ab27189a4a 0 232139972 1
0e843d35dd1893ccc26b00ab27189a4a 0 171741825 1
0e843d35dd1893ccc26b00ab27189a4a 0 153116688 0
0e843d35dd1893ccc26b00ab27189a4a 0 291580490 1
0e843d35dd1893ccc26b00ab27189a4a 0 44673882 1
0e843d35dd1893ccc26b00ab27189a4a 0 300357083 0
0e843d35dd1893ccc26b00ab27189a4a 0 151717105 1
0e843d35dd1893ccc26b00ab27189a4a 0 275681434 1
0e843d35dd1893ccc26b00ab27189a4a 0 17700547 1
0e843d35dd1893ccc26b00ab27189a4a 0 5179858 1
0e843d35dd1893ccc26b00ab27189a4a 0 312586754 0
0e843d35dd1893ccc26b00ab27189a4a 0 163167422 1
0e843d35dd1893ccc26b00ab27189a4a 0 291599032 1
0e843d35dd1893ccc26b00ab27189a4a 0 129317519 1
0d058a3a00cb1149857cbb81ae393907 0 276158325 2
0d058a3a00cb1149857cbb81ae393907 0 85211101 2
0d058a3a00cb1149857cbb81ae393907 0 142378915 2
0d058a3a00cb1149857cbb81ae393907 0 57625285 2
0d058a3a00cb1149857cbb81ae393907 0 10958565 2
0d058a3a00cb1149857cbb81ae393907 0 149100862 2
0d058a3a00cb1149857cbb81ae393907 0 65480114 2
0d058a3a00cb1149857cbb81ae393907 0 153546526 2
0d058a3a00cb1149857cbb81ae393907 0 85977377 2
0d058a3a00cb1149857cbb81ae393907 0 57628654 2
0d058a3a00cb1149857cbb81ae393907 0 57622968 2
0d058a3a00cb1149857cbb81ae393907 0 8100071 2
0d058a3a00cb1149857cbb81ae393907 0 129290070 2
0d058a3a00cb1149857cbb81ae393907 0 57074519 2
0d058a3a00cb1149857cbb81ae393907 0 57624099 2
0d058a3a00cb1149857cbb81ae393907 0 10908208 2
0d058a3a00cb1149857cbb81ae393907 0 77632096 2
0d058a3a00cb1149857cbb81ae393907 0 276254380 2
0d058a3a00cb1149857cbb81ae393907 0 4210719 2
0d058a3a00cb1149857cbb81ae393907 0 144279687 2
0d058a3a00cb1149857cbb81ae393907 0 14324893 2
0d058a3a00cb1149857cbb81ae393907 0 59966102 2
0d058a3a00cb1149857cbb81ae393907 0 156607928 2
0d058a3a00cb1149857cbb81ae393907 0 10964003 2
0d058a3a00cb1149857cbb81ae393907 0 122729920 2
763736928f3cb9f3c1154d9f698dcd07 0 223593446 2
763736928f3cb9f3c1154d9f698dcd07 0 274723556 2
763736928f3cb9f3c1154d9f698dcd07 0 304481658 2
763736928f3cb9f3c1154d9f698dcd07 0 289768218 2
763736928f3cb9f3c1154d9f698dcd07 0 17702494 2
763736928f3cb9f3c1154d9f698dcd07 0 295521767 2
763736928f3cb9f3c1154d9f698dcd07 0 36989269 2
763736928f3cb9f3c1154d9f698dcd07 0 6837616 2
763736928f3cb9f3c1154d9f698dcd07 0 13795679 2
763736928f3cb9f3c1154d9f698dcd07 0 174696664 2
763736928f3cb9f3c1154d9f698dcd07 0 43010997 2
763736928f3cb9f3c1154d9f698dcd07 0 30672404 2
763736928f3cb9f3c1154d9f698dcd07 0 131210576 2
763736928f3cb9f3c1154d9f698dcd07 0 78117030 2
763736928f3cb9f3c1154d9f698dcd07 0 274727229 2
763736928f3cb9f3c1154d9f698dcd07 0 165089024 2
763736928f3cb9f3c1154d9f698dcd07 0 275043844 2
763736928f3cb9f3c1154d9f698dcd07 0 62631119 2
763736928f3cb9f3c1154d9f698dcd07 0 290798399 2
763736928f3cb9f3c1154d9f698dcd07 0 30670059 2
763736928f3cb9f3c1154d9f698dcd07 0 85253998 2
763736928f3cb9f3c1154d9f698dcd07 0 4764801 2
763736928f3cb9f3c1154d9f698dcd07 0 4378663 2
763736928f3cb9f3c1154d9f698dcd07 0 5519149 2
763736928f3cb9f3c1154d9f698dcd07 0 2702018 2
763736928f3cb9f3c1154d9f698dcd07 0 303306218 2
763736928f3cb9f3c1154d9f698dcd07 0 303213867 2
763736928f3cb9f3c1154d9f698dcd07 0 6806686 2
763736928f3cb9f3c1154d9f698dcd07 0 39635408 2
2cb72c6bf8046051f3e04155984cc99d 0 291031349 2
2cb72c6bf8046051f3e04155984cc99d 0 50698825 2
2cb72c6bf8046051f3e04155984cc99d 0 291487167 2
2cb72c6bf8046051f3e04155984cc99d 0 304356343 2
2cb72c6bf8046051f3e04155984cc99d 0 43503942 2
2cb72c6bf8046051f3e04155984cc99d 0 161771244 2
2cb72c6bf8046051f3e04155984cc99d 0 40074024 2
2cb72c6bf8046051f3e04155984cc99d 0 155645554 2
2cb72c6bf8046051f3e04155984cc99d 0 152045332 2
2cb72c6bf8046051f3e04155984cc99d 0 102584407 2
2cb72c6bf8046051f3e04155984cc99d 0 145735627 2
2cb72c6bf8046051f3e04155984cc99d 0 33340244 2
2cb72c6bf8046051f3e04155984cc99d 0 112351395 2
2cb72c6bf8046051f3e04155984cc99d 0 49437101 2
2cb72c6bf8046051f3e04155984cc99d 0 171472851 2
2cb72c6bf8046051f3e04155984cc99d 0 158524064 2
2cb72c6bf8046051f3e04155984cc99d 0 33343661 2
2cb72c6bf8046051f3e04155984cc99d 0 64822885 2
2cb72c6bf8046051f3e04155984cc99d 0 44979743 2
2cb72c6bf8046051f3e04155984cc99d 0 10607248 2
2cb72c6bf8046051f3e04155984cc99d 0 298330631 2
2cb72c6bf8046051f3e04155984cc99d 0 19179074 2
2cb72c6bf8046051f3e04155984cc99d 0 136045001 2
5f5bdfe2819916c5252ef19275536204 0 17033720 1
5f5bdfe2819916c5252ef19275536204 0 2384054 2
5f5bdfe2819916c5252ef19275536204 0 13793381 2
5f5bdfe2819916c5252ef19275536204 0 24909508 2
5f5bdfe2819916c5252ef19275536204 0 17138302 1
5f5bdfe2819916c5252ef19275536204 0 809232 1
5f5bdfe2819916c5252ef19275536204 0 661716 1
5f5bdfe2819916c5252ef19275536204 0 290422744 1
5f5bdfe2819916c5252ef19275536204 0 578482 0
5f5bdfe2819916c5252ef19275536204 0 622457 0
5f5bdfe2819916c5252ef19275536204 0 302673962 2
5f5bdfe2819916c5252ef19275536204 0 302693108 2
5f5bdfe2819916c5252ef19275536204 0 18054441 0
5f5bdfe2819916c5252ef19275536204 0 863325 1
5f5bdfe2819916c5252ef19275536204 0 18037977 1
5f5bdfe2819916c5252ef19275536204 0 18067281 0
5f5bdfe2819916c5252ef19275536204 0 1128717 0
5f5bdfe2819916c5252ef19275536204 0 169260881 1
867df7f22d5cef910c9c8269e8313ff8 0 284059478 0
867df7f22d5cef910c9c8269e8313ff8 0 41651327 1
867df7f22d5cef910c9c8269e8313ff8 0 30667083 1
867df7f22d5cef910c9c8269e8313ff8 0 293239909 0
867df7f22d5cef910c9c8269e8313ff8 0 298326630 2
867df7f22d5cef910c9c8269e8313ff8 0 140162775 0
867df7f22d5cef910c9c8269e8313ff8 0 312686202 0
867df7f22d5cef910c9c8269e8313ff8 0 22483576 0
867df7f22d5cef910c9c8269e8313ff8 0 175766068 2
867df7f22d5cef910c9c8269e8313ff8 0 292167940 0
867df7f22d5cef910c9c8269e8313ff8 0 274050321 0
867df7f22d5cef910c9c8269e8313ff8 0 291424038 1
867df7f22d5cef910c9c8269e8313ff8 0 41648943 0
867df7f22d5cef910c9c8269e8313ff8 0 47803160 0
867df7f22d5cef910c9c8269e8313ff8 0 290807318 0
867df7f22d5cef910c9c8269e8313ff8 0 2849269 0
867df7f22d5cef910c9c8269e8313ff8 0 160160775 1
867df7f22d5cef910c9c8269e8313ff8 0 310294406 0
867df7f22d5cef910c9c8269e8313ff8 0 7068468 0
867df7f22d5cef910c9c8269e8313ff8 0 42898079 0
867df7f22d5cef910c9c8269e8313ff8 0 305409888 0
867df7f22d5cef910c9c8269e8313ff8 0 289811774 1
867df7f22d5cef910c9c8269e8313ff8 0 7648653 0
867df7f22d5cef910c9c8269e8313ff8 0 289562682 0
867df7f22d5cef910c9c8269e8313ff8 0 6506370 0
32b77e26bf1e161271a79b443af3b421 0 140495193 1
32b77e26bf1e161271a79b443af3b421 0 237518 1
32b77e26bf1e161271a79b443af3b421 0 33525857 1
32b77e26bf1e161271a79b443af3b421 0 309993404 2
32b77e26bf1e161271a79b443af3b421 0 10247311 2
32b77e26bf1e161271a79b443af3b421 0 236809 1
32b77e26bf1e161271a79b443af3b421 0 136026573 2
32b77e26bf1e161271a79b443af3b421 0 34245265 2
32b77e26bf1e161271a79b443af3b421 0 125153215 2
32b77e26bf1e161271a79b443af3b421 0 90070837 2
32b77e26bf1e161271a79b443af3b421 0 86253745 2
32b77e26bf1e161271a79b443af3b421 0 2445377 1
32b77e26bf1e161271a79b443af3b421 0 162646798 2
32b77e26bf1e161271a79b443af3b421 0 160099390 1
32b77e26bf1e161271a79b443af3b421 0 305680001 2
32b77e26bf1e161271a79b443af3b421 0 11990387 2
32b77e26bf1e161271a79b443af3b421 0 24944309 2
32b77e26bf1e161271a79b443af3b421 0 158281923 1
32b77e26bf1e161271a79b443af3b421 0 45359671 1
32b77e26bf1e161271a79b443af3b421 0 51413970 1
a76f803a54168ee973b5efb8ec3eff57 0 123736590 0
a76f803a54168ee973b5efb8ec3eff57 0 291383017 0
a76f803a54168ee973b5efb8ec3eff57 0 310851349 0
a76f803a54168ee973b5efb8ec3eff57 0 9319609 1
a76f803a54168ee973b5efb8ec3eff57 0 311120368 0
a76f803a54168ee973b5efb8ec3eff57 0 297419745 1
a76f803a54168ee973b5efb8ec3eff57 0 236968502 2
a76f803a54168ee973b5efb8ec3eff57 0 3786657 1
a76f803a54168ee973b5efb8ec3eff57 0 292374871 0
a76f803a54168ee973b5efb8ec3eff57 0 129069318 1
a76f803a54168ee973b5efb8ec3eff57 0 45201975 0
a76f803a54168ee973b5efb8ec3eff57 0 13754717 1
a76f803a54168ee973b5efb8ec3eff57 0 13735013 1
a76f803a54168ee973b5efb8ec3eff57 0 17232559 0
a76f803a54168ee973b5efb8ec3eff57 0 58982383 0
a76f803a54168ee973b5efb8ec3eff57 0 947932 1
a76f803a54168ee973b5efb8ec3eff57 0 42843822 0
a76f803a54168ee973b5efb8ec3eff57 0 291324598 0
a76f803a54168ee973b5efb8ec3eff57 0 6554255 0
a76f803a54168ee973b5efb8ec3eff57 0 6852322 1
a76f803a54168ee973b5efb8ec3eff57 0 561618 0
a76f803a54168ee973b5efb8ec3eff57 0 276512290 0
a76f803a54168ee973b5efb8ec3eff57 0 18025562 1
a76f803a54168ee973b5efb8ec3eff57 0 308889407 1
a76f803a54168ee973b5efb8ec3eff57 0 77614617 0
a76f803a54168ee973b5efb8ec3eff57 0 303821796 0
0873d2cffeaaf1b9c45950b0bc9e1b6d 0 297539506 1
0873d2cffeaaf1b9c45950b0bc9e1b6d 0 156904843 1
0873d2cffeaaf1b9c45950b0bc9e1b6d 0 309591047 1
0873d2cffeaaf1b9c45950b0bc9e1b6d 0 150468985 1
0873d2cffeaaf1b9c45950b0bc9e1b6d 0 291429812 0
0873d2cffeaaf1b9c45950b0bc9e1b6d 0 302080544 1
0873d2cffeaaf1b9c45950b0bc9e1b6d 0 300361332 1
0873d2cffeaaf1b9c45950b0bc9e1b6d 0 276732253 0
0873d2cffeaaf1b9c45950b0bc9e1b6d 0 42389963 1
0873d2cffeaaf1b9c45950b0bc9e1b6d 0 46259229 0
0873d2cffeaaf1b9c45950b0bc9e1b6d 0 160708376 1
0873d2cffeaaf1b9c45950b0bc9e1b6d 0 291852781 1
0873d2cffeaaf1b9c45950b0bc9e1b6d 0 172758879 0
0873d2cffeaaf1b9c45950b0bc9e1b6d 0 33193857 0
0873d2cffeaaf1b9c45950b0bc9e1b6d 0 172759048 0
0873d2cffeaaf1b9c45950b0bc9e1b6d 0 291378301 0
0873d2cffeaaf1b9c45950b0bc9e1b6d 0 290884322 0
0873d2cffeaaf1b9c45950b0bc9e1b6d 0 152353446 0
0873d2cffeaaf1b9c45950b0bc9e1b6d 0 291389770 0
0873d2cffeaaf1b9c45950b0bc9e1b6d 0 126813858 1
0873d2cffeaaf1b9c45950b0bc9e1b6d 0 4064496 0
0873d2cffeaaf1b9c45950b0bc9e1b6d 0 291397186 1
0873d2cffeaaf1b9c45950b0bc9e1b6d 0 10960713 0
0873d2cffeaaf1b9c45950b0bc9e1b6d 0 11896578 0
0873d2cffeaaf1b9c45950b0bc9e1b6d 0 303321775 1
2cf744fb83444209c7ed37c31bb7ce04 0 294277183 2
2cf744fb83444209c7ed37c31bb7ce04 0 81532597 2
2cf744fb83444209c7ed37c31bb7ce04 0 69961965 2
2cf744fb83444209c7ed37c31bb7ce04 0 168019543 2
2cf744fb83444209c7ed37c31bb7ce04 0 33912533 2
2cf744fb83444209c7ed37c31bb7ce04 0 70999074 2
2cf744fb83444209c7ed37c31bb7ce04 0 289492526 2
2cf744fb83444209c7ed37c31bb7ce04 0 69788798 2
2cf744fb83444209c7ed37c31bb7ce04 0 68223038 2
2cf744fb83444209c7ed37c31bb7ce04 0 46592885 2
2cf744fb83444209c7ed37c31bb7ce04 0 84458489 2
2cf744fb83444209c7ed37c31bb7ce04 0 68448879 2
2cf744fb83444209c7ed37c31bb7ce04 0 19030552 2
2cf744fb83444209c7ed37c31bb7ce04 0 46620009 2
2cf744fb83444209c7ed37c31bb7ce04 0 31010068 2
2cf744fb83444209c7ed37c31bb7ce04 0 64639731 2
2cf744fb83444209c7ed37c31bb7ce04 0 132605921 2
2cf744fb83444209c7ed37c31bb7ce04 0 62320888 2
2cf744fb83444209c7ed37c31bb7ce04 0 45991730 2
2cf744fb83444209c7ed37c31bb7ce04 0 10993201 2
2cf744fb83444209c7ed37c31bb7ce04 0 75551428 2
2cf744fb83444209c7ed37c31bb7ce04 0 162619676 2
533ebe54d99e8c5e2feea55299c0f3ef 0 298278393 2
533ebe54d99e8c5e2feea55299c0f3ef 0 85860302 0
533ebe54d99e8c5e2feea55299c0f3ef 0 9069482 2
533ebe54d99e8c5e2feea55299c0f3ef 0 85862670 0
533ebe54d99e8c5e2feea55299c0f3ef 0 44656141 1
533ebe54d99e8c5e2feea55299c0f3ef 0 275862318 1
533ebe54d99e8c5e2feea55299c0f3ef 0 291377404 0
533ebe54d99e8c5e2feea55299c0f3ef 0 7088122 2
533ebe54d99e8c5e2feea55299c0f3ef 0 161963392 0
533ebe54d99e8c5e2feea55299c0f3ef 0 293720513 0
533ebe54d99e8c5e2feea55299c0f3ef 0 302732228 1
533ebe54d99e8c5e2feea55299c0f3ef 0 140434820 0
533ebe54d99e8c5e2feea55299c0f3ef 0 24704032 0
533ebe54d99e8c5e2feea55299c0f3ef 0 310946940 0
533ebe54d99e8c5e2feea55299c0f3ef 0 291424537 2
533ebe54d99e8c5e2feea55299c0f3ef 0 70960912 0
533ebe54d99e8c5e2feea55299c0f3ef 0 297427666 1
533ebe54d99e8c5e2feea55299c0f3ef 0 172659815 2
533ebe54d99e8c5e2feea55299c0f3ef 0 279721681 2
533ebe54d99e8c5e2feea55299c0f3ef 0 152447068 1
533ebe54d99e8c5e2feea55299c0f3ef 0 290120169 0
533ebe54d99e8c5e2feea55299c0f3ef 0 291403638 2
533ebe54d99e8c5e2feea55299c0f3ef 0 296869811 0
533ebe54d99e8c5e2feea55299c0f3ef 0 237010487 2
533ebe54d99e8c5e2feea55299c0f3ef 0 30324015 0
533ebe54d99e8c5e2feea55299c0f3ef 0 37977640 2
e488973389507903bf51865953b4ef5a 0 42777951 1
e488973389507903bf51865953b4ef5a 0 18609925 2
e488973389507903bf51865953b4ef5a 0 11913502 2
e488973389507903bf51865953b4ef5a 0 2092738 2
e488973389507903bf51865953b4ef5a 0 258467 2
e488973389507903bf51865953b4ef5a 0 4871566 2
e488973389507903bf51865953b4ef5a 0 18260379 2
e488973389507903bf51865953b4ef5a 0 279656371 2
e488973389507903bf51865953b4ef5a 0 2486281 2
e488973389507903bf51865953b4ef5a 0 2648360 2
e488973389507903bf51865953b4ef5a 0 17543443 2
e488973389507903bf51865953b4ef5a 0 32971959 2
e488973389507903bf51865953b4ef5a 0 943428 2
e488973389507903bf51865953b4ef5a 0 303761963 2
e488973389507903bf51865953b4ef5a 0 289842922 2
e488973389507903bf51865953b4ef5a 0 409634 2
e488973389507903bf51865953b4ef5a 0 275796760 2
e488973389507903bf51865953b4ef5a 0 302195843 2
e488973389507903bf51865953b4ef5a 0 289842376 2
e488973389507903bf51865953b4ef5a 0 295544668 2
e488973389507903bf51865953b4ef5a 0 19895548 2
e488973389507903bf51865953b4ef5a 0 6218744 2
e488973389507903bf51865953b4ef5a 0 274812899 2
e488973389507903bf51865953b4ef5a 0 305436558 2
96e66663ce960b769e24fd67d2407899 0 68992361 2
96e66663ce960b769e24fd67d2407899 0 156686126 2
96e66663ce960b769e24fd67d2407899 0 155119827 2
96e66663ce960b769e24fd67d2407899 0 62637156 2
96e66663ce960b769e24fd67d2407899 0 45225622 2
96e66663ce960b769e24fd67d2407899 0 10730140 0
96e66663ce960b769e24fd67d2407899 0 134955819 2
96e66663ce960b769e24fd67d2407899 0 293783852 2
96e66663ce960b769e24fd67d2407899 0 291377303 2
96e66663ce960b769e24fd67d2407899 0 295611896 2
96e66663ce960b769e24fd67d2407899 0 28043936 2
96e66663ce960b769e24fd67d2407899 0 276513045 2
96e66663ce960b769e24fd67d2407899 0 31303167 2
96e66663ce960b769e24fd67d2407899 0 46864800 2
96e66663ce960b769e24fd67d2407899 0 76720674 2
96e66663ce960b769e24fd67d2407899 0 303013134 2
96e66663ce960b769e24fd67d2407899 0 10129210 2
96e66663ce960b769e24fd67d2407899 0 289766529 2
96e66663ce960b769e24fd67d2407899 0 164443272 2
96e66663ce960b769e24fd67d2407899 0 161865221 2
96e66663ce960b769e24fd67d2407899 0 294895389 2
96e66663ce960b769e24fd67d2407899 0 46398941 2
96e66663ce960b769e24fd67d2407899 0 42516214 2
96e66663ce960b769e24fd67d2407899 0 295977382 2
c946b96eba4e2d1bca272fa87710e779 0 37943513 2
c946b96eba4e2d1bca272fa87710e779 0 7106018 1
c946b96eba4e2d1bca272fa87710e779 0 28482560 2
c946b96eba4e2d1bca272fa87710e779 0 113892302 2
c946b96eba4e2d1bca272fa87710e779 0 28480998 2
c946b96eba4e2d1bca272fa87710e779 0 15192651 2
c946b96eba4e2d1bca272fa87710e779 0 109895544 2
c946b96eba4e2d1bca272fa87710e779 0 28481430 2
c946b96eba4e2d1bca272fa87710e779 0 33936631 2
c946b96eba4e2d1bca272fa87710e779 0 15497317 2
c946b96eba4e2d1bca272fa87710e779 0 46461490 2
c946b96eba4e2d1bca272fa87710e779 0 7624233 0
c946b96eba4e2d1bca272fa87710e779 0 33963572 2
c946b96eba4e2d1bca272fa87710e779 0 46424198 2
c946b96eba4e2d1bca272fa87710e779 0 2513852 2
c946b96eba4e2d1bca272fa87710e779 0 5606018 2
c946b96eba4e2d1bca272fa87710e779 0 28463543 2
c946b96eba4e2d1bca272fa87710e779 0 22441707 2
c946b96eba4e2d1bca272fa87710e779 0 37041591 2
d5406a38d6a2888c5086a790232c5615 0 148239302 2
d5406a38d6a2888c5086a790232c5615 0 292431202 2
d5406a38d6a2888c5086a790232c5615 0 172766750 2
d5406a38d6a2888c5086a790232c5615 0 162617141 2
d5406a38d6a2888c5086a790232c5615 0 2702959 1
d5406a38d6a2888c5086a790232c5615 0 313263587 2
d5406a38d6a2888c5086a790232c5615 0 232632501 1
d5406a38d6a2888c5086a790232c5615 0 2690128 1
d5406a38d6a2888c5086a790232c5615 0 8037110 2
d5406a38d6a2888c5086a790232c5615 0 2599276 1
d5406a38d6a2888c5086a790232c5615 0 294234225 2
d5406a38d6a2888c5086a790232c5615 0 36984393 2
d5406a38d6a2888c5086a790232c5615 0 289768871 2
d5406a38d6a2888c5086a790232c5615 0 85398003 2
d5406a38d6a2888c5086a790232c5615 0 15108856 2
d5406a38d6a2888c5086a790232c5615 0 160707795 2
d5406a38d6a2888c5086a790232c5615 0 71404331 2
d5406a38d6a2888c5086a790232c5615 0 132321525 2
d5406a38d6a2888c5086a790232c5615 0 2731813 1
d5406a38d6a2888c5086a790232c5615 0 2468394 1
d5406a38d6a2888c5086a790232c5615 0 227978770 2
d5406a38d6a2888c5086a790232c5615 0 276268966 2
d5406a38d6a2888c5086a790232c5615 0 2919432 1
d5406a38d6a2888c5086a790232c5615 0 2531128 1
d5406a38d6a2888c5086a790232c5615 0 306562021 2
be9f4fce98c08e07a1031021aeba3c82 0 138053421 2
be9f4fce98c08e07a1031021aeba3c82 0 150664538 2
be9f4fce98c08e07a1031021aeba3c82 0 65485891 2
be9f4fce98c08e07a1031021aeba3c82 0 108812633 2
be9f4fce98c08e07a1031021aeba3c82 0 58961898 2
be9f4fce98c08e07a1031021aeba3c82 0 290904308 2
be9f4fce98c08e07a1031021aeba3c82 0 150255280 2
be9f4fce98c08e07a1031021aeba3c82 0 168555696 2
be9f4fce98c08e07a1031021aeba3c82 0 149947811 2
be9f4fce98c08e07a1031021aeba3c82 0 161797499 2
be9f4fce98c08e07a1031021aeba3c82 0 248694502 2
be9f4fce98c08e07a1031021aeba3c82 0 40102745 2
be9f4fce98c08e07a1031021aeba3c82 0 9616411 2
be9f4fce98c08e07a1031021aeba3c82 0 40060137 2
be9f4fce98c08e07a1031021aeba3c82 0 44764930 2
be9f4fce98c08e07a1031021aeba3c82 0 155040379 2
be9f4fce98c08e07a1031021aeba3c82 0 75776538 2
be9f4fce98c08e07a1031021aeba3c82 0 28658120 2
be9f4fce98c08e07a1031021aeba3c82 0 9616855 2
be9f4fce98c08e07a1031021aeba3c82 0 89625885 2
be9f4fce98c08e07a1031021aeba3c82 0 112502606 2
be9f4fce98c08e07a1031021aeba3c82 0 289673252 2
be9f4fce98c08e07a1031021aeba3c82 0 71407361 2
be9f4fce98c08e07a1031021aeba3c82 0 161900616 2
be9f4fce98c08e07a1031021aeba3c82 0 305562393 2
be9f4fce98c08e07a1031021aeba3c82 0 310964913 2
14c1299a83cea722c7667945a74e0ec3 0 168224945 2
14c1299a83cea722c7667945a74e0ec3 0 67581901 2
14c1299a83cea722c7667945a74e0ec3 0 127227018 2
14c1299a83cea722c7667945a74e0ec3 0 65796563 2
14c1299a83cea722c7667945a74e0ec3 0 164661508 2
14c1299a83cea722c7667945a74e0ec3 0 9553144 2
14c1299a83cea722c7667945a74e0ec3 0 84135147 0
14c1299a83cea722c7667945a74e0ec3 0 106015792 2
14c1299a83cea722c7667945a74e0ec3 0 69816450 2
14c1299a83cea722c7667945a74e0ec3 0 161898104 2
14c1299a83cea722c7667945a74e0ec3 0 27743549 2
14c1299a83cea722c7667945a74e0ec3 0 313485863 2
14c1299a83cea722c7667945a74e0ec3 0 83921398 2
14c1299a83cea722c7667945a74e0ec3 0 132540300 0
d7121387aa077f9d346a6b5a0378e5c6 0 129529354 2
d7121387aa077f9d346a6b5a0378e5c6 0 132663307 2
d7121387aa077f9d346a6b5a0378e5c6 0 155134006 2
d7121387aa077f9d346a6b5a0378e5c6 0 313236849 2
d7121387aa077f9d346a6b5a0378e5c6 0 136065883 2
d7121387aa077f9d346a6b5a0378e5c6 0 46723249 2
d7121387aa077f9d346a6b5a0378e5c6 0 295233398 2
d7121387aa077f9d346a6b5a0378e5c6 0 293812386 2
d7121387aa077f9d346a6b5a0378e5c6 0 191679660 2
d7121387aa077f9d346a6b5a0378e5c6 0 153464965 2
d7121387aa077f9d346a6b5a0378e5c6 0 71854808 2
d7121387aa077f9d346a6b5a0378e5c6 0 289553388 2
d7121387aa077f9d346a6b5a0378e5c6 0 37263477 2
d7121387aa077f9d346a6b5a0378e5c6 0 62441957 2
d7121387aa077f9d346a6b5a0378e5c6 0 304748697 2
d7121387aa077f9d346a6b5a0378e5c6 0 279665178 2
d7121387aa077f9d346a6b5a0378e5c6 0 289579539 2
d7121387aa077f9d346a6b5a0378e5c6 0 172766804 2
d7121387aa077f9d346a6b5a0378e5c6 0 298310776 2
d7121387aa077f9d346a6b5a0378e5c6 0 44862822 2
d7121387aa077f9d346a6b5a0378e5c6 0 26201981 2
b487748cc8000635fd861f04743ab18b 0 132450356 1
b487748cc8000635fd861f04743ab18b 0 294513870 1
b487748cc8000635fd861f04743ab18b 0 166749958 1
b487748cc8000635fd861f04743ab18b 0 8581755 1
b487748cc8000635fd861f04743ab18b 0 275337451 1
b487748cc8000635fd861f04743ab18b 0 157152250 1
b487748cc8000635fd861f04743ab18b 0 167402980 1
b487748cc8000635fd861f04743ab18b 0 268790997 1
b487748cc8000635fd861f04743ab18b 0 152711672 1
b487748cc8000635fd861f04743ab18b 0 8578031 2
b487748cc8000635fd861f04743ab18b 0 139859324 1
b487748cc8000635fd861f04743ab18b 0 74727105 1
b487748cc8000635fd861f04743ab18b 0 169910995 1
b487748cc8000635fd861f04743ab18b 0 17811871 1
b487748cc8000635fd861f04743ab18b 0 164659773 1
b487748cc8000635fd861f04743ab18b 0 8578224 1
b487748cc8000635fd861f04743ab18b 0 304107932 1
b487748cc8000635fd861f04743ab18b 0 8576879 0
b487748cc8000635fd861f04743ab18b 0 8575733 1
b487748cc8000635fd861f04743ab18b 0 8582718 1
b487748cc8000635fd861f04743ab18b 0 290428140 2
b487748cc8000635fd861f04743ab18b 0 156694437 1
b487748cc8000635fd861f04743ab18b 0 56343726 1
fb08c8d1e8056912964b802d33419dc0 0 164422775 2
fb08c8d1e8056912964b802d33419dc0 0 86036148 2
fb08c8d1e8056912964b802d33419dc0 0 75911524 2
fb08c8d1e8056912964b802d33419dc0 0 298411316 2
fb08c8d1e8056912964b802d33419dc0 0 296733961 2
fb08c8d1e8056912964b802d33419dc0 0 46579528 2
fb08c8d1e8056912964b802d33419dc0 0 154862928 2
fb08c8d1e8056912964b802d33419dc0 0 292343480 2
fb08c8d1e8056912964b802d33419dc0 0 234245 2
fb08c8d1e8056912964b802d33419dc0 0 251578 2
fb08c8d1e8056912964b802d33419dc0 0 69291129 2
fb08c8d1e8056912964b802d33419dc0 0 293812386 2
fb08c8d1e8056912964b802d33419dc0 0 9983502 2
fb08c8d1e8056912964b802d33419dc0 0 44756559 2
fb08c8d1e8056912964b802d33419dc0 0 70354166 2
fb08c8d1e8056912964b802d33419dc0 0 44149217 2
fb08c8d1e8056912964b802d33419dc0 0 151501401 2
fb08c8d1e8056912964b802d33419dc0 0 268597088 2
fb08c8d1e8056912964b802d33419dc0 0 2514007 2
fb08c8d1e8056912964b802d33419dc0 0 127398747 2
fb08c8d1e8056912964b802d33419dc0 0 145047528 2
fb08c8d1e8056912964b802d33419dc0 0 41658008 2
fb08c8d1e8056912964b802d33419dc0 0 313473119 2
ddc6aa40837e166470aa10b3679690b1 0 85235559 2
ddc6aa40837e166470aa10b3679690b1 0 291485190 2
ddc6aa40837e166470aa10b3679690b1 0 85863164 2
ddc6aa40837e166470aa10b3679690b1 0 231047326 2
ddc6aa40837e166470aa10b3679690b1 0 85858106 2
ddc6aa40837e166470aa10b3679690b1 0 293359027 2
ddc6aa40837e166470aa10b3679690b1 0 285034820 2
ddc6aa40837e166470aa10b3679690b1 0 78765722 2
ddc6aa40837e166470aa10b3679690b1 0 7101535 2
ddc6aa40837e166470aa10b3679690b1 0 279656588 2
ddc6aa40837e166470aa10b3679690b1 0 290953135 2
ddc6aa40837e166470aa10b3679690b1 0 50727180 2
ddc6aa40837e166470aa10b3679690b1 0 1170296 2
ddc6aa40837e166470aa10b3679690b1 0 38614715 2
ddc6aa40837e166470aa10b3679690b1 0 293359271 2
ddc6aa40837e166470aa10b3679690b1 0 308892550 2
ddc6aa40837e166470aa10b3679690b1 0 294943684 2
ddc6aa40837e166470aa10b3679690b1 0 275747046 2
ddc6aa40837e166470aa10b3679690b1 0 71478740 2
ddc6aa40837e166470aa10b3679690b1 0 33132505 2
ddc6aa40837e166470aa10b3679690b1 0 292561757 2
ddc6aa40837e166470aa10b3679690b1 0 9088669 2
d758afb29213ad1c04bf53c7bda2a3ad 0 9112944 0
d758afb29213ad1c04bf53c7bda2a3ad 0 17765314 0
d758afb29213ad1c04bf53c7bda2a3ad 0 9445045 1
d758afb29213ad1c04bf53c7bda2a3ad 0 48211371 2
d758afb29213ad1c04bf53c7bda2a3ad 0 8292080 0
d758afb29213ad1c04bf53c7bda2a3ad 0 290304185 0
d758afb29213ad1c04bf53c7bda2a3ad 0 157173403 0
d758afb29213ad1c04bf53c7bda2a3ad 0 19057618 1
d758afb29213ad1c04bf53c7bda2a3ad 0 157173402 1
d758afb29213ad1c04bf53c7bda2a3ad 0 170263180 0
d758afb29213ad1c04bf53c7bda2a3ad 0 10363060 1
d758afb29213ad1c04bf53c7bda2a3ad 0 68397974 0
d758afb29213ad1c04bf53c7bda2a3ad 0 66964492 0
d758afb29213ad1c04bf53c7bda2a3ad 0 68561238 0
d758afb29213ad1c04bf53c7bda2a3ad 0 8427787 0
35ed7fb79fbf9d4499b0d47028fa39d8 0 696552 0
35ed7fb79fbf9d4499b0d47028fa39d8 0 174855083 1
35ed7fb79fbf9d4499b0d47028fa39d8 0 25736906 1
35ed7fb79fbf9d4499b0d47028fa39d8 0 308103925 0
35ed7fb79fbf9d4499b0d47028fa39d8 0 143070977 0
35ed7fb79fbf9d4499b0d47028fa39d8 0 15027678 0
35ed7fb79fbf9d4499b0d47028fa39d8 0 291191729 0
35ed7fb79fbf9d4499b0d47028fa39d8 0 19438510 0
35ed7fb79fbf9d4499b0d47028fa39d8 0 883369 0
35ed7fb79fbf9d4499b0d47028fa39d8 0 187309101 0
35ed7fb79fbf9d4499b0d47028fa39d8 0 291572624 0
35ed7fb79fbf9d4499b0d47028fa39d8 0 5109272 1
35ed7fb79fbf9d4499b0d47028fa39d8 0 17133905 0
35ed7fb79fbf9d4499b0d47028fa39d8 0 175692237 0
35ed7fb79fbf9d4499b0d47028fa39d8 0 160440971 0
35ed7fb79fbf9d4499b0d47028fa39d8 0 289769919 0
35ed7fb79fbf9d4499b0d47028fa39d8 0 289575587 0
35ed7fb79fbf9d4499b0d47028fa39d8 0 28967435 0
35ed7fb79fbf9d4499b0d47028fa39d8 0 6091359 0
35ed7fb79fbf9d4499b0d47028fa39d8 0 5188069 0
35ed7fb79fbf9d4499b0d47028fa39d8 0 43648632 0
35ed7fb79fbf9d4499b0d47028fa39d8 0 337221 0
35ed7fb79fbf9d4499b0d47028fa39d8 0 303776019 0
35ed7fb79fbf9d4499b0d47028fa39d8 0 148435187 0
35ed7fb79fbf9d4499b0d47028fa39d8 0 18949338 0
35ed7fb79fbf9d4499b0d47028fa39d8 0 293423757 0
35ed7fb79fbf9d4499b0d47028fa39d8 0 43615474 0
35ed7fb79fbf9d4499b0d47028fa39d8 0 42818403 0
c9b997d3c4f61be186e26b3b6a962c41 0 137602643 2
c9b997d3c4f61be186e26b3b6a962c41 0 127707825 2
c9b997d3c4f61be186e26b3b6a962c41 0 10346150 2
c9b997d3c4f61be186e26b3b6a962c41 0 46355735 2
c9b997d3c4f61be186e26b3b6a962c41 0 100359665 2
c9b997d3c4f61be186e26b3b6a962c41 0 44703699 2
c9b997d3c4f61be186e26b3b6a962c41 0 138557299 2
c9b997d3c4f61be186e26b3b6a962c41 0 126749611 2
c9b997d3c4f61be186e26b3b6a962c41 0 25028507 2
c9b997d3c4f61be186e26b3b6a962c41 0 313557670 2
c9b997d3c4f61be186e26b3b6a962c41 0 276240980 2
c9b997d3c4f61be186e26b3b6a962c41 0 51738884 2
c9b997d3c4f61be186e26b3b6a962c41 0 478191 2
c9b997d3c4f61be186e26b3b6a962c41 0 74523185 2
c9b997d3c4f61be186e26b3b6a962c41 0 74523175 2
c9b997d3c4f61be186e26b3b6a962c41 0 296170306 2
c9b997d3c4f61be186e26b3b6a962c41 0 289493167 2
c9b997d3c4f61be186e26b3b6a962c41 0 40457371 2
c9b997d3c4f61be186e26b3b6a962c41 0 308906010 2
c9b997d3c4f61be186e26b3b6a962c41 0 123386494 2
c9b997d3c4f61be186e26b3b6a962c41 0 276241700 2
c9b997d3c4f61be186e26b3b6a962c41 0 11172505 2
484c205a0cae4fc47f5fed10f6bff419 0 50340723 1
484c205a0cae4fc47f5fed10f6bff419 0 86017117 2
484c205a0cae4fc47f5fed10f6bff419 0 77842145 1
484c205a0cae4fc47f5fed10f6bff419 0 11439357 2
484c205a0cae4fc47f5fed10f6bff419 0 160748163 1
484c205a0cae4fc47f5fed10f6bff419 0 43525084 2
484c205a0cae4fc47f5fed10f6bff419 0 4839841 1
484c205a0cae4fc47f5fed10f6bff419 0 290857924 2
484c205a0cae4fc47f5fed10f6bff419 0 274842295 2
484c205a0cae4fc47f5fed10f6bff419 0 63202946 0
484c205a0cae4fc47f5fed10f6bff419 0 162944680 2
484c205a0cae4fc47f5fed10f6bff419 0 121314849 1
484c205a0cae4fc47f5fed10f6bff419 0 26881734 1
484c205a0cae4fc47f5fed10f6bff419 0 39738733 1
484c205a0cae4fc47f5fed10f6bff419 0 138207088 1
484c205a0cae4fc47f5fed10f6bff419 0 5180688 1
484c205a0cae4fc47f5fed10f6bff419 0 86017048 2
6f347087b3fc0b15bac5003d0b60bfb3 0 2730191 0
6f347087b3fc0b15bac5003d0b60bfb3 0 109744050 0
6f347087b3fc0b15bac5003d0b60bfb3 0 298906687 2
6f347087b3fc0b15bac5003d0b60bfb3 0 77863196 1
6f347087b3fc0b15bac5003d0b60bfb3 0 9802942 0
6f347087b3fc0b15bac5003d0b60bfb3 0 297012779 2
6f347087b3fc0b15bac5003d0b60bfb3 0 2997590 0
6f347087b3fc0b15bac5003d0b60bfb3 0 2977219 0
6f347087b3fc0b15bac5003d0b60bfb3 0 78766713 0
6f347087b3fc0b15bac5003d0b60bfb3 0 5178548 2
6f347087b3fc0b15bac5003d0b60bfb3 0 31273769 0
6f347087b3fc0b15bac5003d0b60bfb3 0 74293313 0
6f347087b3fc0b15bac5003d0b60bfb3 0 33313904 0
6f347087b3fc0b15bac5003d0b60bfb3 0 159345813 2
6f347087b3fc0b15bac5003d0b60bfb3 0 10899030 0
6f347087b3fc0b15bac5003d0b60bfb3 0 8785504 0
6f347087b3fc0b15bac5003d0b60bfb3 0 54745626 0
6f347087b3fc0b15bac5003d0b60bfb3 0 289944759 0
6f347087b3fc0b15bac5003d0b60bfb3 0 162665094 2
6f347087b3fc0b15bac5003d0b60bfb3 0 291429930 2
6f347087b3fc0b15bac5003d0b60bfb3 0 157786072 0
6f347087b3fc0b15bac5003d0b60bfb3 0 70331090 0
6f347087b3fc0b15bac5003d0b60bfb3 0 292324474 2
6f347087b3fc0b15bac5003d0b60bfb3 0 192238248 2
6f347087b3fc0b15bac5003d0b60bfb3 0 108588184 0
6f347087b3fc0b15bac5003d0b60bfb3 0 43520593 1
6f347087b3fc0b15bac5003d0b60bfb3 0 138577288 0
6f347087b3fc0b15bac5003d0b60bfb3 0 275889592 1
6f347087b3fc0b15bac5003d0b60bfb3 0 292109196 2
4830856b20c6995776510fb1d88f4bc9 0 129069168 1
4830856b20c6995776510fb1d88f4bc9 0 30732198 2
4830856b20c6995776510fb1d88f4bc9 0 1129209 2
4830856b20c6995776510fb1d88f4bc9 0 4230004 1
4830856b20c6995776510fb1d88f4bc9 0 309792842 2
4830856b20c6995776510fb1d88f4bc9 0 4853350 2
4830856b20c6995776510fb1d88f4bc9 0 2758585 2
4830856b20c6995776510fb1d88f4bc9 0 2457579 2
4830856b20c6995776510fb1d88f4bc9 0 2767958 1
4830856b20c6995776510fb1d88f4bc9 0 17813241 2
4830856b20c6995776510fb1d88f4bc9 0 2800130 2
4830856b20c6995776510fb1d88f4bc9 0 741221 2
4830856b20c6995776510fb1d88f4bc9 0 2506990 2
4830856b20c6995776510fb1d88f4bc9 0 2693926 2
4830856b20c6995776510fb1d88f4bc9 0 42858275 2
4830856b20c6995776510fb1d88f4bc9 0 2551437 2
4830856b20c6995776510fb1d88f4bc9 0 166403113 2
4830856b20c6995776510fb1d88f4bc9 0 30733262 2
4830856b20c6995776510fb1d88f4bc9 0 156960858 1
4830856b20c6995776510fb1d88f4bc9 0 6559667 2
4830856b20c6995776510fb1d88f4bc9 0 2867110 1
28fa235187d66c13cad33bb4786e7d25 0 31575302 2
28fa235187d66c13cad33bb4786e7d25 0 37469597 2
28fa235187d66c13cad33bb4786e7d25 0 14331673 2
28fa235187d66c13cad33bb4786e7d25 0 70342482 0
28fa235187d66c13cad33bb4786e7d25 0 11820686 1
28fa235187d66c13cad33bb4786e7d25 0 290743050 1
28fa235187d66c13cad33bb4786e7d25 0 5178379 0
28fa235187d66c13cad33bb4786e7d25 0 275708507 1
28fa235187d66c13cad33bb4786e7d25 0 5129408 2
28fa235187d66c13cad33bb4786e7d25 0 24881245 1
28fa235187d66c13cad33bb4786e7d25 0 290024386 1
28fa235187d66c13cad33bb4786e7d25 0 304990571 2
28fa235187d66c13cad33bb4786e7d25 0 168528550 2
28fa235187d66c13cad33bb4786e7d25 0 43381746 0
28fa235187d66c13cad33bb4786e7d25 0 71909711 1
28fa235187d66c13cad33bb4786e7d25 0 291145729 1
28fa235187d66c13cad33bb4786e7d25 0 297760436 2
28fa235187d66c13cad33bb4786e7d25 0 276160591 2
28fa235187d66c13cad33bb4786e7d25 0 289667881 0
28fa235187d66c13cad33bb4786e7d25 0 11468848 1
28fa235187d66c13cad33bb4786e7d25 0 5131278 0
28fa235187d66c13cad33bb4786e7d25 0 83938473 1
28fa235187d66c13cad33bb4786e7d25 0 294917745 1
28fa235187d66c13cad33bb4786e7d25 0 24922426 1
a3ef8674065801b4d4a581beeb5a612d 0 293899599 0
a3ef8674065801b4d4a581beeb5a612d 0 284059478 1
a3ef8674065801b4d4a581beeb5a612d 0 6272772 0
a3ef8674065801b4d4a581beeb5a612d 0 289552503 2
a3ef8674065801b4d4a581beeb5a612d 0 156885873 0
a3ef8674065801b4d4a581beeb5a612d 0 153416582 0
a3ef8674065801b4d4a581beeb5a612d 0 301742143 0
a3ef8674065801b4d4a581beeb5a612d 0 291350916 0
a3ef8674065801b4d4a581beeb5a612d 0 299839254 0
a3ef8674065801b4d4a581beeb5a612d 0 301683769 0
a3ef8674065801b4d4a581beeb5a612d 0 274050321 0
a3ef8674065801b4d4a581beeb5a612d 0 308884573 1
a3ef8674065801b4d4a581beeb5a612d 0 143696039 1
a3ef8674065801b4d4a581beeb5a612d 0 290573868 0
a3ef8674065801b4d4a581beeb5a612d 0 63554587 0
a3ef8674065801b4d4a581beeb5a612d 0 78441094 0
a3ef8674065801b4d4a581beeb5a612d 0 289556403 2
a3ef8674065801b4d4a581beeb5a612d 0 132266515 1
a3ef8674065801b4d4a581beeb5a612d 0 276503770 1
a3ef8674065801b4d4a581beeb5a612d 0 313533922 0
a3ef8674065801b4d4a581beeb5a612d 0 174852835 0
a3ef8674065801b4d4a581beeb5a612d 0 155363587 0
a3ef8674065801b4d4a581beeb5a612d 0 171836869 1
a3ef8674065801b4d4a581beeb5a612d 0 308891462 0
4880fdf7ff336b249af928cf93f43f0a 0 3023005 2
4880fdf7ff336b249af928cf93f43f0a 0 38758848 2
4880fdf7ff336b249af928cf93f43f0a 0 3109602 2
4880fdf7ff336b249af928cf93f43f0a 0 19141085 2
4880fdf7ff336b249af928cf93f43f0a 0 2575088 2
4880fdf7ff336b249af928cf93f43f0a 0 305695133 2
4880fdf7ff336b249af928cf93f43f0a 0 26672811 2
4880fdf7ff336b249af928cf93f43f0a 0 14171829 2
4880fdf7ff336b249af928cf93f43f0a 0 14174429 2
4880fdf7ff336b249af928cf93f43f0a 0 158298579 2
4880fdf7ff336b249af928cf93f43f0a 0 2629326 2
4880fdf7ff336b249af928cf93f43f0a 0 32871589 2
4880fdf7ff336b249af928cf93f43f0a 0 63010407 2
4880fdf7ff336b249af928cf93f43f0a 0 84223038 2
4880fdf7ff336b249af928cf93f43f0a 0 62504624 2
4880fdf7ff336b249af928cf93f43f0a 0 150783379 2
4880fdf7ff336b249af928cf93f43f0a 0 137870779 2
8f9b8e5f1778d9aa1e0fb4f485074e50 0 157784625 2
8f9b8e5f1778d9aa1e0fb4f485074e50 0 81506448 2
8f9b8e5f1778d9aa1e0fb4f485074e50 0 160948958 2
8f9b8e5f1778d9aa1e0fb4f485074e50 0 80458819 1
8f9b8e5f1778d9aa1e0fb4f485074e50 0 289492174 2
8f9b8e5f1778d9aa1e0fb4f485074e50 0 25676316 2
8f9b8e5f1778d9aa1e0fb4f485074e50 0 279733200 2
8f9b8e5f1778d9aa1e0fb4f485074e50 0 295481683 0
8f9b8e5f1778d9aa1e0fb4f485074e50 0 24248295 2
8f9b8e5f1778d9aa1e0fb4f485074e50 0 139358671 2
8f9b8e5f1778d9aa1e0fb4f485074e50 0 10012810 2
8f9b8e5f1778d9aa1e0fb4f485074e50 0 143600791 1
8f9b8e5f1778d9aa1e0fb4f485074e50 0 301286794 0
8f9b8e5f1778d9aa1e0fb4f485074e50 0 155417987 0
8f9b8e5f1778d9aa1e0fb4f485074e50 0 125857980 1
8f9b8e5f1778d9aa1e0fb4f485074e50 0 69933751 2
8f9b8e5f1778d9aa1e0fb4f485074e50 0 10014737 2
8f9b8e5f1778d9aa1e0fb4f485074e50 0 85224656 0
0d73d8e3c29b4e9ea624a896ddf2d275 0 290306260 2
0d73d8e3c29b4e9ea624a896ddf2d275 0 292158348 1
0d73d8e3c29b4e9ea624a896ddf2d275 0 159443392 1
0d73d8e3c29b4e9ea624a896ddf2d275 0 291521709 2
0d73d8e3c29b4e9ea624a896ddf2d275 0 314548664 1
0d73d8e3c29b4e9ea624a896ddf2d275 0 276247980 1
0d73d8e3c29b4e9ea624a896ddf2d275 0 294941141 0
0d73d8e3c29b4e9ea624a896ddf2d275 0 303973555 1
0d73d8e3c29b4e9ea624a896ddf2d275 0 43891811 0
0d73d8e3c29b4e9ea624a896ddf2d275 0 36997728 2
0d73d8e3c29b4e9ea624a896ddf2d275 0 293170543 1
0d73d8e3c29b4e9ea624a896ddf2d275 0 291891094 1
0d73d8e3c29b4e9ea624a896ddf2d275 0 309665779 1
0d73d8e3c29b4e9ea624a896ddf2d275 0 46120089 2
0d73d8e3c29b4e9ea624a896ddf2d275 0 291403634 2
0d73d8e3c29b4e9ea624a896ddf2d275 0 146887079 1
0d73d8e3c29b4e9ea624a896ddf2d275 0 276264078 2
0d73d8e3c29b4e9ea624a896ddf2d275 0 297415989 2
0d73d8e3c29b4e9ea624a896ddf2d275 0 308890677 2
0d73d8e3c29b4e9ea624a896ddf2d275 0 7083343 1
0d73d8e3c29b4e9ea624a896ddf2d275 0 6989890 1
0d73d8e3c29b4e9ea624a896ddf2d275 0 275727046 2
0d73d8e3c29b4e9ea624a896ddf2d275 0 290413469 1
0d73d8e3c29b4e9ea624a896ddf2d275 0 299323861 1
0d73d8e3c29b4e9ea624a896ddf2d275 0 159079781 1
0d73d8e3c29b4e9ea624a896ddf2d275 0 297009999 1
0d73d8e3c29b4e9ea624a896ddf2d275 0 276817222 1
27db1a4cf0abbcfd48263555da200457 0 275426074 0
27db1a4cf0abbcfd48263555da200457 0 40073233 1
27db1a4cf0abbcfd48263555da200457 0 290071663 0
27db1a4cf0abbcfd48263555da200457 0 173695455 2
27db1a4cf0abbcfd48263555da200457 0 26609087 2
27db1a4cf0abbcfd48263555da200457 0 8428715 1
27db1a4cf0abbcfd48263555da200457 0 276243922 0
27db1a4cf0abbcfd48263555da200457 0 46224290 1
27db1a4cf0abbcfd48263555da200457 0 42865437 1
27db1a4cf0abbcfd48263555da200457 0 300888237 0
27db1a4cf0abbcfd48263555da200457 0 6750190 1
27db1a4cf0abbcfd48263555da200457 0 290571019 1
27db1a4cf0abbcfd48263555da200457 0 41665042 0
27db1a4cf0abbcfd48263555da200457 0 289761852 0
27db1a4cf0abbcfd48263555da200457 0 168043647 0
27db1a4cf0abbcfd48263555da200457 0 18243859 0
27db1a4cf0abbcfd48263555da200457 0 45480559 0
27db1a4cf0abbcfd48263555da200457 0 62637206 1
27db1a4cf0abbcfd48263555da200457 0 308877507 1
27db1a4cf0abbcfd48263555da200457 0 33924035 2
27db1a4cf0abbcfd48263555da200457 0 44763497 1
27db1a4cf0abbcfd48263555da200457 0 41654336 2
27db1a4cf0abbcfd48263555da200457 0 46217280 1
27db1a4cf0abbcfd48263555da200457 0 40321217 1
0e8d5755bc6fd7262c896acee6e7fdea 0 75690243 0
0e8d5755bc6fd7262c896acee6e7fdea 0 302971922 1
0e8d5755bc6fd7262c896acee6e7fdea 0 66824980 0
0e8d5755bc6fd7262c896acee6e7fdea 0 75517214 0
0e8d5755bc6fd7262c896acee6e7fdea 0 301836745 0
0e8d5755bc6fd7262c896acee6e7fdea 0 302964033 1
0e8d5755bc6fd7262c896acee6e7fdea 0 54184682 0
0e8d5755bc6fd7262c896acee6e7fdea 0 302967324 0
0e8d5755bc6fd7262c896acee6e7fdea 0 145910129 1
0e8d5755bc6fd7262c896acee6e7fdea 0 301836824 0
0e8d5755bc6fd7262c896acee6e7fdea 0 302967323 0
0e8d5755bc6fd7262c896acee6e7fdea 0 52229331 0
0e8d5755bc6fd7262c896acee6e7fdea 0 305401789 0
0e8d5755bc6fd7262c896acee6e7fdea 0 302970994 1
0e8d5755bc6fd7262c896acee6e7fdea 0 301836819 0
0e8d5755bc6fd7262c896acee6e7fdea 0 302958288 0
0e8d5755bc6fd7262c896acee6e7fdea 0 302967211 0
0e8d5755bc6fd7262c896acee6e7fdea 0 305401320 0
0e8d5755bc6fd7262c896acee6e7fdea 0 302968224 1
0e8d5755bc6fd7262c896acee6e7fdea 0 302967786 0
4bf79a0d16ffc2b9be8b6849c88ce244 0 24914642 2
4bf79a0d16ffc2b9be8b6849c88ce244 0 41290874 2
4bf79a0d16ffc2b9be8b6849c88ce244 0 4474369 2
4bf79a0d16ffc2b9be8b6849c88ce244 0 24903685 0
4bf79a0d16ffc2b9be8b6849c88ce244 0 157823974 2
4bf79a0d16ffc2b9be8b6849c88ce244 0 6888329 2
4bf79a0d16ffc2b9be8b6849c88ce244 0 174766729 2
4bf79a0d16ffc2b9be8b6849c88ce244 0 57122283 2
4bf79a0d16ffc2b9be8b6849c88ce244 0 137764265 2
4bf79a0d16ffc2b9be8b6849c88ce244 0 19438544 2
4bf79a0d16ffc2b9be8b6849c88ce244 0 291304155 2
4bf79a0d16ffc2b9be8b6849c88ce244 0 163239557 2
4bf79a0d16ffc2b9be8b6849c88ce244 0 131380211 2
4bf79a0d16ffc2b9be8b6849c88ce244 0 4482275 2
4bf79a0d16ffc2b9be8b6849c88ce244 0 40141152 2
4bf79a0d16ffc2b9be8b6849c88ce244 0 168176263 1
4bf79a0d16ffc2b9be8b6849c88ce244 0 170186962 2
4bf79a0d16ffc2b9be8b6849c88ce244 0 24893550 2
4bf79a0d16ffc2b9be8b6849c88ce244 0 84134334 2
4bf79a0d16ffc2b9be8b6849c88ce244 0 84128990 2
4bf79a0d16ffc2b9be8b6849c88ce244 0 84129057 2
4bf79a0d16ffc2b9be8b6849c88ce244 0 8364192 2
4bf79a0d16ffc2b9be8b6849c88ce244 0 23011960 2
4bf79a0d16ffc2b9be8b6849c88ce244 0 19174017 2
4bf79a0d16ffc2b9be8b6849c88ce244 0 46350037 2
4bf79a0d16ffc2b9be8b6849c88ce244 0 47590119 2
1bc4dce8577f8939ace5bf16d86b1829 0 284747413 2
1bc4dce8577f8939ace5bf16d86b1829 0 107390859 2
1bc4dce8577f8939ace5bf16d86b1829 0 160912835 2
1bc4dce8577f8939ace5bf16d86b1829 0 19214419 2
1bc4dce8577f8939ace5bf16d86b1829 0 15143647 2
1bc4dce8577f8939ace5bf16d86b1829 0 161926355 2
1bc4dce8577f8939ace5bf16d86b1829 0 4048973 2
1bc4dce8577f8939ace5bf16d86b1829 0 125858320 2
1bc4dce8577f8939ace5bf16d86b1829 0 8959857 2
1bc4dce8577f8939ace5bf16d86b1829 0 308893071 2
1bc4dce8577f8939ace5bf16d86b1829 0 33897622 2
1bc4dce8577f8939ace5bf16d86b1829 0 19217679 2
1bc4dce8577f8939ace5bf16d86b1829 0 12743304 2
1bc4dce8577f8939ace5bf16d86b1829 0 297033218 2
1bc4dce8577f8939ace5bf16d86b1829 0 144947192 2
1bc4dce8577f8939ace5bf16d86b1829 0 70311889 2
1bc4dce8577f8939ace5bf16d86b1829 0 39517067 2
1bc4dce8577f8939ace5bf16d86b1829 0 71404331 2
1bc4dce8577f8939ace5bf16d86b1829 0 39521033 2
1bc4dce8577f8939ace5bf16d86b1829 0 3780451 2
1bc4dce8577f8939ace5bf16d86b1829 0 15074372 2
1bc4dce8577f8939ace5bf16d86b1829 0 39523630 2
1bc4dce8577f8939ace5bf16d86b1829 0 37005578 2
1bc4dce8577f8939ace5bf16d86b1829 0 128336139 2
1bc4dce8577f8939ace5bf16d86b1829 0 125851712 2
1bc4dce8577f8939ace5bf16d86b1829 0 148211752 2
1bc4dce8577f8939ace5bf16d86b1829 0 62635799 2
864f847e662564427772dd3e088cbed4 0 84569731 1
864f847e662564427772dd3e088cbed4 0 313953092 0
864f847e662564427772dd3e088cbed4 0 122648175 2
864f847e662564427772dd3e088cbed4 0 125253825 0
864f847e662564427772dd3e088cbed4 0 134555239 2
864f847e662564427772dd3e088cbed4 0 171564075 0
864f847e662564427772dd3e088cbed4 0 71930485 2
864f847e662564427772dd3e088cbed4 0 38538093 2
864f847e662564427772dd3e088cbed4 0 86459593 2
864f847e662564427772dd3e088cbed4 0 36340091 1
864f847e662564427772dd3e088cbed4 0 57012615 2
864f847e662564427772dd3e088cbed4 0 9211326 0
864f847e662564427772dd3e088cbed4 0 149557754 1
864f847e662564427772dd3e088cbed4 0 290846940 1
864f847e662564427772dd3e088cbed4 0 14083278 0
864f847e662564427772dd3e088cbed4 0 66933667 1
864f847e662564427772dd3e088cbed4 0 2497574 0
864f847e662564427772dd3e088cbed4 0 51511365 2
864f847e662564427772dd3e088cbed4 0 7954605 1
864f847e662564427772dd3e088cbed4 0 158951881 1
864f847e662564427772dd3e088cbed4 0 290868267 1
864f847e662564427772dd3e088cbed4 0 59344514 0
864f847e662564427772dd3e088cbed4 0 293158618 2
804711f54939af9622c3c7614da85298 0 276807445 0
804711f54939af9622c3c7614da85298 0 290299231 0
804711f54939af9622c3c7614da85298 0 297188675 0
804711f54939af9622c3c7614da85298 0 310337184 0
804711f54939af9622c3c7614da85298 0 295624158 0
804711f54939af9622c3c7614da85298 0 8451960 0
804711f54939af9622c3c7614da85298 0 290104567 0
804711f54939af9622c3c7614da85298 0 192180339 0
804711f54939af9622c3c7614da85298 0 46943069 0
804711f54939af9622c3c7614da85298 0 147654807 0
804711f54939af9622c3c7614da85298 0 298931308 0
804711f54939af9622c3c7614da85298 0 274138594 0
804711f54939af9622c3c7614da85298 0 19956255 1
804711f54939af9622c3c7614da85298 0 292909084 0
804711f54939af9622c3c7614da85298 0 289556916 0
804711f54939af9622c3c7614da85298 0 133814463 0
804711f54939af9622c3c7614da85298 0 6864365 0
804711f54939af9622c3c7614da85298 0 290464091 0
804711f54939af9622c3c7614da85298 0 8699794 0
804711f54939af9622c3c7614da85298 0 17901639 0
804711f54939af9622c3c7614da85298 0 309218573 0
804711f54939af9622c3c7614da85298 0 174854408 0
804711f54939af9622c3c7614da85298 0 24362668 0
804711f54939af9622c3c7614da85298 0 292282212 2
804711f54939af9622c3c7614da85298 0 276610949 1
804711f54939af9622c3c7614da85298 0 7199552 1
804711f54939af9622c3c7614da85298 0 18692887 0
804711f54939af9622c3c7614da85298 0 289556030 0
a548bdf65e046ce3ed7c76ee937c6371 0 8795438 2
a548bdf65e046ce3ed7c76ee937c6371 0 47549772 2
a548bdf65e046ce3ed7c76ee937c6371 0 54324060 2
a548bdf65e046ce3ed7c76ee937c6371 0 8797847 2
a548bdf65e046ce3ed7c76ee937c6371 0 11676481 2
a548bdf65e046ce3ed7c76ee937c6371 0 85444305 2
a548bdf65e046ce3ed7c76ee937c6371 0 8800038 2
a548bdf65e046ce3ed7c76ee937c6371 0 54421506 2
a548bdf65e046ce3ed7c76ee937c6371 0 122364834 2
a548bdf65e046ce3ed7c76ee937c6371 0 8802506 2
a548bdf65e046ce3ed7c76ee937c6371 0 38758396 2
a548bdf65e046ce3ed7c76ee937c6371 0 169310088 2
e5bbf4f2f861cbbe6f6a20f1a1b4ee50 0 126977750 1
e5bbf4f2f861cbbe6f6a20f1a1b4ee50 0 49670580 0
e5bbf4f2f861cbbe6f6a20f1a1b4ee50 0 1132865 2
e5bbf4f2f861cbbe6f6a20f1a1b4ee50 0 124700069 1
e5bbf4f2f861cbbe6f6a20f1a1b4ee50 0 578805 1
e5bbf4f2f861cbbe6f6a20f1a1b4ee50 0 137648203 2
e5bbf4f2f861cbbe6f6a20f1a1b4ee50 0 54164156 0
e5bbf4f2f861cbbe6f6a20f1a1b4ee50 0 138010246 2
e5bbf4f2f861cbbe6f6a20f1a1b4ee50 0 85975394 0
e5bbf4f2f861cbbe6f6a20f1a1b4ee50 0 85774984 1
e5bbf4f2f861cbbe6f6a20f1a1b4ee50 0 24874842 1
e5bbf4f2f861cbbe6f6a20f1a1b4ee50 0 69055196 2
e5bbf4f2f861cbbe6f6a20f1a1b4ee50 0 578511 1
e5bbf4f2f861cbbe6f6a20f1a1b4ee50 0 58948595 2
e5bbf4f2f861cbbe6f6a20f1a1b4ee50 0 736310 0
e5bbf4f2f861cbbe6f6a20f1a1b4ee50 0 162794461 2
e5bbf4f2f861cbbe6f6a20f1a1b4ee50 0 8455132 2
e5bbf4f2f861cbbe6f6a20f1a1b4ee50 0 1125173 0
e5bbf4f2f861cbbe6f6a20f1a1b4ee50 0 6297975 0
e5bbf4f2f861cbbe6f6a20f1a1b4ee50 0 163922543 2
e5bbf4f2f861cbbe6f6a20f1a1b4ee50 0 275731346 0
e5bbf4f2f861cbbe6f6a20f1a1b4ee50 0 304894542 0
e5bbf4f2f861cbbe6f6a20f1a1b4ee50 0 42851563 0
e5bbf4f2f861cbbe6f6a20f1a1b4ee50 0 586150 1
c0682123597d0b1027f59cabe06e19b9 0 31129528 2
c0682123597d0b1027f59cabe06e19b9 0 136984372 2
c0682123597d0b1027f59cabe06e19b9 0 228194395 2
c0682123597d0b1027f59cabe06e19b9 0 57310668 2
c0682123597d0b1027f59cabe06e19b9 0 22477236 2
c0682123597d0b1027f59cabe06e19b9 0 122735259 2
c0682123597d0b1027f59cabe06e19b9 0 129604119 2
c0682123597d0b1027f59cabe06e19b9 0 124977758 2
c0682123597d0b1027f59cabe06e19b9 0 21708630 2
c0682123597d0b1027f59cabe06e19b9 0 292045534 1
c0682123597d0b1027f59cabe06e19b9 0 8228269 2
c0682123597d0b1027f59cabe06e19b9 0 149751245 2
c0682123597d0b1027f59cabe06e19b9 0 46666931 2
c0682123597d0b1027f59cabe06e19b9 0 148008958 2
c0682123597d0b1027f59cabe06e19b9 0 31102439 1
c0682123597d0b1027f59cabe06e19b9 0 150347191 2
c0682123597d0b1027f59cabe06e19b9 0 153042333 2
c0682123597d0b1027f59cabe06e19b9 0 152966514 1
c0682123597d0b1027f59cabe06e19b9 0 152998950 2
c0682123597d0b1027f59cabe06e19b9 0 123905945 2
c0682123597d0b1027f59cabe06e19b9 0 45965578 2
c0682123597d0b1027f59cabe06e19b9 0 137219039 2
587bda4ca6b1f73cc861c7426a6db876 0 291602029 1
587bda4ca6b1f73cc861c7426a6db876 0 303895863 1
587bda4ca6b1f73cc861c7426a6db876 0 300175069 1
587bda4ca6b1f73cc861c7426a6db876 0 51359955 0
587bda4ca6b1f73cc861c7426a6db876 0 308388630 1
587bda4ca6b1f73cc861c7426a6db876 0 6304025 0
587bda4ca6b1f73cc861c7426a6db876 0 291595034 0
587bda4ca6b1f73cc861c7426a6db876 0 56732536 1
587bda4ca6b1f73cc861c7426a6db876 0 153260630 0
587bda4ca6b1f73cc861c7426a6db876 0 276806254 0
587bda4ca6b1f73cc861c7426a6db876 0 297549590 1
587bda4ca6b1f73cc861c7426a6db876 0 86036924 0
587bda4ca6b1f73cc861c7426a6db876 0 48214634 1
587bda4ca6b1f73cc861c7426a6db876 0 43531919 0
587bda4ca6b1f73cc861c7426a6db876 0 41661716 1
587bda4ca6b1f73cc861c7426a6db876 0 46828830 0
587bda4ca6b1f73cc861c7426a6db876 0 291588306 0
587bda4ca6b1f73cc861c7426a6db876 0 295605434 2
587bda4ca6b1f73cc861c7426a6db876 0 289578827 0
587bda4ca6b1f73cc861c7426a6db876 0 292280578 1
587bda4ca6b1f73cc861c7426a6db876 0 268317667 0
587bda4ca6b1f73cc861c7426a6db876 0 308876309 2
587bda4ca6b1f73cc861c7426a6db876 0 132428838 0
587bda4ca6b1f73cc861c7426a6db876 0 276496762 0
587bda4ca6b1f73cc861c7426a6db876 0 289575513 0
587bda4ca6b1f73cc861c7426a6db876 0 308885426 0
587bda4ca6b1f73cc861c7426a6db876 0 291415264 1
587bda4ca6b1f73cc861c7426a6db876 0 42478962 1
0ed9bd6ce8865fdc1ab11848ad5cb34d 0 33669271 2
0ed9bd6ce8865fdc1ab11848ad5cb34d 0 2698905 2
0ed9bd6ce8865fdc1ab11848ad5cb34d 0 10726447 2
0ed9bd6ce8865fdc1ab11848ad5cb34d 0 294675814 2
0ed9bd6ce8865fdc1ab11848ad5cb34d 0 10679188 2
0ed9bd6ce8865fdc1ab11848ad5cb34d 0 2652555 2
0ed9bd6ce8865fdc1ab11848ad5cb34d 0 292414750 2
0ed9bd6ce8865fdc1ab11848ad5cb34d 0 68451577 2
0ed9bd6ce8865fdc1ab11848ad5cb34d 0 306070014 2
0ed9bd6ce8865fdc1ab11848ad5cb34d 0 297512906 2
0ed9bd6ce8865fdc1ab11848ad5cb34d 0 301138923 2
0ed9bd6ce8865fdc1ab11848ad5cb34d 0 279645315 2
0ed9bd6ce8865fdc1ab11848ad5cb34d 0 10726444 2
0ed9bd6ce8865fdc1ab11848ad5cb34d 0 285036335 2
0ed9bd6ce8865fdc1ab11848ad5cb34d 0 292423148 2
0ed9bd6ce8865fdc1ab11848ad5cb34d 0 40318953 2
0ed9bd6ce8865fdc1ab11848ad5cb34d 0 75195318 2
0ed9bd6ce8865fdc1ab11848ad5cb34d 0 22472601 2
0ed9bd6ce8865fdc1ab11848ad5cb34d 0 24475386 2
02650836154c6cd4cddacd509daa77e4 0 292324690 0
02650836154c6cd4cddacd509daa77e4 0 302752176 0
02650836154c6cd4cddacd509daa77e4 0 276530844 0
02650836154c6cd4cddacd509daa77e4 0 290837440 0
02650836154c6cd4cddacd509daa77e4 0 14286 0
02650836154c6cd4cddacd509daa77e4 0 83704813 0
02650836154c6cd4cddacd509daa77e4 0 9151163 0
02650836154c6cd4cddacd509daa77e4 0 10373496 0
02650836154c6cd4cddacd509daa77e4 0 46249117 2
02650836154c6cd4cddacd509daa77e4 0 40128151 0
02650836154c6cd4cddacd509daa77e4 0 60095186 0
02650836154c6cd4cddacd509daa77e4 0 75782569 0
02650836154c6cd4cddacd509daa77e4 0 17825463 0
02650836154c6cd4cddacd509daa77e4 0 290988238 2
02650836154c6cd4cddacd509daa77e4 0 293922861 2
02650836154c6cd4cddacd509daa77e4 0 44681146 0
02650836154c6cd4cddacd509daa77e4 0 191678575 0
02650836154c6cd4cddacd509daa77e4 0 122495078 0
02650836154c6cd4cddacd509daa77e4 0 276104616 0
02650836154c6cd4cddacd509daa77e4 0 281194019 0
02650836154c6cd4cddacd509daa77e4 0 129586374 0
02650836154c6cd4cddacd509daa77e4 0 3019508 0
02650836154c6cd4cddacd509daa77e4 0 295654834 0
02650836154c6cd4cddacd509daa77e4 0 289764924 0
02650836154c6cd4cddacd509daa77e4 0 68397974 0
02650836154c6cd4cddacd509daa77e4 0 275611345 0
5ef548b174d925e873f8b5f138d6d8af 0 84295159 0
5ef548b174d925e873f8b5f138d6d8af 0 58932842 0
5ef548b174d925e873f8b5f138d6d8af 0 40569723 0
5ef548b174d925e873f8b5f138d6d8af 0 304982659 0
5ef548b174d925e873f8b5f138d6d8af 0 168328874 0
5ef548b174d925e873f8b5f138d6d8af 0 172024992 0
5ef548b174d925e873f8b5f138d6d8af 0 290108259 0
5ef548b174d925e873f8b5f138d6d8af 0 291398083 0
5ef548b174d925e873f8b5f138d6d8af 0 286054335 0
5ef548b174d925e873f8b5f138d6d8af 0 292934776 0
5ef548b174d925e873f8b5f138d6d8af 0 164632484 0
5ef548b174d925e873f8b5f138d6d8af 0 17899873 0
5ef548b174d925e873f8b5f138d6d8af 0 308873124 0
5ef548b174d925e873f8b5f138d6d8af 0 42820540 0
5ef548b174d925e873f8b5f138d6d8af 0 274887183 0
5ef548b174d925e873f8b5f138d6d8af 0 309034512 0
5ef548b174d925e873f8b5f138d6d8af 0 40921090 0
5ef548b174d925e873f8b5f138d6d8af 0 267243638 0
5ef548b174d925e873f8b5f138d6d8af 0 310349414 0
5ef548b174d925e873f8b5f138d6d8af 0 8785479 0
5ef548b174d925e873f8b5f138d6d8af 0 150394947 0
5ef548b174d925e873f8b5f138d6d8af 0 7302810 0
5ef548b174d925e873f8b5f138d6d8af 0 10906336 0
5ef548b174d925e873f8b5f138d6d8af 0 157184349 0
5ef548b174d925e873f8b5f138d6d8af 0 168912413 0
5ef548b174d925e873f8b5f138d6d8af 0 279721830 0
5ef548b174d925e873f8b5f138d6d8af 0 20681107 0
5ef548b174d925e873f8b5f138d6d8af 0 150267600 0
5ef548b174d925e873f8b5f138d6d8af 0 306762484 0
5ef548b174d925e873f8b5f138d6d8af 0 291374749 0
36f5e25b282583b2865d30f5f7a76644 0 108563830 1
36f5e25b282583b2865d30f5f7a76644 0 2120129 0
36f5e25b282583b2865d30f5f7a76644 0 78114761 2
36f5e25b282583b2865d30f5f7a76644 0 63314318 1
36f5e25b282583b2865d30f5f7a76644 0 75598414 2
36f5e25b282583b2865d30f5f7a76644 0 9128301 2
36f5e25b282583b2865d30f5f7a76644 0 96618296 2
36f5e25b282583b2865d30f5f7a76644 0 44864608 2
36f5e25b282583b2865d30f5f7a76644 0 34228319 2
36f5e25b282583b2865d30f5f7a76644 0 19174113 2
36f5e25b282583b2865d30f5f7a76644 0 69238264 2
36f5e25b282583b2865d30f5f7a76644 0 86292893 2
36f5e25b282583b2865d30f5f7a76644 0 24043380 2
36f5e25b282583b2865d30f5f7a76644 0 69353980 2
36f5e25b282583b2865d30f5f7a76644 0 3000544 2
36f5e25b282583b2865d30f5f7a76644 0 40128380 1
4753c4253cb28ccda7223d73cd66857f 0 304538583 0
4753c4253cb28ccda7223d73cd66857f 0 36343748 0
4753c4253cb28ccda7223d73cd66857f 0 63035066 0
4753c4253cb28ccda7223d73cd66857f 0 76745963 0
4753c4253cb28ccda7223d73cd66857f 0 144607436 0
4753c4253cb28ccda7223d73cd66857f 0 63365604 2
4753c4253cb28ccda7223d73cd66857f 0 36336715 0
4753c4253cb28ccda7223d73cd66857f 0 8607458 0
4753c4253cb28ccda7223d73cd66857f 0 132104545 0
4753c4253cb28ccda7223d73cd66857f 0 45265832 0
4753c4253cb28ccda7223d73cd66857f 0 8387591 0
4753c4253cb28ccda7223d73cd66857f 0 308890108 0
4753c4253cb28ccda7223d73cd66857f 0 274709860 0
4753c4253cb28ccda7223d73cd66857f 0 24722027 0
4753c4253cb28ccda7223d73cd66857f 0 159152380 0
4753c4253cb28ccda7223d73cd66857f 0 8363688 0
4753c4253cb28ccda7223d73cd66857f 0 8842952 0
4753c4253cb28ccda7223d73cd66857f 0 301266521 2
4753c4253cb28ccda7223d73cd66857f 0 25492282 0
4753c4253cb28ccda7223d73cd66857f 0 235496 0
4753c4253cb28ccda7223d73cd66857f 0 4244844 0
4753c4253cb28ccda7223d73cd66857f 0 36332272 1
cca3dd5aa311bc7a728839dd6fa4321b 0 291447823 2
cca3dd5aa311bc7a728839dd6fa4321b 0 308892906 1
cca3dd5aa311bc7a728839dd6fa4321b 0 294148036 0
cca3dd5aa311bc7a728839dd6fa4321b 0 85859207 0
cca3dd5aa311bc7a728839dd6fa4321b 0 294338982 0
cca3dd5aa311bc7a728839dd6fa4321b 0 8059079 0
cca3dd5aa311bc7a728839dd6fa4321b 0 292390632 2
cca3dd5aa311bc7a728839dd6fa4321b 0 45760913 0
cca3dd5aa311bc7a728839dd6fa4321b 0 42653338 0
cca3dd5aa311bc7a728839dd6fa4321b 0 36991363 1
cca3dd5aa311bc7a728839dd6fa4321b 0 300336715 0
cca3dd5aa311bc7a728839dd6fa4321b 0 300327217 0
cca3dd5aa311bc7a728839dd6fa4321b 0 303758730 2
cca3dd5aa311bc7a728839dd6fa4321b 0 30601990 0
cca3dd5aa311bc7a728839dd6fa4321b 0 303922829 1
cca3dd5aa311bc7a728839dd6fa4321b 0 289848409 1
cca3dd5aa311bc7a728839dd6fa4321b 0 31105499 0
cca3dd5aa311bc7a728839dd6fa4321b 0 3845577 0
cca3dd5aa311bc7a728839dd6fa4321b 0 290881474 0
cca3dd5aa311bc7a728839dd6fa4321b 0 289819574 2
cca3dd5aa311bc7a728839dd6fa4321b 0 8576434 0
cca3dd5aa311bc7a728839dd6fa4321b 0 300984656 2
cca3dd5aa311bc7a728839dd6fa4321b 0 45761579 1
cca3dd5aa311bc7a728839dd6fa4321b 0 2535556 0
cca3dd5aa311bc7a728839dd6fa4321b 0 302606034 0
cca3dd5aa311bc7a728839dd6fa4321b 0 135066306 0
cca3dd5aa311bc7a728839dd6fa4321b 0 244437663 1
cca3dd5aa311bc7a728839dd6fa4321b 0 36991362 0
cca3dd5aa311bc7a728839dd6fa4321b 0 83534952 1
cca3dd5aa311bc7a728839dd6fa4321b 0 275720781 1
cdab5007fa0102e35bef72755502c45b 0 141762551 0
cdab5007fa0102e35bef72755502c45b 0 239963 0
cdab5007fa0102e35bef72755502c45b 0 290454515 2
cdab5007fa0102e35bef72755502c45b 0 293039302 2
cdab5007fa0102e35bef72755502c45b 0 16089337 2
cdab5007fa0102e35bef72755502c45b 0 127896071 1
cdab5007fa0102e35bef72755502c45b 0 10895632 1
cdab5007fa0102e35bef72755502c45b 0 274102593 2
cdab5007fa0102e35bef72755502c45b 0 71149926 2
cdab5007fa0102e35bef72755502c45b 0 6278517 2
cdab5007fa0102e35bef72755502c45b 0 37605285 2
cdab5007fa0102e35bef72755502c45b 0 152055987 2
cdab5007fa0102e35bef72755502c45b 0 2224975 2
cdab5007fa0102e35bef72755502c45b 0 2390086 2
cdab5007fa0102e35bef72755502c45b 0 11868393 1
cdab5007fa0102e35bef72755502c45b 0 6849262 2
cdab5007fa0102e35bef72755502c45b 0 312631938 2
cdab5007fa0102e35bef72755502c45b 0 291377610 2
cdab5007fa0102e35bef72755502c45b 0 2124664 2
cdab5007fa0102e35bef72755502c45b 0 6337680 2
cdab5007fa0102e35bef72755502c45b 0 1103671 2
cdab5007fa0102e35bef72755502c45b 0 643795 0
cdab5007fa0102e35bef72755502c45b 0 552463 2
cdab5007fa0102e35bef72755502c45b 0 310289670 0
cdab5007fa0102e35bef72755502c45b 0 2124820 2
0da43e818ee36f379dd0d53094a708c4 0 18939444 1
0da43e818ee36f379dd0d53094a708c4 0 150426583 2
0da43e818ee36f379dd0d53094a708c4 0 290089547 2
0da43e818ee36f379dd0d53094a708c4 0 8568040 2
0da43e818ee36f379dd0d53094a708c4 0 34126082 2
0da43e818ee36f379dd0d53094a708c4 0 18955611 1
0da43e818ee36f379dd0d53094a708c4 0 19097690 2
0da43e818ee36f379dd0d53094a708c4 0 122851161 2
0da43e818ee36f379dd0d53094a708c4 0 8174611 2
0da43e818ee36f379dd0d53094a708c4 0 48123651 2
0da43e818ee36f379dd0d53094a708c4 0 228124433 2
0da43e818ee36f379dd0d53094a708c4 0 267286 1
0da43e818ee36f379dd0d53094a708c4 0 276160427 2
0da43e818ee36f379dd0d53094a708c4 0 168826024 2
0da43e818ee36f379dd0d53094a708c4 0 59281011 2
0da43e818ee36f379dd0d53094a708c4 0 155260902 1
0da43e818ee36f379dd0d53094a708c4 0 276310531 2
0311e191f7a1e1d2ee53d824a45c720f 0 160390849 0
0311e191f7a1e1d2ee53d824a45c720f 0 51947717 1
0311e191f7a1e1d2ee53d824a45c720f 0 18931750 1
0311e191f7a1e1d2ee53d824a45c720f 0 96435244 0
0311e191f7a1e1d2ee53d824a45c720f 0 160708876 2
0311e191f7a1e1d2ee53d824a45c720f 0 146580665 2
0311e191f7a1e1d2ee53d824a45c720f 0 31043425 1
0311e191f7a1e1d2ee53d824a45c720f 0 150246652 1
0311e191f7a1e1d2ee53d824a45c720f 0 291805602 1
0311e191f7a1e1d2ee53d824a45c720f 0 108201812 1
0311e191f7a1e1d2ee53d824a45c720f 0 123848779 1
0311e191f7a1e1d2ee53d824a45c720f 0 313006779 1
0311e191f7a1e1d2ee53d824a45c720f 0 99057750 1
0311e191f7a1e1d2ee53d824a45c720f 0 40074024 1
0311e191f7a1e1d2ee53d824a45c720f 0 155645554 0
0311e191f7a1e1d2ee53d824a45c720f 0 14411061 1
0311e191f7a1e1d2ee53d824a45c720f 0 112351395 1
0311e191f7a1e1d2ee53d824a45c720f 0 235841850 1
0311e191f7a1e1d2ee53d824a45c720f 0 96629659 1
0311e191f7a1e1d2ee53d824a45c720f 0 19179074 1
d3c2d232f0a39dae1f18c762ccdb1eab 0 291878167 0
d3c2d232f0a39dae1f18c762ccdb1eab 0 304485960 0
d3c2d232f0a39dae1f18c762ccdb1eab 0 8313361 0
d3c2d232f0a39dae1f18c762ccdb1eab 0 50060246 0
d3c2d232f0a39dae1f18c762ccdb1eab 0 300216965 0
d3c2d232f0a39dae1f18c762ccdb1eab 0 302730997 0
d3c2d232f0a39dae1f18c762ccdb1eab 0 291425454 0
d3c2d232f0a39dae1f18c762ccdb1eab 0 192180058 0
d3c2d232f0a39dae1f18c762ccdb1eab 0 87328693 0
d3c2d232f0a39dae1f18c762ccdb1eab 0 292274293 0
d3c2d232f0a39dae1f18c762ccdb1eab 0 275751952 0
d3c2d232f0a39dae1f18c762ccdb1eab 0 9032267 0
d3c2d232f0a39dae1f18c762ccdb1eab 0 8848233 0
d3c2d232f0a39dae1f18c762ccdb1eab 0 73876758 0
d3c2d232f0a39dae1f18c762ccdb1eab 0 302710430 0
d3c2d232f0a39dae1f18c762ccdb1eab 0 297973625 0
d3c2d232f0a39dae1f18c762ccdb1eab 0 292494715 0
d3c2d232f0a39dae1f18c762ccdb1eab 0 298123899 0
d3c2d232f0a39dae1f18c762ccdb1eab 0 304898870 0
d3c2d232f0a39dae1f18c762ccdb1eab 0 291375595 0
d3c2d232f0a39dae1f18c762ccdb1eab 0 275167241 0
d3c2d232f0a39dae1f18c762ccdb1eab 0 275184947 0
d3c2d232f0a39dae1f18c762ccdb1eab 0 289668042 0
d3c2d232f0a39dae1f18c762ccdb1eab 0 308868095 0
d3c2d232f0a39dae1f18c762ccdb1eab 0 291422513 0
d3c2d232f0a39dae1f18c762ccdb1eab 0 69037135 0
d3c2d232f0a39dae1f18c762ccdb1eab 0 297974601 0
d3c2d232f0a39dae1f18c762ccdb1eab 0 290575514 0
d3c2d232f0a39dae1f18c762ccdb1eab 0 291429156 0
abbb6962a34a5824a33e7662482b1af1 0 276270548 2
abbb6962a34a5824a33e7662482b1af1 0 295720805 2
abbb6962a34a5824a33e7662482b1af1 0 2659009 2
abbb6962a34a5824a33e7662482b1af1 0 83534372 2
abbb6962a34a5824a33e7662482b1af1 0 5850195 2
abbb6962a34a5824a33e7662482b1af1 0 20657228 2
abbb6962a34a5824a33e7662482b1af1 0 36994097 2
abbb6962a34a5824a33e7662482b1af1 0 2949882 2
abbb6962a34a5824a33e7662482b1af1 0 83528381 2
abbb6962a34a5824a33e7662482b1af1 0 27225971 2
abbb6962a34a5824a33e7662482b1af1 0 33148975 2
abbb6962a34a5824a33e7662482b1af1 0 161406271 2
abbb6962a34a5824a33e7662482b1af1 0 8042018 2
abbb6962a34a5824a33e7662482b1af1 0 46231757 2
abbb6962a34a5824a33e7662482b1af1 0 2591668 2
abbb6962a34a5824a33e7662482b1af1 0 62536562 2
abbb6962a34a5824a33e7662482b1af1 0 159070169 2
abbb6962a34a5824a33e7662482b1af1 0 6754996 2
abbb6962a34a5824a33e7662482b1af1 0 4415947 2
abbb6962a34a5824a33e7662482b1af1 0 2906220 2
abbb6962a34a5824a33e7662482b1af1 0 15077904 2
abbb6962a34a5824a33e7662482b1af1 0 291368092 2
abbb6962a34a5824a33e7662482b1af1 0 34232104 2
abbb6962a34a5824a33e7662482b1af1 0 74722398 2
abbb6962a34a5824a33e7662482b1af1 0 46664895 2
2452d3534488439c4d53818a902ca0f9 0 18926043 0
2452d3534488439c4d53818a902ca0f9 0 87105501 0
2452d3534488439c4d53818a902ca0f9 0 8253595 0
2452d3534488439c4d53818a902ca0f9 0 128013246 0
2452d3534488439c4d53818a902ca0f9 0 9103701 0
2452d3534488439c4d53818a902ca0f9 0 297490701 0
2452d3534488439c4d53818a902ca0f9 0 292498288 0
2452d3534488439c4d53818a902ca0f9 0 46143561 0
2452d3534488439c4d53818a902ca0f9 0 290355552 0
2452d3534488439c4d53818a902ca0f9 0 68629534 0
2452d3534488439c4d53818a902ca0f9 0 83521248 0
2452d3534488439c4d53818a902ca0f9 0 159152843 0
2452d3534488439c4d53818a902ca0f9 0 1199248 0
2452d3534488439c4d53818a902ca0f9 0 299492477 0
2452d3534488439c4d53818a902ca0f9 0 63657766 0
2452d3534488439c4d53818a902ca0f9 0 10290351 0
2452d3534488439c4d53818a902ca0f9 0 62637900 0
2452d3534488439c4d53818a902ca0f9 0 54818091 0
2452d3534488439c4d53818a902ca0f9 0 166709983 0
2452d3534488439c4d53818a902ca0f9 0 62580996 0
2452d3534488439c4d53818a902ca0f9 0 304887548 0
2452d3534488439c4d53818a902ca0f9 0 50050107 0
2452d3534488439c4d53818a902ca0f9 0 295963660 0
2452d3534488439c4d53818a902ca0f9 0 71426262 0
2452d3534488439c4d53818a902ca0f9 0 274845837 0
2452d3534488439c4d53818a902ca0f9 0 292636137 0
3d00ad96232a55ad9d10e556cb87e606 0 2657486 2
3d00ad96232a55ad9d10e556cb87e606 0 6236974 2
3d00ad96232a55ad9d10e556cb87e606 0 2725545 2
3d00ad96232a55ad9d10e556cb87e606 0 2763990 2
3d00ad96232a55ad9d10e556cb87e606 0 6910371 2
3d00ad96232a55ad9d10e556cb87e606 0 8867671 2
3d00ad96232a55ad9d10e556cb87e606 0 1157639 2
3d00ad96232a55ad9d10e556cb87e606 0 3105016 2
3d00ad96232a55ad9d10e556cb87e606 0 305503978 2
3d00ad96232a55ad9d10e556cb87e606 0 2767491 2
3d00ad96232a55ad9d10e556cb87e606 0 2352919 2
3d00ad96232a55ad9d10e556cb87e606 0 6387098 2
3d00ad96232a55ad9d10e556cb87e606 0 18613974 2
3d00ad96232a55ad9d10e556cb87e606 0 8868469 2
3d00ad96232a55ad9d10e556cb87e606 0 2464398 2
3d00ad96232a55ad9d10e556cb87e606 0 67880113 2
3d00ad96232a55ad9d10e556cb87e606 0 8852313 2
3d00ad96232a55ad9d10e556cb87e606 0 2515653 2
3d00ad96232a55ad9d10e556cb87e606 0 8015996 2
3d00ad96232a55ad9d10e556cb87e606 0 8035553 2
3d00ad96232a55ad9d10e556cb87e606 0 5673290 2
3d00ad96232a55ad9d10e556cb87e606 0 2627693 1
3d00ad96232a55ad9d10e556cb87e606 0 2576627 2
8e23ebe4f08a48825befb7b5f565a0a5 0 80211110 2
8e23ebe4f08a48825befb7b5f565a0a5 0 311634857 2
8e23ebe4f08a48825befb7b5f565a0a5 0 291438626 2
8e23ebe4f08a48825befb7b5f565a0a5 0 128009987 2
8e23ebe4f08a48825befb7b5f565a0a5 0 45774705 2
8e23ebe4f08a48825befb7b5f565a0a5 0 279651448 2
8e23ebe4f08a48825befb7b5f565a0a5 0 8341473 1
8e23ebe4f08a48825befb7b5f565a0a5 0 9153906 2
8e23ebe4f08a48825befb7b5f565a0a5 0 80165139 2
8e23ebe4f08a48825befb7b5f565a0a5 0 160799709 2
8e23ebe4f08a48825befb7b5f565a0a5 0 310131623 2
8e23ebe4f08a48825befb7b5f565a0a5 0 14127652 1
8e23ebe4f08a48825befb7b5f565a0a5 0 11728136 2
8e23ebe4f08a48825befb7b5f565a0a5 0 291410643 2
8e23ebe4f08a48825befb7b5f565a0a5 0 26841339 1
8e23ebe4f08a48825befb7b5f565a0a5 0 83854332 2
8e23ebe4f08a48825befb7b5f565a0a5 0 149930455 2
8e23ebe4f08a48825befb7b5f565a0a5 0 143545400 2
8e23ebe4f08a48825befb7b5f565a0a5 0 169295403 2
8e23ebe4f08a48825befb7b5f565a0a5 0 71883596 2
8e23ebe4f08a48825befb7b5f565a0a5 0 58961841 2
8e23ebe4f08a48825befb7b5f565a0a5 0 9251740 2
8e23ebe4f08a48825befb7b5f565a0a5 0 157895549 2
8e23ebe4f08a48825befb7b5f565a0a5 0 157849426 2
d1098d6d4857c785239c3b3e7d8d64d2 0 153501176 2
d1098d6d4857c785239c3b3e7d8d64d2 0 290056792 2
d1098d6d4857c785239c3b3e7d8d64d2 0 142719127 2
d1098d6d4857c785239c3b3e7d8d64d2 0 238622237 2
d1098d6d4857c785239c3b3e7d8d64d2 0 160777440 2
d1098d6d4857c785239c3b3e7d8d64d2 0 157406398 2
d1098d6d4857c785239c3b3e7d8d64d2 0 170178843 2
d1098d6d4857c785239c3b3e7d8d64d2 0 279661143 2
d1098d6d4857c785239c3b3e7d8d64d2 0 292561429 2
d1098d6d4857c785239c3b3e7d8d64d2 0 228665223 2
d1098d6d4857c785239c3b3e7d8d64d2 0 289646229 2
d1098d6d4857c785239c3b3e7d8d64d2 0 292832081 2
d1098d6d4857c785239c3b3e7d8d64d2 0 149274600 2
d1098d6d4857c785239c3b3e7d8d64d2 0 312103218 2
d1098d6d4857c785239c3b3e7d8d64d2 0 290135260 2
d1098d6d4857c785239c3b3e7d8d64d2 0 170382012 2
d1098d6d4857c785239c3b3e7d8d64d2 0 292343203 1
d1098d6d4857c785239c3b3e7d8d64d2 0 160460835 1
d1098d6d4857c785239c3b3e7d8d64d2 0 291146328 2
d1098d6d4857c785239c3b3e7d8d64d2 0 168786658 2
d1098d6d4857c785239c3b3e7d8d64d2 0 276259406 2
d1098d6d4857c785239c3b3e7d8d64d2 0 153561840 2
5a306c1090217bbd3c8b0613fbbc0504 0 5240153 2
5a306c1090217bbd3c8b0613fbbc0504 0 304753658 0
5a306c1090217bbd3c8b0613fbbc0504 0 291150309 1
5a306c1090217bbd3c8b0613fbbc0504 0 113597934 0
5a306c1090217bbd3c8b0613fbbc0504 0 46685297 1
5a306c1090217bbd3c8b0613fbbc0504 0 158903989 1
5a306c1090217bbd3c8b0613fbbc0504 0 75174801 1
5a306c1090217bbd3c8b0613fbbc0504 0 308876627 0
5a306c1090217bbd3c8b0613fbbc0504 0 295234664 0
5a306c1090217bbd3c8b0613fbbc0504 0 289579536 0
5a306c1090217bbd3c8b0613fbbc0504 0 291442115 1
5a306c1090217bbd3c8b0613fbbc0504 0 69251314 1
5a306c1090217bbd3c8b0613fbbc0504 0 41654908 0
5a306c1090217bbd3c8b0613fbbc0504 0 125808006 0
5a306c1090217bbd3c8b0613fbbc0504 0 50643536 0
5a306c1090217bbd3c8b0613fbbc0504 0 63284113 1
5a306c1090217bbd3c8b0613fbbc0504 0 158067557 0
5a306c1090217bbd3c8b0613fbbc0504 0 275710006 1
5a306c1090217bbd3c8b0613fbbc0504 0 174801926 0
5a306c1090217bbd3c8b0613fbbc0504 0 80053454 0
5a306c1090217bbd3c8b0613fbbc0504 0 310552012 0
5a306c1090217bbd3c8b0613fbbc0504 0 293022922 1
5a306c1090217bbd3c8b0613fbbc0504 0 63368085 1
5a306c1090217bbd3c8b0613fbbc0504 0 44134197 0
5a306c1090217bbd3c8b0613fbbc0504 0 75782002 1
5a306c1090217bbd3c8b0613fbbc0504 0 135075156 0
5a306c1090217bbd3c8b0613fbbc0504 0 99271262 0
5a306c1090217bbd3c8b0613fbbc0504 0 302970718 1
5a306c1090217bbd3c8b0613fbbc0504 0 274996350 1
ecf8a42af61b9c2e9a23365128390266 0 107964647 2
ecf8a42af61b9c2e9a23365128390266 0 276606285 1
ecf8a42af61b9c2e9a23365128390266 0 46736 2
ecf8a42af61b9c2e9a23365128390266 0 279655355 2
ecf8a42af61b9c2e9a23365128390266 0 42616713 1
ecf8a42af61b9c2e9a23365128390266 0 301700851 2
ecf8a42af61b9c2e9a23365128390266 0 8734247 1
ecf8a42af61b9c2e9a23365128390266 0 75708574 2
ecf8a42af61b9c2e9a23365128390266 0 83952624 0
ecf8a42af61b9c2e9a23365128390266 0 24989885 1
ecf8a42af61b9c2e9a23365128390266 0 301424880 2
ecf8a42af61b9c2e9a23365128390266 0 131836043 0
ecf8a42af61b9c2e9a23365128390266 0 47138557 2
ecf8a42af61b9c2e9a23365128390266 0 6515128 2
ecf8a42af61b9c2e9a23365128390266 0 292064974 2
ecf8a42af61b9c2e9a23365128390266 0 293909480 2
ecf8a42af61b9c2e9a23365128390266 0 24992973 1
ecf8a42af61b9c2e9a23365128390266 0 313857921 2
ecf8a42af61b9c2e9a23365128390266 0 83021280 2
ecf8a42af61b9c2e9a23365128390266 0 290985157 2
ecf8a42af61b9c2e9a23365128390266 0 290796310 0
ecf8a42af61b9c2e9a23365128390266 0 143712534 1
ecf8a42af61b9c2e9a23365128390266 0 8489313 2
ecf8a42af61b9c2e9a23365128390266 0 167728301 2
ecf8a42af61b9c2e9a23365128390266 0 170311422 2
ecf8a42af61b9c2e9a23365128390266 0 34200054 2
ecf8a42af61b9c2e9a23365128390266 0 19300899 2
ecf8a42af61b9c2e9a23365128390266 0 24968114 2
ecf8a42af61b9c2e9a23365128390266 0 45589103 1
dc474fd9c8dcf3f6de600ff398f21165 0 30343614 0
dc474fd9c8dcf3f6de600ff398f21165 0 24864083 1
dc474fd9c8dcf3f6de600ff398f21165 0 8764148 0
dc474fd9c8dcf3f6de600ff398f21165 0 2360493 0
dc474fd9c8dcf3f6de600ff398f21165 0 156076135 1
dc474fd9c8dcf3f6de600ff398f21165 0 276262493 0
dc474fd9c8dcf3f6de600ff398f21165 0 143629960 0
dc474fd9c8dcf3f6de600ff398f21165 0 10960234 1
dc474fd9c8dcf3f6de600ff398f21165 0 276262518 1
dc474fd9c8dcf3f6de600ff398f21165 0 1120944 0
dc474fd9c8dcf3f6de600ff398f21165 0 291435650 0
dc474fd9c8dcf3f6de600ff398f21165 0 274813924 0
dc474fd9c8dcf3f6de600ff398f21165 0 276262567 1
dc474fd9c8dcf3f6de600ff398f21165 0 297331151 0
dc474fd9c8dcf3f6de600ff398f21165 0 64775655 0
dc474fd9c8dcf3f6de600ff398f21165 0 276300871 0
dc474fd9c8dcf3f6de600ff398f21165 0 133664477 0
dc474fd9c8dcf3f6de600ff398f21165 0 276262525 0
dc474fd9c8dcf3f6de600ff398f21165 0 276262545 0
dc474fd9c8dcf3f6de600ff398f21165 0 74613042 0
dc474fd9c8dcf3f6de600ff398f21165 0 276262455 1
dc474fd9c8dcf3f6de600ff398f21165 0 292878470 0
dc474fd9c8dcf3f6de600ff398f21165 0 33130444 0
547f504ff3c897aa262396385d4af920 0 42859616 1
547f504ff3c897aa262396385d4af920 0 14332259 0
547f504ff3c897aa262396385d4af920 0 82647702 0
547f504ff3c897aa262396385d4af920 0 17169350 0
547f504ff3c897aa262396385d4af920 0 42846665 0
547f504ff3c897aa262396385d4af920 0 24740896 1
547f504ff3c897aa262396385d4af920 0 161454987 1
547f504ff3c897aa262396385d4af920 0 24744358 0
547f504ff3c897aa262396385d4af920 0 42963727 0
547f504ff3c897aa262396385d4af920 0 29163721 0
547f504ff3c897aa262396385d4af920 0 14742035 0
547f504ff3c897aa262396385d4af920 0 6585950 0
547f504ff3c897aa262396385d4af920 0 157287699 1
547f504ff3c897aa262396385d4af920 0 146419420 0
547f504ff3c897aa262396385d4af920 0 17133983 0
547f504ff3c897aa262396385d4af920 0 37646336 0
547f504ff3c897aa262396385d4af920 0 299537863 0
547f504ff3c897aa262396385d4af920 0 304600147 0
547f504ff3c897aa262396385d4af920 0 158136902 0
547f504ff3c897aa262396385d4af920 0 24745532 0
547f504ff3c897aa262396385d4af920 0 300218671 0
10c7ef19d812f4c1bacecc0ee54d30a8 0 295977358 2
10c7ef19d812f4c1bacecc0ee54d30a8 0 5480704 2
10c7ef19d812f4c1bacecc0ee54d30a8 0 5180707 2
10c7ef19d812f4c1bacecc0ee54d30a8 0 4595201 2
10c7ef19d812f4c1bacecc0ee54d30a8 0 10962698 2
10c7ef19d812f4c1bacecc0ee54d30a8 0 85866302 2
10c7ef19d812f4c1bacecc0ee54d30a8 0 10557343 2
10c7ef19d812f4c1bacecc0ee54d30a8 0 148700944 2
10c7ef19d812f4c1bacecc0ee54d30a8 0 312260638 2
10c7ef19d812f4c1bacecc0ee54d30a8 0 313546133 2
10c7ef19d812f4c1bacecc0ee54d30a8 0 304470177 2
10c7ef19d812f4c1bacecc0ee54d30a8 0 42737216 2
10c7ef19d812f4c1bacecc0ee54d30a8 0 85463300 2
10c7ef19d812f4c1bacecc0ee54d30a8 0 45243657 2
10c7ef19d812f4c1bacecc0ee54d30a8 0 292498253 2
10c7ef19d812f4c1bacecc0ee54d30a8 0 8804208 2
10c7ef19d812f4c1bacecc0ee54d30a8 0 42458409 2
10c7ef19d812f4c1bacecc0ee54d30a8 0 313274543 2
10c7ef19d812f4c1bacecc0ee54d30a8 0 294895387 2
10c7ef19d812f4c1bacecc0ee54d30a8 0 75075990 2
10c7ef19d812f4c1bacecc0ee54d30a8 0 299791163 2
10c7ef19d812f4c1bacecc0ee54d30a8 0 276307863 2
10c7ef19d812f4c1bacecc0ee54d30a8 0 292049822 2
10c7ef19d812f4c1bacecc0ee54d30a8 0 311061659 2
10c7ef19d812f4c1bacecc0ee54d30a8 0 9052312 2
1af2260d1db1803f299c9579d769eaaf 0 289646229 2
1af2260d1db1803f299c9579d769eaaf 0 292678225 2
1af2260d1db1803f299c9579d769eaaf 0 172298002 2
1af2260d1db1803f299c9579d769eaaf 0 297565275 2
1af2260d1db1803f299c9579d769eaaf 0 170422924 2
1af2260d1db1803f299c9579d769eaaf 0 168906465 1
1af2260d1db1803f299c9579d769eaaf 0 276271796 2
1af2260d1db1803f299c9579d769eaaf 0 312385817 2
1af2260d1db1803f299c9579d769eaaf 0 158145452 1
1af2260d1db1803f299c9579d769eaaf 0 160691488 2
1af2260d1db1803f299c9579d769eaaf 0 148390111 2
1af2260d1db1803f299c9579d769eaaf 0 170422919 2
1af2260d1db1803f299c9579d769eaaf 0 290135260 1
1af2260d1db1803f299c9579d769eaaf 0 143188642 1
1af2260d1db1803f299c9579d769eaaf 0 292167181 2
1af2260d1db1803f299c9579d769eaaf 0 275066624 2
1af2260d1db1803f299c9579d769eaaf 0 170382012 1
1af2260d1db1803f299c9579d769eaaf 0 164481146 2
1af2260d1db1803f299c9579d769eaaf 0 290331172 2
1af2260d1db1803f299c9579d769eaaf 0 289666190 2
1af2260d1db1803f299c9579d769eaaf 0 291146328 2
1af2260d1db1803f299c9579d769eaaf 0 169088145 2
1af2260d1db1803f299c9579d769eaaf 0 290071374 2
1af2260d1db1803f299c9579d769eaaf 0 144519726 1
1af2260d1db1803f299c9579d769eaaf 0 153561840 1
1af2260d1db1803f299c9579d769eaaf 0 147688452 2
1af2260d1db1803f299c9579d769eaaf 0 291901869 2
1af2260d1db1803f299c9579d769eaaf 0 297430940 2
0bd1dc340f31515847d7cf44efa1d53b 0 297852746 2
0bd1dc340f31515847d7cf44efa1d53b 0 2256217 2
0bd1dc340f31515847d7cf44efa1d53b 0 85860817 2
0bd1dc340f31515847d7cf44efa1d53b 0 7132476 2
0bd1dc340f31515847d7cf44efa1d53b 0 8869431 2
0bd1dc340f31515847d7cf44efa1d53b 0 50759644 1
0bd1dc340f31515847d7cf44efa1d53b 0 24859616 2
0bd1dc340f31515847d7cf44efa1d53b 0 9080323 2
0bd1dc340f31515847d7cf44efa1d53b 0 291380823 2
0bd1dc340f31515847d7cf44efa1d53b 0 312650065 2
0bd1dc340f31515847d7cf44efa1d53b 0 24720568 2
0bd1dc340f31515847d7cf44efa1d53b 0 39928366 2
0bd1dc340f31515847d7cf44efa1d53b 0 8866502 2
0bd1dc340f31515847d7cf44efa1d53b 0 98555333 2
0bd1dc340f31515847d7cf44efa1d53b 0 39928864 2
0bd1dc340f31515847d7cf44efa1d53b 0 46677034 2
0bd1dc340f31515847d7cf44efa1d53b 0 299545900 2
0bd1dc340f31515847d7cf44efa1d53b 0 8861013 2
0bd1dc340f31515847d7cf44efa1d53b 0 305693061 2
0bd1dc340f31515847d7cf44efa1d53b 0 276822797 2
0bd1dc340f31515847d7cf44efa1d53b 0 294944532 2
0bd1dc340f31515847d7cf44efa1d53b 0 8060295 2
0bd1dc340f31515847d7cf44efa1d53b 0 9115800 2
0bd1dc340f31515847d7cf44efa1d53b 0 152409906 2
f22ca5f3c10330d678e5604ff4128591 0 150281699 1
f22ca5f3c10330d678e5604ff4128591 0 290316075 0
f22ca5f3c10330d678e5604ff4128591 0 291873841 0
f22ca5f3c10330d678e5604ff4128591 0 301307076 0
f22ca5f3c10330d678e5604ff4128591 0 164903412 0
f22ca5f3c10330d678e5604ff4128591 0 279652525 0
f22ca5f3c10330d678e5604ff4128591 0 155154622 1
f22ca5f3c10330d678e5604ff4128591 0 274947572 0
f22ca5f3c10330d678e5604ff4128591 0 149880732 0
f22ca5f3c10330d678e5604ff4128591 0 129022932 0
f22ca5f3c10330d678e5604ff4128591 0 297965971 0
f22ca5f3c10330d678e5604ff4128591 0 304043473 0
f22ca5f3c10330d678e5604ff4128591 0 154444017 1
f22ca5f3c10330d678e5604ff4128591 0 291428284 2
f22ca5f3c10330d678e5604ff4128591 0 41006673 0
f22ca5f3c10330d678e5604ff4128591 0 87158941 2
f22ca5f3c10330d678e5604ff4128591 0 156066342 0
5e62449a564d4f5c079ce124e8060dcd 0 2527432 2
5e62449a564d4f5c079ce124e8060dcd 0 39428347 2
5e62449a564d4f5c079ce124e8060dcd 0 37770002 1
5e62449a564d4f5c079ce124e8060dcd 0 2778300 1
5e62449a564d4f5c079ce124e8060dcd 0 275023685 2
5e62449a564d4f5c079ce124e8060dcd 0 306569448 2
5e62449a564d4f5c079ce124e8060dcd 0 58978372 2
5e62449a564d4f5c079ce124e8060dcd 0 148239252 2
5e62449a564d4f5c079ce124e8060dcd 0 6616138 1
5e62449a564d4f5c079ce124e8060dcd 0 46602034 1
5e62449a564d4f5c079ce124e8060dcd 0 2527924 2
5e62449a564d4f5c079ce124e8060dcd 0 2351341 1
5e62449a564d4f5c079ce124e8060dcd 0 71178007 2
5e62449a564d4f5c079ce124e8060dcd 0 161347407 2
5e62449a564d4f5c079ce124e8060dcd 0 3006181 1
5e62449a564d4f5c079ce124e8060dcd 0 12065448 2
5e62449a564d4f5c079ce124e8060dcd 0 160101963 1
5e62449a564d4f5c079ce124e8060dcd 0 124564308 1
5e62449a564d4f5c079ce124e8060dcd 0 15109623 2
5e62449a564d4f5c079ce124e8060dcd 0 33422007 2
5e62449a564d4f5c079ce124e8060dcd 0 18929451 1
5e62449a564d4f5c079ce124e8060dcd 0 26259071 1
5e62449a564d4f5c079ce124e8060dcd 0 774495 1
4f4fdc52af27482b294541c885bfcae8 0 59375284 1
4f4fdc52af27482b294541c885bfcae8 0 291404233 2
4f4fdc52af27482b294541c885bfcae8 0 135819752 1
4f4fdc52af27482b294541c885bfcae8 0 69314594 2
4f4fdc52af27482b294541c885bfcae8 0 75064696 2
4f4fdc52af27482b294541c885bfcae8 0 29954406 2
4f4fdc52af27482b294541c885bfcae8 0 5674063 2
4f4fdc52af27482b294541c885bfcae8 0 125790166 2
4f4fdc52af27482b294541c885bfcae8 0 37505936 2
4f4fdc52af27482b294541c885bfcae8 0 309823617 2
4f4fdc52af27482b294541c885bfcae8 0 122546682 2
4f4fdc52af27482b294541c885bfcae8 0 164668748 2
4f4fdc52af27482b294541c885bfcae8 0 70412189 2
4f4fdc52af27482b294541c885bfcae8 0 284743277 2
4f4fdc52af27482b294541c885bfcae8 0 153423651 1
4f4fdc52af27482b294541c885bfcae8 0 164657410 2
4f4fdc52af27482b294541c885bfcae8 0 108391471 2
4f4fdc52af27482b294541c885bfcae8 0 59895252 2
4f4fdc52af27482b294541c885bfcae8 0 166643081 2
b4c5d67cd9033c97cd1b4c0449b32dbb 0 2990389 2
b4c5d67cd9033c97cd1b4c0449b32dbb 0 2870852 2
b4c5d67cd9033c97cd1b4c0449b32dbb 0 170617785 1
b4c5d67cd9033c97cd1b4c0449b32dbb 0 163201637 2
b4c5d67cd9033c97cd1b4c0449b32dbb 0 2761050 1
b4c5d67cd9033c97cd1b4c0449b32dbb 0 98840373 2
b4c5d67cd9033c97cd1b4c0449b32dbb 0 124931113 2
b4c5d67cd9033c97cd1b4c0449b32dbb 0 2876655 2
b4c5d67cd9033c97cd1b4c0449b32dbb 0 2978344 1
b4c5d67cd9033c97cd1b4c0449b32dbb 0 302733947 1
b4c5d67cd9033c97cd1b4c0449b32dbb 0 162755456 1
b4c5d67cd9033c97cd1b4c0449b32dbb 0 158347953 2
b4c5d67cd9033c97cd1b4c0449b32dbb 0 2665464 1
b4c5d67cd9033c97cd1b4c0449b32dbb 0 8642695 1
b4c5d67cd9033c97cd1b4c0449b32dbb 0 31865796 1
b4c5d67cd9033c97cd1b4c0449b32dbb 0 129422672 2
b4c5d67cd9033c97cd1b4c0449b32dbb 0 158131997 1
b4c5d67cd9033c97cd1b4c0449b32dbb 0 2958530 1
b4c5d67cd9033c97cd1b4c0449b32dbb 0 2681047 2
b4c5d67cd9033c97cd1b4c0449b32dbb 0 131306899 2
b4c5d67cd9033c97cd1b4c0449b32dbb 0 2694057 1
b4c5d67cd9033c97cd1b4c0449b32dbb 0 141210036 2
b4c5d67cd9033c97cd1b4c0449b32dbb 0 4226824 2
b4c5d67cd9033c97cd1b4c0449b32dbb 0 86747184 2
b4c5d67cd9033c97cd1b4c0449b32dbb 0 70840799 2
d75124204c0f3fc2bd4d9dd172ca714c 0 34129782 2
d75124204c0f3fc2bd4d9dd172ca714c 0 11614374 2
d75124204c0f3fc2bd4d9dd172ca714c 0 155460761 2
d75124204c0f3fc2bd4d9dd172ca714c 0 291380579 2
d75124204c0f3fc2bd4d9dd172ca714c 0 129937106 2
d75124204c0f3fc2bd4d9dd172ca714c 0 78139458 2
d75124204c0f3fc2bd4d9dd172ca714c 0 48211576 2
d75124204c0f3fc2bd4d9dd172ca714c 0 13973627 2
d75124204c0f3fc2bd4d9dd172ca714c 0 138520889 2
d75124204c0f3fc2bd4d9dd172ca714c 0 70309928 2
d75124204c0f3fc2bd4d9dd172ca714c 0 45611533 2
d75124204c0f3fc2bd4d9dd172ca714c 0 8568790 2
d75124204c0f3fc2bd4d9dd172ca714c 0 85649784 2
d75124204c0f3fc2bd4d9dd172ca714c 0 107963632 2
d75124204c0f3fc2bd4d9dd172ca714c 0 129023207 2
d75124204c0f3fc2bd4d9dd172ca714c 0 292106803 2
d75124204c0f3fc2bd4d9dd172ca714c 0 78140797 0
d75124204c0f3fc2bd4d9dd172ca714c 0 303975631 2
d75124204c0f3fc2bd4d9dd172ca714c 0 125808867 2
d75124204c0f3fc2bd4d9dd172ca714c 0 14375885 2
d75124204c0f3fc2bd4d9dd172ca714c 0 43333345 2
d75124204c0f3fc2bd4d9dd172ca714c 0 69290254 2
d75124204c0f3fc2bd4d9dd172ca714c 0 9053847 2
d75124204c0f3fc2bd4d9dd172ca714c 0 165817416 2
d75124204c0f3fc2bd4d9dd172ca714c 0 150068862 2
d75124204c0f3fc2bd4d9dd172ca714c 0 19527308 2
d75124204c0f3fc2bd4d9dd172ca714c 0 45982462 2
ba0cf3a00bad34c0db57419d4b4df7bd 0 301535112 0
ba0cf3a00bad34c0db57419d4b4df7bd 0 293018381 0
ba0cf3a00bad34c0db57419d4b4df7bd 0 43524936 0
ba0cf3a00bad34c0db57419d4b4df7bd 0 289833094 0
ba0cf3a00bad34c0db57419d4b4df7bd 0 8059888 1
ba0cf3a00bad34c0db57419d4b4df7bd 0 42695896 0
ba0cf3a00bad34c0db57419d4b4df7bd 0 171537977 2
ba0cf3a00bad34c0db57419d4b4df7bd 0 156990129 0
ba0cf3a00bad34c0db57419d4b4df7bd 0 127307649 2
ba0cf3a00bad34c0db57419d4b4df7bd 0 31256271 0
ba0cf3a00bad34c0db57419d4b4df7bd 0 122337377 0
ba0cf3a00bad34c0db57419d4b4df7bd 0 300927424 0
ba0cf3a00bad34c0db57419d4b4df7bd 0 163396212 0
ba0cf3a00bad34c0db57419d4b4df7bd 0 8859901 1
ba0cf3a00bad34c0db57419d4b4df7bd 0 274996947 0
ba0cf3a00bad34c0db57419d4b4df7bd 0 290073004 0
ba0cf3a00bad34c0db57419d4b4df7bd 0 295893053 0
ba0cf3a00bad34c0db57419d4b4df7bd 0 134358440 2
ba0cf3a00bad34c0db57419d4b4df7bd 0 308882502 0
ba0cf3a00bad34c0db57419d4b4df7bd 0 42727469 1
ba0cf3a00bad34c0db57419d4b4df7bd 0 37684616 2
ba0cf3a00bad34c0db57419d4b4df7bd 0 18522560 0
ba0cf3a00bad34c0db57419d4b4df7bd 0 301517617 2
ba0cf3a00bad34c0db57419d4b4df7bd 0 159289684 1
ba0cf3a00bad34c0db57419d4b4df7bd 0 292773284 0
ba0cf3a00bad34c0db57419d4b4df7bd 0 69821054 0
ba0cf3a00bad34c0db57419d4b4df7bd 0 11019216 0
ebad9d28b3499477b88aa1858932bc46 0 158249482 0
ebad9d28b3499477b88aa1858932bc46 0 390048 1
ebad9d28b3499477b88aa1858932bc46 0 301590297 2
ebad9d28b3499477b88aa1858932bc46 0 134355519 2
ebad9d28b3499477b88aa1858932bc46 0 302666009 2
ebad9d28b3499477b88aa1858932bc46 0 165088779 2
ebad9d28b3499477b88aa1858932bc46 0 169005884 2
ebad9d28b3499477b88aa1858932bc46 0 28257627 2
ebad9d28b3499477b88aa1858932bc46 0 11700590 2
ebad9d28b3499477b88aa1858932bc46 0 282320398 2
ebad9d28b3499477b88aa1858932bc46 0 292680643 2
ebad9d28b3499477b88aa1858932bc46 0 294919530 2
ebad9d28b3499477b88aa1858932bc46 0 2878566 2
ebad9d28b3499477b88aa1858932bc46 0 24706363 2
ebad9d28b3499477b88aa1858932bc46 0 2587193 2
ebad9d28b3499477b88aa1858932bc46 0 2717813 1
ebad9d28b3499477b88aa1858932bc46 0 10115318 2
ebad9d28b3499477b88aa1858932bc46 0 8868027 2
ebad9d28b3499477b88aa1858932bc46 0 292680529 2
ebad9d28b3499477b88aa1858932bc46 0 36989270 1
ebad9d28b3499477b88aa1858932bc46 0 291428914 1
ebad9d28b3499477b88aa1858932bc46 0 156908777 2
ebad9d28b3499477b88aa1858932bc46 0 292323863 2
35c0f17bf81e581290efc4a10449174f 0 292251819 2
35c0f17bf81e581290efc4a10449174f 0 8018008 2
35c0f17bf81e581290efc4a10449174f 0 43499056 2
35c0f17bf81e581290efc4a10449174f 0 8135848 2
35c0f17bf81e581290efc4a10449174f 0 156029505 2
35c0f17bf81e581290efc4a10449174f 0 11687835 2
35c0f17bf81e581290efc4a10449174f 0 18732437 2
35c0f17bf81e581290efc4a10449174f 0 149934838 2
35c0f17bf81e581290efc4a10449174f 0 275699128 2
35c0f17bf81e581290efc4a10449174f 0 10994229 2
35c0f17bf81e581290efc4a10449174f 0 131689233 2
35c0f17bf81e581290efc4a10449174f 0 149427266 2
35c0f17bf81e581290efc4a10449174f 0 11695996 2
35c0f17bf81e581290efc4a10449174f 0 158742153 2
35c0f17bf81e581290efc4a10449174f 0 18692517 2
35c0f17bf81e581290efc4a10449174f 0 8010931 2
35c0f17bf81e581290efc4a10449174f 0 154079656 2
35c0f17bf81e581290efc4a10449174f 0 18692717 2
35c0f17bf81e581290efc4a10449174f 0 274997330 2
35c0f17bf81e581290efc4a10449174f 0 274814775 2
35c0f17bf81e581290efc4a10449174f 0 152208871 2
35c0f17bf81e581290efc4a10449174f 0 158251723 2
35c0f17bf81e581290efc4a10449174f 0 154075489 2
476f68b3901eef85a4d2e74c9c112409 0 37401512 2
476f68b3901eef85a4d2e74c9c112409 0 86293229 2
476f68b3901eef85a4d2e74c9c112409 0 133096432 2
476f68b3901eef85a4d2e74c9c112409 0 83452571 2
476f68b3901eef85a4d2e74c9c112409 0 157635025 2
476f68b3901eef85a4d2e74c9c112409 0 68179179 2
476f68b3901eef85a4d2e74c9c112409 0 108412147 2
476f68b3901eef85a4d2e74c9c112409 0 15071979 2
476f68b3901eef85a4d2e74c9c112409 0 133925335 2
476f68b3901eef85a4d2e74c9c112409 0 137249433 2
476f68b3901eef85a4d2e74c9c112409 0 6052159 2
476f68b3901eef85a4d2e74c9c112409 0 41074216 2
476f68b3901eef85a4d2e74c9c112409 0 132739846 2
476f68b3901eef85a4d2e74c9c112409 0 134376545 2
476f68b3901eef85a4d2e74c9c112409 0 39771475 2
476f68b3901eef85a4d2e74c9c112409 0 125085246 2
476f68b3901eef85a4d2e74c9c112409 0 8974568 2
476f68b3901eef85a4d2e74c9c112409 0 48732263 2
476f68b3901eef85a4d2e74c9c112409 0 51936132 2
476f68b3901eef85a4d2e74c9c112409 0 300718300 2
476f68b3901eef85a4d2e74c9c112409 0 9021134 2
476f68b3901eef85a4d2e74c9c112409 0 131109110 2
476f68b3901eef85a4d2e74c9c112409 0 155668790 2
476f68b3901eef85a4d2e74c9c112409 0 123540938 2
476f68b3901eef85a4d2e74c9c112409 0 83939165 2
fbe6a289dc137d81b5b0b768bffeb450 0 8868759 1
fbe6a289dc137d81b5b0b768bffeb450 0 234695994 2
fbe6a289dc137d81b5b0b768bffeb450 0 276605613 1
fbe6a289dc137d81b5b0b768bffeb450 0 13799853 2
fbe6a289dc137d81b5b0b768bffeb450 0 31889334 2
fbe6a289dc137d81b5b0b768bffeb450 0 7467119 2
fbe6a289dc137d81b5b0b768bffeb450 0 309735193 1
fbe6a289dc137d81b5b0b768bffeb450 0 51486688 2
fbe6a289dc137d81b5b0b768bffeb450 0 34141442 1
fbe6a289dc137d81b5b0b768bffeb450 0 219267 1
fbe6a289dc137d81b5b0b768bffeb450 0 6428955 1
fbe6a289dc137d81b5b0b768bffeb450 0 2458785 1
fbe6a289dc137d81b5b0b768bffeb450 0 7920930 2
fbe6a289dc137d81b5b0b768bffeb450 0 290316103 2
fbe6a289dc137d81b5b0b768bffeb450 0 290330718 1
fbe6a289dc137d81b5b0b768bffeb450 0 289667634 2
fbe6a289dc137d81b5b0b768bffeb450 0 36992208 2
fbe6a289dc137d81b5b0b768bffeb450 0 302709719 1
fbe6a289dc137d81b5b0b768bffeb450 0 12269663 0
fbe6a289dc137d81b5b0b768bffeb450 0 297668914 2
fbe6a289dc137d81b5b0b768bffeb450 0 36988477 2
fbe6a289dc137d81b5b0b768bffeb450 0 42946033 2
fbe6a289dc137d81b5b0b768bffeb450 0 275046445 1
fbe6a289dc137d81b5b0b768bffeb450 0 158312235 0
fbe6a289dc137d81b5b0b768bffeb450 0 2919513 1
fbe6a289dc137d81b5b0b768bffeb450 0 305411548 0
fbe6a289dc137d81b5b0b768bffeb450 0 159514108 1
fbe6a289dc137d81b5b0b768bffeb450 0 81748309 0
a8a463fe5c77781ae586810949bc43b4 0 293515116 1
a8a463fe5c77781ae586810949bc43b4 0 301683952 0
a8a463fe5c77781ae586810949bc43b4 0 154654799 2
a8a463fe5c77781ae586810949bc43b4 0 291156643 2
a8a463fe5c77781ae586810949bc43b4 0 268348811 1
a8a463fe5c77781ae586810949bc43b4 0 287582166 0
a8a463fe5c77781ae586810949bc43b4 0 291191326 1
a8a463fe5c77781ae586810949bc43b4 0 131134984 1
a8a463fe5c77781ae586810949bc43b4 0 287581569 1
a8a463fe5c77781ae586810949bc43b4 0 290433118 1
a8a463fe5c77781ae586810949bc43b4 0 311162102 2
a8a463fe5c77781ae586810949bc43b4 0 301592428 1
a8a463fe5c77781ae586810949bc43b4 0 139254352 2
a8a463fe5c77781ae586810949bc43b4 0 162922413 1
a8a463fe5c77781ae586810949bc43b4 0 290560213 2
a8a463fe5c77781ae586810949bc43b4 0 160674950 1
a8a463fe5c77781ae586810949bc43b4 0 297688816 1
a8a463fe5c77781ae586810949bc43b4 0 155032810 1
a8a463fe5c77781ae586810949bc43b4 0 258406184 2
a8a463fe5c77781ae586810949bc43b4 0 292804587 1
a8a463fe5c77781ae586810949bc43b4 0 305772449 1
a8a463fe5c77781ae586810949bc43b4 0 153542354 1
a8a463fe5c77781ae586810949bc43b4 0 169913748 1
19097f187aee29be76a702aaed4e9804 0 154065206 1
19097f187aee29be76a702aaed4e9804 0 10726074 1
19097f187aee29be76a702aaed4e9804 0 143260287 1
19097f187aee29be76a702aaed4e9804 0 138446442 2
19097f187aee29be76a702aaed4e9804 0 137182460 2
19097f187aee29be76a702aaed4e9804 0 308887913 1
19097f187aee29be76a702aaed4e9804 0 138455555 2
19097f187aee29be76a702aaed4e9804 0 153875056 1
19097f187aee29be76a702aaed4e9804 0 18759330 2
19097f187aee29be76a702aaed4e9804 0 31111621 1
19097f187aee29be76a702aaed4e9804 0 63282465 1
19097f187aee29be76a702aaed4e9804 0 129085984 2
19097f187aee29be76a702aaed4e9804 0 305763140 1
19097f187aee29be76a702aaed4e9804 0 11430636 1
19097f187aee29be76a702aaed4e9804 0 44985184 2
19097f187aee29be76a702aaed4e9804 0 126957064 1
19097f187aee29be76a702aaed4e9804 0 11837386 1
19097f187aee29be76a702aaed4e9804 0 236447465 2
19097f187aee29be76a702aaed4e9804 0 14322687 2
19097f187aee29be76a702aaed4e9804 0 276512242 2
19097f187aee29be76a702aaed4e9804 0 174852306 1
19097f187aee29be76a702aaed4e9804 0 46395586 2
956d5b066f6e4b34ab2b835cb63f311e 0 289611538 2
956d5b066f6e4b34ab2b835cb63f311e 0 121364315 0
956d5b066f6e4b34ab2b835cb63f311e 0 8869941 1
956d5b066f6e4b34ab2b835cb63f311e 0 299272632 1
956d5b066f6e4b34ab2b835cb63f311e 0 62375195 0
956d5b066f6e4b34ab2b835cb63f311e 0 8869003 2
956d5b066f6e4b34ab2b835cb63f311e 0 164448210 2
956d5b066f6e4b34ab2b835cb63f311e 0 8459396 0
956d5b066f6e4b34ab2b835cb63f311e 0 71003144 2
956d5b066f6e4b34ab2b835cb63f311e 0 6789474 2
956d5b066f6e4b34ab2b835cb63f311e 0 83771762 1
956d5b066f6e4b34ab2b835cb63f311e 0 23065175 2
956d5b066f6e4b34ab2b835cb63f311e 0 290569798 1
956d5b066f6e4b34ab2b835cb63f311e 0 276268951 1
956d5b066f6e4b34ab2b835cb63f311e 0 15067435 0
956d5b066f6e4b34ab2b835cb63f311e 0 299874846 1
956d5b066f6e4b34ab2b835cb63f311e 0 18931866 1
956d5b066f6e4b34ab2b835cb63f311e 0 8867402 2
956d5b066f6e4b34ab2b835cb63f311e 0 4404923 2
956d5b066f6e4b34ab2b835cb63f311e 0 274845965 0
956d5b066f6e4b34ab2b835cb63f311e 0 9133000 1
956d5b066f6e4b34ab2b835cb63f311e 0 291594974 0
956d5b066f6e4b34ab2b835cb63f311e 0 292446261 1
956d5b066f6e4b34ab2b835cb63f311e 0 284247115 0
471a0903327aebe720f561315e32d5d9 0 169407802 2
471a0903327aebe720f561315e32d5d9 0 151234531 2
471a0903327aebe720f561315e32d5d9 0 83943737 0
471a0903327aebe720f561315e32d5d9 0 83940377 1
471a0903327aebe720f561315e32d5d9 0 71147305 1
471a0903327aebe720f561315e32d5d9 0 49402323 1
471a0903327aebe720f561315e32d5d9 0 30658345 1
471a0903327aebe720f561315e32d5d9 0 74576102 2
471a0903327aebe720f561315e32d5d9 0 30665024 1
471a0903327aebe720f561315e32d5d9 0 9455955 2
471a0903327aebe720f561315e32d5d9 0 59695604 2
471a0903327aebe720f561315e32d5d9 0 74576212 1
471a0903327aebe720f561315e32d5d9 0 25408950 1
471a0903327aebe720f561315e32d5d9 0 134758320 2
e4830d227bc9842ee0351fc54a894194 0 300678970 1
e4830d227bc9842ee0351fc54a894194 0 168114532 2
e4830d227bc9842ee0351fc54a894194 0 75715572 2
e4830d227bc9842ee0351fc54a894194 0 169078838 2
e4830d227bc9842ee0351fc54a894194 0 313862591 1
e4830d227bc9842ee0351fc54a894194 0 160634714 2
e4830d227bc9842ee0351fc54a894194 0 159527358 1
e4830d227bc9842ee0351fc54a894194 0 160732808 2
e4830d227bc9842ee0351fc54a894194 0 92657205 2
e4830d227bc9842ee0351fc54a894194 0 17806679 1
e4830d227bc9842ee0351fc54a894194 0 275770015 2
e4830d227bc9842ee0351fc54a894194 0 84365452 2
e4830d227bc9842ee0351fc54a894194 0 126074522 2
e4830d227bc9842ee0351fc54a894194 0 157905987 2
e4830d227bc9842ee0351fc54a894194 0 137210824 2
e4830d227bc9842ee0351fc54a894194 0 17803774 2
e4830d227bc9842ee0351fc54a894194 0 128989136 2
e4830d227bc9842ee0351fc54a894194 0 17806964 2
e4830d227bc9842ee0351fc54a894194 0 171822258 1
e4830d227bc9842ee0351fc54a894194 0 157858716 2
e4830d227bc9842ee0351fc54a894194 0 163204093 1
e4830d227bc9842ee0351fc54a894194 0 19014297 2
e4830d227bc9842ee0351fc54a894194 0 18622144 2
e4830d227bc9842ee0351fc54a894194 0 148200981 2
af166e3441b23e4e8457fd45b70e0fb6 0 126048612 2
af166e3441b23e4e8457fd45b70e0fb6 0 166763439 2
af166e3441b23e4e8457fd45b70e0fb6 0 154514699 2
af166e3441b23e4e8457fd45b70e0fb6 0 6449055 2
af166e3441b23e4e8457fd45b70e0fb6 0 69520841 2
af166e3441b23e4e8457fd45b70e0fb6 0 9016827 2
af166e3441b23e4e8457fd45b70e0fb6 0 8848020 2
af166e3441b23e4e8457fd45b70e0fb6 0 292834045 2
af166e3441b23e4e8457fd45b70e0fb6 0 6993923 2
af166e3441b23e4e8457fd45b70e0fb6 0 290776874 2
af166e3441b23e4e8457fd45b70e0fb6 0 276243460 2
af166e3441b23e4e8457fd45b70e0fb6 0 302749316 2
af166e3441b23e4e8457fd45b70e0fb6 0 47798983 2
af166e3441b23e4e8457fd45b70e0fb6 0 293069820 1
af166e3441b23e4e8457fd45b70e0fb6 0 36378501 2
af166e3441b23e4e8457fd45b70e0fb6 0 139960656 2
af166e3441b23e4e8457fd45b70e0fb6 0 30326751 2
af166e3441b23e4e8457fd45b70e0fb6 0 308891233 2
af166e3441b23e4e8457fd45b70e0fb6 0 28619465 2
af166e3441b23e4e8457fd45b70e0fb6 0 140646136 2
af166e3441b23e4e8457fd45b70e0fb6 0 10099133 2
af166e3441b23e4e8457fd45b70e0fb6 0 309409125 2
af166e3441b23e4e8457fd45b70e0fb6 0 289556523 2
af166e3441b23e4e8457fd45b70e0fb6 0 10543674 1
af166e3441b23e4e8457fd45b70e0fb6 0 276496875 2
80ef3402a6825b0b34386923fddd177f 0 10864794 2
80ef3402a6825b0b34386923fddd177f 0 150260897 2
80ef3402a6825b0b34386923fddd177f 0 156087213 2
80ef3402a6825b0b34386923fddd177f 0 156934310 2
80ef3402a6825b0b34386923fddd177f 0 152370361 2
80ef3402a6825b0b34386923fddd177f 0 169909916 2
80ef3402a6825b0b34386923fddd177f 0 134103635 2
80ef3402a6825b0b34386923fddd177f 0 132362684 2
80ef3402a6825b0b34386923fddd177f 0 136918632 2
80ef3402a6825b0b34386923fddd177f 0 152868203 2
80ef3402a6825b0b34386923fddd177f 0 124867119 2
80ef3402a6825b0b34386923fddd177f 0 138554667 2
80ef3402a6825b0b34386923fddd177f 0 132362736 2
80ef3402a6825b0b34386923fddd177f 0 309481526 2
80ef3402a6825b0b34386923fddd177f 0 134098322 2
80ef3402a6825b0b34386923fddd177f 0 159483734 2
80ef3402a6825b0b34386923fddd177f 0 143803609 2
80ef3402a6825b0b34386923fddd177f 0 153501229 2
80ef3402a6825b0b34386923fddd177f 0 276154638 2
80ef3402a6825b0b34386923fddd177f 0 145838193 2
80ef3402a6825b0b34386923fddd177f 0 158096620 2
589374fa626019dae74b8170b7f4c4d7 0 161885328 1
589374fa626019dae74b8170b7f4c4d7 0 144956543 2
589374fa626019dae74b8170b7f4c4d7 0 145757258 1
589374fa626019dae74b8170b7f4c4d7 0 290062099 1
589374fa626019dae74b8170b7f4c4d7 0 290790689 2
589374fa626019dae74b8170b7f4c4d7 0 160394802 2
589374fa626019dae74b8170b7f4c4d7 0 276242161 0
589374fa626019dae74b8170b7f4c4d7 0 136810668 2
589374fa626019dae74b8170b7f4c4d7 0 7966400 2
589374fa626019dae74b8170b7f4c4d7 0 297525842 2
589374fa626019dae74b8170b7f4c4d7 0 156211089 2
589374fa626019dae74b8170b7f4c4d7 0 129230917 2
589374fa626019dae74b8170b7f4c4d7 0 154133194 2
589374fa626019dae74b8170b7f4c4d7 0 164414613 2
589374fa626019dae74b8170b7f4c4d7 0 154184986 2
589374fa626019dae74b8170b7f4c4d7 0 166712816 1
589374fa626019dae74b8170b7f4c4d7 0 291394211 1
589374fa626019dae74b8170b7f4c4d7 0 152224390 1
589374fa626019dae74b8170b7f4c4d7 0 78252331 1
589374fa626019dae74b8170b7f4c4d7 0 151184452 2
589374fa626019dae74b8170b7f4c4d7 0 145839178 1
589374fa626019dae74b8170b7f4c4d7 0 150808660 2
589374fa626019dae74b8170b7f4c4d7 0 140344971 2
589374fa626019dae74b8170b7f4c4d7 0 162503919 1
589374fa626019dae74b8170b7f4c4d7 0 153322836 2
589374fa626019dae74b8170b7f4c4d7 0 120196503 1
540992ac0d6d1987574cf71fee06485a 0 70413569 2
540992ac0d6d1987574cf71fee06485a 0 293029917 2
540992ac0d6d1987574cf71fee06485a 0 50745757 2
540992ac0d6d1987574cf71fee06485a 0 149971448 2
540992ac0d6d1987574cf71fee06485a 0 122628738 2
540992ac0d6d1987574cf71fee06485a 0 32995775 2
540992ac0d6d1987574cf71fee06485a 0 310932141 2
540992ac0d6d1987574cf71fee06485a 0 24985341 2
540992ac0d6d1987574cf71fee06485a 0 141748311 2
540992ac0d6d1987574cf71fee06485a 0 141526649 2
540992ac0d6d1987574cf71fee06485a 0 136789468 2
540992ac0d6d1987574cf71fee06485a 0 25475959 2
540992ac0d6d1987574cf71fee06485a 0 10525819 2
540992ac0d6d1987574cf71fee06485a 0 148295279 2
540992ac0d6d1987574cf71fee06485a 0 157247501 2
540992ac0d6d1987574cf71fee06485a 0 67143442 2
540992ac0d6d1987574cf71fee06485a 0 159476767 2
540992ac0d6d1987574cf71fee06485a 0 129211376 2
540992ac0d6d1987574cf71fee06485a 0 82075997 2
540992ac0d6d1987574cf71fee06485a 0 69360580 2
540992ac0d6d1987574cf71fee06485a 0 140098044 2
540992ac0d6d1987574cf71fee06485a 0 126974757 2
46f4b0bdedf1c02453bd59b7f96acecd 0 17489992 2
46f4b0bdedf1c02453bd59b7f96acecd 0 301069563 2
46f4b0bdedf1c02453bd59b7f96acecd 0 296735564 2
46f4b0bdedf1c02453bd59b7f96acecd 0 276259760 2
46f4b0bdedf1c02453bd59b7f96acecd 0 274810095 1
46f4b0bdedf1c02453bd59b7f96acecd 0 1157639 1
46f4b0bdedf1c02453bd59b7f96acecd 0 301559789 1
46f4b0bdedf1c02453bd59b7f96acecd 0 2972789 2
46f4b0bdedf1c02453bd59b7f96acecd 0 63047003 1
46f4b0bdedf1c02453bd59b7f96acecd 0 15105949 1
46f4b0bdedf1c02453bd59b7f96acecd 0 2764223 2
46f4b0bdedf1c02453bd59b7f96acecd 0 310985303 2
46f4b0bdedf1c02453bd59b7f96acecd 0 80260255 0
46f4b0bdedf1c02453bd59b7f96acecd 0 310952028 2
46f4b0bdedf1c02453bd59b7f96acecd 0 70338741 2
46f4b0bdedf1c02453bd59b7f96acecd 0 19088887 1
46f4b0bdedf1c02453bd59b7f96acecd 0 33178981 2
46f4b0bdedf1c02453bd59b7f96acecd 0 8254192 0
46f4b0bdedf1c02453bd59b7f96acecd 0 4403254 2
46f4b0bdedf1c02453bd59b7f96acecd 0 2655095 2
46f4b0bdedf1c02453bd59b7f96acecd 0 2763759 2
46f4b0bdedf1c02453bd59b7f96acecd 0 47079 1
46f4b0bdedf1c02453bd59b7f96acecd 0 42796856 1
9c64c59a7a6aadb5f0ec8252e0df99aa 0 2456275 0
9c64c59a7a6aadb5f0ec8252e0df99aa 0 71162863 0
9c64c59a7a6aadb5f0ec8252e0df99aa 0 138423473 0
9c64c59a7a6aadb5f0ec8252e0df99aa 0 39934330 0
9c64c59a7a6aadb5f0ec8252e0df99aa 0 292559251 0
9c64c59a7a6aadb5f0ec8252e0df99aa 0 2384057 0
9c64c59a7a6aadb5f0ec8252e0df99aa 0 60637046 0
9c64c59a7a6aadb5f0ec8252e0df99aa 0 2397709 0
9c64c59a7a6aadb5f0ec8252e0df99aa 0 290856261 0
9c64c59a7a6aadb5f0ec8252e0df99aa 0 2403716 0
9c64c59a7a6aadb5f0ec8252e0df99aa 0 275535789 0
9c64c59a7a6aadb5f0ec8252e0df99aa 0 164924136 0
9c64c59a7a6aadb5f0ec8252e0df99aa 0 150033809 0
9c64c59a7a6aadb5f0ec8252e0df99aa 0 2872280 0
9c64c59a7a6aadb5f0ec8252e0df99aa 0 19158008 0
9c64c59a7a6aadb5f0ec8252e0df99aa 0 160939508 0
9c64c59a7a6aadb5f0ec8252e0df99aa 0 9129538 0
9c64c59a7a6aadb5f0ec8252e0df99aa 0 192180189 0
9c64c59a7a6aadb5f0ec8252e0df99aa 0 13297878 0
9c64c59a7a6aadb5f0ec8252e0df99aa 0 293750734 1
9c64c59a7a6aadb5f0ec8252e0df99aa 0 132798358 0
9c64c59a7a6aadb5f0ec8252e0df99aa 0 19800941 0
9c64c59a7a6aadb5f0ec8252e0df99aa 0 39409692 0
9c64c59a7a6aadb5f0ec8252e0df99aa 0 291808056 0
9c64c59a7a6aadb5f0ec8252e0df99aa 0 4233989 0
9c64c59a7a6aadb5f0ec8252e0df99aa 0 2491879 0
9113313cc2065ca1aff3af63a47aa991 0 148989372 2
9113313cc2065ca1aff3af63a47aa991 0 71964367 2
9113313cc2065ca1aff3af63a47aa991 0 46350142 2
9113313cc2065ca1aff3af63a47aa991 0 25471450 2
9113313cc2065ca1aff3af63a47aa991 0 157786983 2
9113313cc2065ca1aff3af63a47aa991 0 166025954 2
9113313cc2065ca1aff3af63a47aa991 0 123464792 2
9113313cc2065ca1aff3af63a47aa991 0 41201617 2
9113313cc2065ca1aff3af63a47aa991 0 41200982 0
9113313cc2065ca1aff3af63a47aa991 0 21198999 2
9113313cc2065ca1aff3af63a47aa991 0 146364352 1
9113313cc2065ca1aff3af63a47aa991 0 142911792 2
9113313cc2065ca1aff3af63a47aa991 0 79532584 2
9113313cc2065ca1aff3af63a47aa991 0 133458841 2
9113313cc2065ca1aff3af63a47aa991 0 86238849 1
9113313cc2065ca1aff3af63a47aa991 0 43407735 2
9113313cc2065ca1aff3af63a47aa991 0 158731995 2
9113313cc2065ca1aff3af63a47aa991 0 11634200 2
9113313cc2065ca1aff3af63a47aa991 0 142175845 2
9113313cc2065ca1aff3af63a47aa991 0 125296863 2
9113313cc2065ca1aff3af63a47aa991 0 38828106 2
9113313cc2065ca1aff3af63a47aa991 0 86236149 1
bc4f726ad66b9127936c8cfc09fce9ba 0 41359653 0
bc4f726ad66b9127936c8cfc09fce9ba 0 167922289 0
bc4f726ad66b9127936c8cfc09fce9ba 0 68965440 0
bc4f726ad66b9127936c8cfc09fce9ba 0 168029561 0
bc4f726ad66b9127936c8cfc09fce9ba 0 8593274 0
bc4f726ad66b9127936c8cfc09fce9ba 0 74757042 0
bc4f726ad66b9127936c8cfc09fce9ba 0 290847261 0
bc4f726ad66b9127936c8cfc09fce9ba 0 68965181 0
bc4f726ad66b9127936c8cfc09fce9ba 0 129363101 0
bc4f726ad66b9127936c8cfc09fce9ba 0 292682622 0
bc4f726ad66b9127936c8cfc09fce9ba 0 169322158 0
bc4f726ad66b9127936c8cfc09fce9ba 0 62550887 0
bc4f726ad66b9127936c8cfc09fce9ba 0 45151591 0
bc4f726ad66b9127936c8cfc09fce9ba 0 133674375 0
bc4f726ad66b9127936c8cfc09fce9ba 0 8455133 0
bc4f726ad66b9127936c8cfc09fce9ba 0 40087203 0
bc4f726ad66b9127936c8cfc09fce9ba 0 303173120 0
bc4f726ad66b9127936c8cfc09fce9ba 0 2499632 0
bc4f726ad66b9127936c8cfc09fce9ba 0 40461275 0
bc4f726ad66b9127936c8cfc09fce9ba 0 2634527 0
bc4f726ad66b9127936c8cfc09fce9ba 0 7933888 0
bc4f726ad66b9127936c8cfc09fce9ba 0 122211784 0
bc4f726ad66b9127936c8cfc09fce9ba 0 47606019 0
bc4f726ad66b9127936c8cfc09fce9ba 0 70335128 0
bc4f726ad66b9127936c8cfc09fce9ba 0 138454489 0
bc4f726ad66b9127936c8cfc09fce9ba 0 7174334 0
bc4f726ad66b9127936c8cfc09fce9ba 0 158309116 0
bc4f726ad66b9127936c8cfc09fce9ba 0 6725312 0
eca1fcfa5b2b0492daa1a676159ac1a0 0 122782560 2
eca1fcfa5b2b0492daa1a676159ac1a0 0 303965987 2
eca1fcfa5b2b0492daa1a676159ac1a0 0 54746995 0
eca1fcfa5b2b0492daa1a676159ac1a0 0 290398706 2
eca1fcfa5b2b0492daa1a676159ac1a0 0 304356343 1
eca1fcfa5b2b0492daa1a676159ac1a0 0 126769622 2
eca1fcfa5b2b0492daa1a676159ac1a0 0 89336730 2
eca1fcfa5b2b0492daa1a676159ac1a0 0 57018139 2
eca1fcfa5b2b0492daa1a676159ac1a0 0 5264516 1
eca1fcfa5b2b0492daa1a676159ac1a0 0 62545427 2
eca1fcfa5b2b0492daa1a676159ac1a0 0 157125080 2
eca1fcfa5b2b0492daa1a676159ac1a0 0 164674004 2
eca1fcfa5b2b0492daa1a676159ac1a0 0 164655229 2
eca1fcfa5b2b0492daa1a676159ac1a0 0 290397767 2
eca1fcfa5b2b0492daa1a676159ac1a0 0 164665377 2
eca1fcfa5b2b0492daa1a676159ac1a0 0 57016337 2
9db831533ed3cfc0211280d567a041ff 0 305710884 2
9db831533ed3cfc0211280d567a041ff 0 159416834 2
9db831533ed3cfc0211280d567a041ff 0 132238837 2
9db831533ed3cfc0211280d567a041ff 0 68170744 2
9db831533ed3cfc0211280d567a041ff 0 150418335 2
9db831533ed3cfc0211280d567a041ff 0 71474682 2
9db831533ed3cfc0211280d567a041ff 0 11444484 2
9db831533ed3cfc0211280d567a041ff 0 142513270 2
9db831533ed3cfc0211280d567a041ff 0 40376159 2
9db831533ed3cfc0211280d567a041ff 0 40375452 2
9db831533ed3cfc0211280d567a041ff 0 131346627 2
9db831533ed3cfc0211280d567a041ff 0 48202732 2
9db831533ed3cfc0211280d567a041ff 0 308892012 2
9db831533ed3cfc0211280d567a041ff 0 69385717 2
9db831533ed3cfc0211280d567a041ff 0 9088668 2
9db831533ed3cfc0211280d567a041ff 0 10431187 2
9db831533ed3cfc0211280d567a041ff 0 1258228 2
9db831533ed3cfc0211280d567a041ff 0 154799155 1
9db831533ed3cfc0211280d567a041ff 0 41648027 2
9db831533ed3cfc0211280d567a041ff 0 68168672 1
9db831533ed3cfc0211280d567a041ff 0 131348602 2
9db831533ed3cfc0211280d567a041ff 0 10457834 2
9db831533ed3cfc0211280d567a041ff 0 126904400 2
9db831533ed3cfc0211280d567a041ff 0 162352288 2
9db831533ed3cfc0211280d567a041ff 0 139944934 2
9db831533ed3cfc0211280d567a041ff 0 71850182 2
9db831533ed3cfc0211280d567a041ff 0 157921639 2
9db831533ed3cfc0211280d567a041ff 0 142317848 1
b64733753f9a591fc7662aef2aca1068 0 61166084 2
b64733753f9a591fc7662aef2aca1068 0 21970273 2
b64733753f9a591fc7662aef2aca1068 0 133759191 2
b64733753f9a591fc7662aef2aca1068 0 38017974 2
b64733753f9a591fc7662aef2aca1068 0 160678239 2
b64733753f9a591fc7662aef2aca1068 0 59497542 2
b64733753f9a591fc7662aef2aca1068 0 172097720 2
b64733753f9a591fc7662aef2aca1068 0 33111157 2
b64733753f9a591fc7662aef2aca1068 0 291431656 2
b64733753f9a591fc7662aef2aca1068 0 295984320 2
b64733753f9a591fc7662aef2aca1068 0 40027112 2
b64733753f9a591fc7662aef2aca1068 0 42609714 2
b64733753f9a591fc7662aef2aca1068 0 63571031 2
b64733753f9a591fc7662aef2aca1068 0 166669884 2
b64733753f9a591fc7662aef2aca1068 0 4473282 2
b64733753f9a591fc7662aef2aca1068 0 154332825 2
b64733753f9a591fc7662aef2aca1068 0 294414779 2
b64733753f9a591fc7662aef2aca1068 0 138438320 2
b64733753f9a591fc7662aef2aca1068 0 42981210 2
b64733753f9a591fc7662aef2aca1068 0 17446122 2
b64733753f9a591fc7662aef2aca1068 0 65486611 2
b64733753f9a591fc7662aef2aca1068 0 133649892 2
d6e0c8db96b3118ebdf59c57fb717dd7 0 292567381 2
d6e0c8db96b3118ebdf59c57fb717dd7 0 292269866 2
d6e0c8db96b3118ebdf59c57fb717dd7 0 171638551 2
d6e0c8db96b3118ebdf59c57fb717dd7 0 296377675 2
d6e0c8db96b3118ebdf59c57fb717dd7 0 153522962 1
d6e0c8db96b3118ebdf59c57fb717dd7 0 295234714 2
d6e0c8db96b3118ebdf59c57fb717dd7 0 8288093 1
d6e0c8db96b3118ebdf59c57fb717dd7 0 276606648 1
d6e0c8db96b3118ebdf59c57fb717dd7 0 24711394 2
d6e0c8db96b3118ebdf59c57fb717dd7 0 291382776 1
d6e0c8db96b3118ebdf59c57fb717dd7 0 160732109 0
d6e0c8db96b3118ebdf59c57fb717dd7 0 62532625 0
d6e0c8db96b3118ebdf59c57fb717dd7 0 300039178 1
d6e0c8db96b3118ebdf59c57fb717dd7 0 274113510 1
d6e0c8db96b3118ebdf59c57fb717dd7 0 275343702 1
d6e0c8db96b3118ebdf59c57fb717dd7 0 174670669 1
d6e0c8db96b3118ebdf59c57fb717dd7 0 6427732 1
d6e0c8db96b3118ebdf59c57fb717dd7 0 70412073 1
d6e0c8db96b3118ebdf59c57fb717dd7 0 158140867 2
d6e0c8db96b3118ebdf59c57fb717dd7 0 4406539 1
d6e0c8db96b3118ebdf59c57fb717dd7 0 9811323 1
d6e0c8db96b3118ebdf59c57fb717dd7 0 291385228 1
a51420961c3596d8b269354d07514dd6 0 44759864 2
a51420961c3596d8b269354d07514dd6 0 294184568 2
a51420961c3596d8b269354d07514dd6 0 150562476 2
a51420961c3596d8b269354d07514dd6 0 70310513 2
a51420961c3596d8b269354d07514dd6 0 159055625 1
a51420961c3596d8b269354d07514dd6 0 297143355 2
a51420961c3596d8b269354d07514dd6 0 20659749 2
a51420961c3596d8b269354d07514dd6 0 63581954 2
a51420961c3596d8b269354d07514dd6 0 174840921 2
a51420961c3596d8b269354d07514dd6 0 296001466 2
a51420961c3596d8b269354d07514dd6 0 11027576 0
a51420961c3596d8b269354d07514dd6 0 308894730 2
a51420961c3596d8b269354d07514dd6 0 8363530 2
a51420961c3596d8b269354d07514dd6 0 141416347 2
a51420961c3596d8b269354d07514dd6 0 38557756 2
a51420961c3596d8b269354d07514dd6 0 83003813 2
a51420961c3596d8b269354d07514dd6 0 291245321 2
a51420961c3596d8b269354d07514dd6 0 174840918 2
a51420961c3596d8b269354d07514dd6 0 125768462 2
a51420961c3596d8b269354d07514dd6 0 14387737 1
a51420961c3596d8b269354d07514dd6 0 63015406 2
a51420961c3596d8b269354d07514dd6 0 287344373 2
a51420961c3596d8b269354d07514dd6 0 123865760 1
a51420961c3596d8b269354d07514dd6 0 43313360 2
a51420961c3596d8b269354d07514dd6 0 293339772 2
a51420961c3596d8b269354d07514dd6 0 84860068 2
a51420961c3596d8b269354d07514dd6 0 174840919 2
a51420961c3596d8b269354d07514dd6 0 80074995 2
a51420961c3596d8b269354d07514dd6 0 2047985 2
d9204a56e34a1c344391ad4e2c8963c0 0 274812412 0
d9204a56e34a1c344391ad4e2c8963c0 0 293808675 0
d9204a56e34a1c344391ad4e2c8963c0 0 99049908 1
d9204a56e34a1c344391ad4e2c8963c0 0 292499317 1
d9204a56e34a1c344391ad4e2c8963c0 0 9082675 1
d9204a56e34a1c344391ad4e2c8963c0 0 7984062 0
d9204a56e34a1c344391ad4e2c8963c0 0 302652248 1
d9204a56e34a1c344391ad4e2c8963c0 0 71400388 1
d9204a56e34a1c344391ad4e2c8963c0 0 70297614 0
d9204a56e34a1c344391ad4e2c8963c0 0 289870320 1
d9204a56e34a1c344391ad4e2c8963c0 0 18605345 1
d9204a56e34a1c344391ad4e2c8963c0 0 18889619 0
d9204a56e34a1c344391ad4e2c8963c0 0 292650217 0
d9204a56e34a1c344391ad4e2c8963c0 0 289562727 0
d9204a56e34a1c344391ad4e2c8963c0 0 292506779 2
d9204a56e34a1c344391ad4e2c8963c0 0 122431139 1
d9204a56e34a1c344391ad4e2c8963c0 0 11586406 0
d9204a56e34a1c344391ad4e2c8963c0 0 303496809 1
d9204a56e34a1c344391ad4e2c8963c0 0 289553606 1
d9204a56e34a1c344391ad4e2c8963c0 0 289559337 1
d9204a56e34a1c344391ad4e2c8963c0 0 290569499 0
d9204a56e34a1c344391ad4e2c8963c0 0 17702458 1
d9204a56e34a1c344391ad4e2c8963c0 0 19030170 1
d9204a56e34a1c344391ad4e2c8963c0 0 275023341 1
d9204a56e34a1c344391ad4e2c8963c0 0 171564558 1
d9204a56e34a1c344391ad4e2c8963c0 0 298286138 1
93552e2eb156f5c55161c41a17f2a01a 0 161107166 2
93552e2eb156f5c55161c41a17f2a01a 0 292068585 2
93552e2eb156f5c55161c41a17f2a01a 0 168089183 2
93552e2eb156f5c55161c41a17f2a01a 0 70311944 1
93552e2eb156f5c55161c41a17f2a01a 0 78107449 1
93552e2eb156f5c55161c41a17f2a01a 0 291810914 2
93552e2eb156f5c55161c41a17f2a01a 0 303816688 2
93552e2eb156f5c55161c41a17f2a01a 0 6502232 2
93552e2eb156f5c55161c41a17f2a01a 0 71400055 2
93552e2eb156f5c55161c41a17f2a01a 0 126886911 1
93552e2eb156f5c55161c41a17f2a01a 0 87173766 1
93552e2eb156f5c55161c41a17f2a01a 0 143246805 2
93552e2eb156f5c55161c41a17f2a01a 0 70311659 1
93552e2eb156f5c55161c41a17f2a01a 0 141745268 1
93552e2eb156f5c55161c41a17f2a01a 0 149923465 2
93552e2eb156f5c55161c41a17f2a01a 0 303973629 2
93552e2eb156f5c55161c41a17f2a01a 0 10972168 2
93552e2eb156f5c55161c41a17f2a01a 0 123318291 2
93552e2eb156f5c55161c41a17f2a01a 0 83005162 1
93552e2eb156f5c55161c41a17f2a01a 0 289579460 2
93552e2eb156f5c55161c41a17f2a01a 0 123537485 1
ed79fa2457530c1961cffee00b364ee5 0 159427242 2
ed79fa2457530c1961cffee00b364ee5 0 276362898 2
ed79fa2457530c1961cffee00b364ee5 0 293025776 2
ed79fa2457530c1961cffee00b364ee5 0 125152150 2
ed79fa2457530c1961cffee00b364ee5 0 301341072 2
ed79fa2457530c1961cffee00b364ee5 0 80476863 2
ed79fa2457530c1961cffee00b364ee5 0 289766045 2
ed79fa2457530c1961cffee00b364ee5 0 4632061 2
ed79fa2457530c1961cffee00b364ee5 0 292568077 2
ed79fa2457530c1961cffee00b364ee5 0 44760181 2
ed79fa2457530c1961cffee00b364ee5 0 275791349 2
ed79fa2457530c1961cffee00b364ee5 0 303922196 2
ed79fa2457530c1961cffee00b364ee5 0 83845801 2
ed79fa2457530c1961cffee00b364ee5 0 286567130 2
ed79fa2457530c1961cffee00b364ee5 0 4633243 2
ed79fa2457530c1961cffee00b364ee5 0 62047199 2
ed79fa2457530c1961cffee00b364ee5 0 38174644 2
ed79fa2457530c1961cffee00b364ee5 0 2337314 2
ed79fa2457530c1961cffee00b364ee5 0 7650059 2
ed79fa2457530c1961cffee00b364ee5 0 54164076 2
ed79fa2457530c1961cffee00b364ee5 0 24884265 2
ed79fa2457530c1961cffee00b364ee5 0 41016795 2
ed79fa2457530c1961cffee00b364ee5 0 292274564 1
ed79fa2457530c1961cffee00b364ee5 0 6257471 2
ed79fa2457530c1961cffee00b364ee5 0 24700677 2
ed79fa2457530c1961cffee00b364ee5 0 9053679 2
ed79fa2457530c1961cffee00b364ee5 0 292661208 2
79915fa3192e4cbc5ff3067084a9bffa 0 37589508 2
79915fa3192e4cbc5ff3067084a9bffa 0 135613402 2
79915fa3192e4cbc5ff3067084a9bffa 0 54174886 0
79915fa3192e4cbc5ff3067084a9bffa 0 79043349 2
79915fa3192e4cbc5ff3067084a9bffa 0 150989728 2
79915fa3192e4cbc5ff3067084a9bffa 0 237904 2
79915fa3192e4cbc5ff3067084a9bffa 0 135973157 2
79915fa3192e4cbc5ff3067084a9bffa 0 123426384 2
79915fa3192e4cbc5ff3067084a9bffa 0 2819431 1
79915fa3192e4cbc5ff3067084a9bffa 0 127010037 2
79915fa3192e4cbc5ff3067084a9bffa 0 86786568 2
79915fa3192e4cbc5ff3067084a9bffa 0 38151852 2
79915fa3192e4cbc5ff3067084a9bffa 0 108803014 1
79915fa3192e4cbc5ff3067084a9bffa 0 19111214 2
79915fa3192e4cbc5ff3067084a9bffa 0 13905408 2
79915fa3192e4cbc5ff3067084a9bffa 0 57619804 2
79915fa3192e4cbc5ff3067084a9bffa 0 126157508 2
79915fa3192e4cbc5ff3067084a9bffa 0 68382638 2
79915fa3192e4cbc5ff3067084a9bffa 0 140341094 1
79915fa3192e4cbc5ff3067084a9bffa 0 142384056 2
79915fa3192e4cbc5ff3067084a9bffa 0 37725735 2
79915fa3192e4cbc5ff3067084a9bffa 0 68365825 2
79915fa3192e4cbc5ff3067084a9bffa 0 293029122 1
79915fa3192e4cbc5ff3067084a9bffa 0 37980203 2
79915fa3192e4cbc5ff3067084a9bffa 0 77526390 1
79915fa3192e4cbc5ff3067084a9bffa 0 11017286 2
081a8a13c4fe322862cbc56d2fd7a58b 0 164610743 2
081a8a13c4fe322862cbc56d2fd7a58b 0 160461202 2
081a8a13c4fe322862cbc56d2fd7a58b 0 48122887 2
081a8a13c4fe322862cbc56d2fd7a58b 0 153567156 2
081a8a13c4fe322862cbc56d2fd7a58b 0 125173606 2
081a8a13c4fe322862cbc56d2fd7a58b 0 125176484 2
081a8a13c4fe322862cbc56d2fd7a58b 0 77865905 2
081a8a13c4fe322862cbc56d2fd7a58b 0 310876365 2
081a8a13c4fe322862cbc56d2fd7a58b 0 123445894 1
081a8a13c4fe322862cbc56d2fd7a58b 0 134976601 2
081a8a13c4fe322862cbc56d2fd7a58b 0 136032130 2
081a8a13c4fe322862cbc56d2fd7a58b 0 297490696 2
081a8a13c4fe322862cbc56d2fd7a58b 0 170701747 2
081a8a13c4fe322862cbc56d2fd7a58b 0 157819169 2
081a8a13c4fe322862cbc56d2fd7a58b 0 156007287 2
081a8a13c4fe322862cbc56d2fd7a58b 0 88924837 2
081a8a13c4fe322862cbc56d2fd7a58b 0 59813372 2
081a8a13c4fe322862cbc56d2fd7a58b 0 164610815 2
081a8a13c4fe322862cbc56d2fd7a58b 0 71431758 2
e06a5a6278f3d948526124bc4c0a7a16 0 145044077 1
e06a5a6278f3d948526124bc4c0a7a16 0 156684857 1
e06a5a6278f3d948526124bc4c0a7a16 0 160672201 0
e06a5a6278f3d948526124bc4c0a7a16 0 46835853 1
e06a5a6278f3d948526124bc4c0a7a16 0 143430439 1
e06a5a6278f3d948526124bc4c0a7a16 0 276253715 1
e06a5a6278f3d948526124bc4c0a7a16 0 165103797 1
e06a5a6278f3d948526124bc4c0a7a16 0 308906390 2
e06a5a6278f3d948526124bc4c0a7a16 0 18056905 0
e06a5a6278f3d948526124bc4c0a7a16 0 166182883 1
e06a5a6278f3d948526124bc4c0a7a16 0 279654485 1
e06a5a6278f3d948526124bc4c0a7a16 0 54167451 0
e06a5a6278f3d948526124bc4c0a7a16 0 305758613 1
e06a5a6278f3d948526124bc4c0a7a16 0 4856698 0
e06a5a6278f3d948526124bc4c0a7a16 0 164415171 2
e06a5a6278f3d948526124bc4c0a7a16 0 290351783 2
e06a5a6278f3d948526124bc4c0a7a16 0 137379140 0
e06a5a6278f3d948526124bc4c0a7a16 0 143803609 2
e06a5a6278f3d948526124bc4c0a7a16 0 276244344 2
e06a5a6278f3d948526124bc4c0a7a16 0 296115204 2
9f53f39aad8fb609c058a13da9148881 0 296090625 0
9f53f39aad8fb609c058a13da9148881 0 129023699 0
9f53f39aad8fb609c058a13da9148881 0 60966292 2
9f53f39aad8fb609c058a13da9148881 0 11934746 2
9f53f39aad8fb609c058a13da9148881 0 304387894 2
9f53f39aad8fb609c058a13da9148881 0 302932896 0
9f53f39aad8fb609c058a13da9148881 0 291499184 2
9f53f39aad8fb609c058a13da9148881 0 172895803 2
9f53f39aad8fb609c058a13da9148881 0 302933768 0
9f53f39aad8fb609c058a13da9148881 0 14352334 1
9f53f39aad8fb609c058a13da9148881 0 301565274 2
9f53f39aad8fb609c058a13da9148881 0 300356242 2
9f53f39aad8fb609c058a13da9148881 0 7594974 1
9f53f39aad8fb609c058a13da9148881 0 7593784 0
9f53f39aad8fb609c058a13da9148881 0 14422509 2
9f53f39aad8fb609c058a13da9148881 0 51871233 1
9f53f39aad8fb609c058a13da9148881 0 7594982 0
9f53f39aad8fb609c058a13da9148881 0 14352617 1
9f53f39aad8fb609c058a13da9148881 0 7609454 1
9f53f39aad8fb609c058a13da9148881 0 258406705 1
9f53f39aad8fb609c058a13da9148881 0 51414009 1
9f53f39aad8fb609c058a13da9148881 0 295977328 1
9f53f39aad8fb609c058a13da9148881 0 160479476 1
9f53f39aad8fb609c058a13da9148881 0 290111760 2
9f53f39aad8fb609c058a13da9148881 0 7593307 2
1bf216d64c70401c54241fc48b650589 0 108580936 2
1bf216d64c70401c54241fc48b650589 0 38614609 2
1bf216d64c70401c54241fc48b650589 0 168039778 2
1bf216d64c70401c54241fc48b650589 0 5241767 1
1bf216d64c70401c54241fc48b650589 0 291579079 2
1bf216d64c70401c54241fc48b650589 0 101086658 2
1bf216d64c70401c54241fc48b650589 0 154185090 2
1bf216d64c70401c54241fc48b650589 0 6706704 1
1bf216d64c70401c54241fc48b650589 0 80040537 1
1bf216d64c70401c54241fc48b650589 0 8035140 1
1bf216d64c70401c54241fc48b650589 0 42981688 0
1bf216d64c70401c54241fc48b650589 0 110085838 2
1bf216d64c70401c54241fc48b650589 0 9146438 1
1bf216d64c70401c54241fc48b650589 0 284909052 1
1bf216d64c70401c54241fc48b650589 0 36384565 2
1bf216d64c70401c54241fc48b650589 0 29905302 1
1bf216d64c70401c54241fc48b650589 0 291318671 1
1bf216d64c70401c54241fc48b650589 0 2266056 2
1bf216d64c70401c54241fc48b650589 0 80363229 1
1bf216d64c70401c54241fc48b650589 0 154077499 2
1bf216d64c70401c54241fc48b650589 0 6699508 1
1bf216d64c70401c54241fc48b650589 0 123005339 1
1bf216d64c70401c54241fc48b650589 0 70585226 1
357430e58b89f8aab997560de0f66e80 0 291384659 2
357430e58b89f8aab997560de0f66e80 0 276104119 2
357430e58b89f8aab997560de0f66e80 0 108425201 2
357430e58b89f8aab997560de0f66e80 0 293015049 2
357430e58b89f8aab997560de0f66e80 0 291424090 2
357430e58b89f8aab997560de0f66e80 0 132819831 1
357430e58b89f8aab997560de0f66e80 0 291903888 2
357430e58b89f8aab997560de0f66e80 0 312542434 2
357430e58b89f8aab997560de0f66e80 0 133373306 2
357430e58b89f8aab997560de0f66e80 0 165817076 2
357430e58b89f8aab997560de0f66e80 0 301684271 2
357430e58b89f8aab997560de0f66e80 0 290446433 2
357430e58b89f8aab997560de0f66e80 0 293029075 1
357430e58b89f8aab997560de0f66e80 0 159564542 2
357430e58b89f8aab997560de0f66e80 0 289499783 2
357430e58b89f8aab997560de0f66e80 0 289846135 2
357430e58b89f8aab997560de0f66e80 0 143477233 2
357430e58b89f8aab997560de0f66e80 0 292346237 1
357430e58b89f8aab997560de0f66e80 0 156031049 2
357430e58b89f8aab997560de0f66e80 0 274817758 2
357430e58b89f8aab997560de0f66e80 0 291952430 1
357430e58b89f8aab997560de0f66e80 0 308764555 2
4726afa301f2ff48fdbc0cb8fd9c516f 0 15025550 2
4726afa301f2ff48fdbc0cb8fd9c516f 0 268358599 2
4726afa301f2ff48fdbc0cb8fd9c516f 0 40068739 2
4726afa301f2ff48fdbc0cb8fd9c516f 0 165133633 2
4726afa301f2ff48fdbc0cb8fd9c516f 0 14094391 2
4726afa301f2ff48fdbc0cb8fd9c516f 0 161406439 2
4726afa301f2ff48fdbc0cb8fd9c516f 0 63338256 2
4726afa301f2ff48fdbc0cb8fd9c516f 0 61677088 2
4726afa301f2ff48fdbc0cb8fd9c516f 0 158506557 2
4726afa301f2ff48fdbc0cb8fd9c516f 0 165133774 2
4726afa301f2ff48fdbc0cb8fd9c516f 0 46136508 2
4726afa301f2ff48fdbc0cb8fd9c516f 0 168969932 2
4726afa301f2ff48fdbc0cb8fd9c516f 0 303765906 2
4726afa301f2ff48fdbc0cb8fd9c516f 0 158942969 2
4726afa301f2ff48fdbc0cb8fd9c516f 0 291600616 2
4726afa301f2ff48fdbc0cb8fd9c516f 0 159447891 2
4726afa301f2ff48fdbc0cb8fd9c516f 0 86768840 2
4726afa301f2ff48fdbc0cb8fd9c516f 0 158732302 2
4726afa301f2ff48fdbc0cb8fd9c516f 0 158732275 2
4726afa301f2ff48fdbc0cb8fd9c516f 0 33903881 2
4726afa301f2ff48fdbc0cb8fd9c516f 0 122083538 2
4726afa301f2ff48fdbc0cb8fd9c516f 0 96066114 2
4726afa301f2ff48fdbc0cb8fd9c516f 0 48217945 2
67bf1399882db064d331402f451f8b26 0 292062389 0
67bf1399882db064d331402f451f8b26 0 88836191 0
67bf1399882db064d331402f451f8b26 0 293187614 0
67bf1399882db064d331402f451f8b26 0 52307414 0
67bf1399882db064d331402f451f8b26 0 287253708 0
67bf1399882db064d331402f451f8b26 0 17221819 1
67bf1399882db064d331402f451f8b26 0 78114866 0
67bf1399882db064d331402f451f8b26 0 5873716 0
67bf1399882db064d331402f451f8b26 0 24756607 0
67bf1399882db064d331402f451f8b26 0 58954071 0
67bf1399882db064d331402f451f8b26 0 42859721 0
67bf1399882db064d331402f451f8b26 0 303524750 0
67bf1399882db064d331402f451f8b26 0 4763943 0
67bf1399882db064d331402f451f8b26 0 85793286 0
67bf1399882db064d331402f451f8b26 0 10652859 1
67bf1399882db064d331402f451f8b26 0 174741013 0
67bf1399882db064d331402f451f8b26 0 24808437 0
67bf1399882db064d331402f451f8b26 0 296356549 0
67bf1399882db064d331402f451f8b26 0 293022940 0
67bf1399882db064d331402f451f8b26 0 85603129 0
67bf1399882db064d331402f451f8b26 0 37625740 0
67bf1399882db064d331402f451f8b26 0 309032701 0
67bf1399882db064d331402f451f8b26 0 309030794 0
67bf1399882db064d331402f451f8b26 0 24734584 0
67bf1399882db064d331402f451f8b26 0 52211926 0
67bf1399882db064d331402f451f8b26 0 148052578 0
67bf1399882db064d331402f451f8b26 0 298278232 0
67bf1399882db064d331402f451f8b26 0 163915519 0
116e791922ed83468b9685eba8b0e6a3 0 68448346 0
116e791922ed83468b9685eba8b0e6a3 0 298931285 2
116e791922ed83468b9685eba8b0e6a3 0 96709359 2
116e791922ed83468b9685eba8b0e6a3 0 201658 2
116e791922ed83468b9685eba8b0e6a3 0 19026491 1
116e791922ed83468b9685eba8b0e6a3 0 308896601 0
116e791922ed83468b9685eba8b0e6a3 0 44156250 2
116e791922ed83468b9685eba8b0e6a3 0 120118747 0
116e791922ed83468b9685eba8b0e6a3 0 159815485 1
116e791922ed83468b9685eba8b0e6a3 0 144698591 2
116e791922ed83468b9685eba8b0e6a3 0 284783296 2
116e791922ed83468b9685eba8b0e6a3 0 302971722 0
116e791922ed83468b9685eba8b0e6a3 0 67177988 2
116e791922ed83468b9685eba8b0e6a3 0 69792051 1
116e791922ed83468b9685eba8b0e6a3 0 159138608 0
116e791922ed83468b9685eba8b0e6a3 0 33913722 0
116e791922ed83468b9685eba8b0e6a3 0 18771823 2
116e791922ed83468b9685eba8b0e6a3 0 112350291 0
116e791922ed83468b9685eba8b0e6a3 0 83539517 2
116e791922ed83468b9685eba8b0e6a3 0 148546027 1
116e791922ed83468b9685eba8b0e6a3 0 18641686 2
34b7db10871b2425e44af504623590e3 0 143685703 2
34b7db10871b2425e44af504623590e3 0 39845006 2
34b7db10871b2425e44af504623590e3 0 291398291 2
34b7db10871b2425e44af504623590e3 0 290557596 2
34b7db10871b2425e44af504623590e3 0 290570956 2
34b7db10871b2425e44af504623590e3 0 14720369 2
34b7db10871b2425e44af504623590e3 0 85860364 0
34b7db10871b2425e44af504623590e3 0 291374822 2
34b7db10871b2425e44af504623590e3 0 44983756 0
34b7db10871b2425e44af504623590e3 0 289482792 2
34b7db10871b2425e44af504623590e3 0 51681718 2
34b7db10871b2425e44af504623590e3 0 291389749 1
34b7db10871b2425e44af504623590e3 0 85858880 1
34b7db10871b2425e44af504623590e3 0 141443303 2
34b7db10871b2425e44af504623590e3 0 290578001 2
34b7db10871b2425e44af504623590e3 0 26188476 1
34b7db10871b2425e44af504623590e3 0 302756922 2
34b7db10871b2425e44af504623590e3 0 40709578 1
34b7db10871b2425e44af504623590e3 0 64779618 1
34b7db10871b2425e44af504623590e3 0 302692826 2
34b7db10871b2425e44af504623590e3 0 298520661 2
34b7db10871b2425e44af504623590e3 0 46559774 2
34b7db10871b2425e44af504623590e3 0 85859369 2
34b7db10871b2425e44af504623590e3 0 78115730 2
4f6aeec241df5b2a68ef8109473935cb 0 285305359 1
4f6aeec241df5b2a68ef8109473935cb 0 171819701 1
4f6aeec241df5b2a68ef8109473935cb 0 292649508 2
4f6aeec241df5b2a68ef8109473935cb 0 165117904 2
4f6aeec241df5b2a68ef8109473935cb 0 152601439 2
4f6aeec241df5b2a68ef8109473935cb 0 292569689 1
4f6aeec241df5b2a68ef8109473935cb 0 149984809 2
4f6aeec241df5b2a68ef8109473935cb 0 292538714 2
4f6aeec241df5b2a68ef8109473935cb 0 312116850 1
4f6aeec241df5b2a68ef8109473935cb 0 146974531 1
4f6aeec241df5b2a68ef8109473935cb 0 311162057 2
4f6aeec241df5b2a68ef8109473935cb 0 70303513 0
4f6aeec241df5b2a68ef8109473935cb 0 147740327 1
4f6aeec241df5b2a68ef8109473935cb 0 298330552 2
4f6aeec241df5b2a68ef8109473935cb 0 30667082 0
4f6aeec241df5b2a68ef8109473935cb 0 109784533 2
4f6aeec241df5b2a68ef8109473935cb 0 132172328 0
4f6aeec241df5b2a68ef8109473935cb 0 292503630 2
4f6aeec241df5b2a68ef8109473935cb 0 298330631 1
4f6aeec241df5b2a68ef8109473935cb 0 301794147 2
58fd19c62fe32b0064fa514d5b699359 0 157250786 2
58fd19c62fe32b0064fa514d5b699359 0 292280186 2
58fd19c62fe32b0064fa514d5b699359 0 171663364 2
58fd19c62fe32b0064fa514d5b699359 0 161548302 2
58fd19c62fe32b0064fa514d5b699359 0 274997265 2
58fd19c62fe32b0064fa514d5b699359 0 292706878 2
58fd19c62fe32b0064fa514d5b699359 0 164157368 2
58fd19c62fe32b0064fa514d5b699359 0 293422547 2
58fd19c62fe32b0064fa514d5b699359 0 164873563 2
58fd19c62fe32b0064fa514d5b699359 0 168089162 2
58fd19c62fe32b0064fa514d5b699359 0 302776063 2
58fd19c62fe32b0064fa514d5b699359 0 304489137 2
58fd19c62fe32b0064fa514d5b699359 0 153460535 2
58fd19c62fe32b0064fa514d5b699359 0 300231109 2
58fd19c62fe32b0064fa514d5b699359 0 161326438 2
58fd19c62fe32b0064fa514d5b699359 0 290344383 2
58fd19c62fe32b0064fa514d5b699359 0 171663273 2
58fd19c62fe32b0064fa514d5b699359 0 291091796 2
58fd19c62fe32b0064fa514d5b699359 0 297851474 2
58fd19c62fe32b0064fa514d5b699359 0 301699145 2
58fd19c62fe32b0064fa514d5b699359 0 145009159 2
58fd19c62fe32b0064fa514d5b699359 0 152447735 2
58fd19c62fe32b0064fa514d5b699359 0 172263498 2
66d27ab9f8c1302bad8574f588406046 0 292555567 2
66d27ab9f8c1302bad8574f588406046 0 164089764 1
66d27ab9f8c1302bad8574f588406046 0 37993542 0
66d27ab9f8c1302bad8574f588406046 0 59021700 1
66d27ab9f8c1302bad8574f588406046 0 161267915 2
66d27ab9f8c1302bad8574f588406046 0 168174285 1
66d27ab9f8c1302bad8574f588406046 0 164080733 1
66d27ab9f8c1302bad8574f588406046 0 162186115 2
66d27ab9f8c1302bad8574f588406046 0 129231706 2
66d27ab9f8c1302bad8574f588406046 0 79193147 2
66d27ab9f8c1302bad8574f588406046 0 141763300 1
66d27ab9f8c1302bad8574f588406046 0 144562514 2
66d27ab9f8c1302bad8574f588406046 0 153319372 2
66d27ab9f8c1302bad8574f588406046 0 78559314 2
7913830a5c5ab3c239d4063a349dec98 0 26690445 2
7913830a5c5ab3c239d4063a349dec98 0 27747309 1
7913830a5c5ab3c239d4063a349dec98 0 4762353 2
7913830a5c5ab3c239d4063a349dec98 0 34078201 2
7913830a5c5ab3c239d4063a349dec98 0 74709006 2
7913830a5c5ab3c239d4063a349dec98 0 8865984 2
7913830a5c5ab3c239d4063a349dec98 0 2502754 1
7913830a5c5ab3c239d4063a349dec98 0 18699289 2
7913830a5c5ab3c239d4063a349dec98 0 50252270 2
7913830a5c5ab3c239d4063a349dec98 0 6249686 2
7913830a5c5ab3c239d4063a349dec98 0 62307066 2
7913830a5c5ab3c239d4063a349dec98 0 8866859 1
7913830a5c5ab3c239d4063a349dec98 0 292661594 2
7913830a5c5ab3c239d4063a349dec98 0 2589702 1
7913830a5c5ab3c239d4063a349dec98 0 33379915 2
7913830a5c5ab3c239d4063a349dec98 0 7769837 2
7913830a5c5ab3c239d4063a349dec98 0 43513868 2
7913830a5c5ab3c239d4063a349dec98 0 27581637 2
7913830a5c5ab3c239d4063a349dec98 0 44765035 2
0743b48256f396ad4f803a4575927613 0 39986360 2
0743b48256f396ad4f803a4575927613 0 59076746 2
0743b48256f396ad4f803a4575927613 0 50611816 1
0743b48256f396ad4f803a4575927613 0 66846939 0
0743b48256f396ad4f803a4575927613 0 53880027 2
0743b48256f396ad4f803a4575927613 0 292283711 2
0743b48256f396ad4f803a4575927613 0 31398391 1
0743b48256f396ad4f803a4575927613 0 75063338 1
0743b48256f396ad4f803a4575927613 0 68451577 0
0743b48256f396ad4f803a4575927613 0 71265310 2
0743b48256f396ad4f803a4575927613 0 38557756 2
0743b48256f396ad4f803a4575927613 0 120280475 1
0743b48256f396ad4f803a4575927613 0 11405263 1
0743b48256f396ad4f803a4575927613 0 69932409 1
0743b48256f396ad4f803a4575927613 0 8594973 2
0743b48256f396ad4f803a4575927613 0 85255194 1
0743b48256f396ad4f803a4575927613 0 70488986 1
0743b48256f396ad4f803a4575927613 0 168349143 0
0743b48256f396ad4f803a4575927613 0 33766026 2
0743b48256f396ad4f803a4575927613 0 302703970 2
0743b48256f396ad4f803a4575927613 0 160435547 0
0743b48256f396ad4f803a4575927613 0 99611136 0
0743b48256f396ad4f803a4575927613 0 40302607 0
0743b48256f396ad4f803a4575927613 0 33135444 2
cf62d1840ba5d5b67a13a9face49845a 0 296039982 1
cf62d1840ba5d5b67a13a9face49845a 0 121440197 1
cf62d1840ba5d5b67a13a9face49845a 0 276242468 1
cf62d1840ba5d5b67a13a9face49845a 0 289669761 1
cf62d1840ba5d5b67a13a9face49845a 0 168278577 1
cf62d1840ba5d5b67a13a9face49845a 0 170994132 0
cf62d1840ba5d5b67a13a9face49845a 0 167164824 1
cf62d1840ba5d5b67a13a9face49845a 0 291150459 1
cf62d1840ba5d5b67a13a9face49845a 0 170314674 1
cf62d1840ba5d5b67a13a9face49845a 0 155174811 1
cf62d1840ba5d5b67a13a9face49845a 0 301584797 1
cf62d1840ba5d5b67a13a9face49845a 0 171562277 1
cf62d1840ba5d5b67a13a9face49845a 0 168041474 1
cf62d1840ba5d5b67a13a9face49845a 0 170421330 1
cf62d1840ba5d5b67a13a9face49845a 0 170314760 1
c7f4279af1b23758d6477607a2bbcefa 0 301246978 1
c7f4279af1b23758d6477607a2bbcefa 0 2728997 1
c7f4279af1b23758d6477607a2bbcefa 0 298352704 2
c7f4279af1b23758d6477607a2bbcefa 0 301771335 2
c7f4279af1b23758d6477607a2bbcefa 0 6277731 0
c7f4279af1b23758d6477607a2bbcefa 0 11444456 2
c7f4279af1b23758d6477607a2bbcefa 0 156006580 2
c7f4279af1b23758d6477607a2bbcefa 0 8059079 1
c7f4279af1b23758d6477607a2bbcefa 0 6439658 2
c7f4279af1b23758d6477607a2bbcefa 0 298119864 2
c7f4279af1b23758d6477607a2bbcefa 0 15031609 2
c7f4279af1b23758d6477607a2bbcefa 0 71186182 1
c7f4279af1b23758d6477607a2bbcefa 0 300231394 2
c7f4279af1b23758d6477607a2bbcefa 0 289765609 2
c7f4279af1b23758d6477607a2bbcefa 0 145608070 2
c7f4279af1b23758d6477607a2bbcefa 0 145736689 2
c7f4279af1b23758d6477607a2bbcefa 0 289528168 2
c7f4279af1b23758d6477607a2bbcefa 0 292832565 2
c7f4279af1b23758d6477607a2bbcefa 0 2860289 2
c7f4279af1b23758d6477607a2bbcefa 0 45608381 1
c7f4279af1b23758d6477607a2bbcefa 0 290848339 2
c7f4279af1b23758d6477607a2bbcefa 0 301572243 2
85ac80d97bbb5c56881e357b9c6a7a7a 0 46432059 1
85ac80d97bbb5c56881e357b9c6a7a7a 0 139439291 2
85ac80d97bbb5c56881e357b9c6a7a7a 0 52670347 0
85ac80d97bbb5c56881e357b9c6a7a7a 0 51722309 0
85ac80d97bbb5c56881e357b9c6a7a7a 0 34103423 0
85ac80d97bbb5c56881e357b9c6a7a7a 0 46447641 1
85ac80d97bbb5c56881e357b9c6a7a7a 0 10280850 0
85ac80d97bbb5c56881e357b9c6a7a7a 0 31418111 0
85ac80d97bbb5c56881e357b9c6a7a7a 0 44762336 1
85ac80d97bbb5c56881e357b9c6a7a7a 0 71681209 1
85ac80d97bbb5c56881e357b9c6a7a7a 0 31560915 0
85ac80d97bbb5c56881e357b9c6a7a7a 0 291832015 0
85ac80d97bbb5c56881e357b9c6a7a7a 0 140115791 1
85ac80d97bbb5c56881e357b9c6a7a7a 0 275718519 0
85ac80d97bbb5c56881e357b9c6a7a7a 0 34023209 2
1c4bc3e0f4bf5add8b37a379e3910463 0 289767023 1
1c4bc3e0f4bf5add8b37a379e3910463 0 291908738 0
1c4bc3e0f4bf5add8b37a379e3910463 0 289758609 2
1c4bc3e0f4bf5add8b37a379e3910463 0 304943163 1
1c4bc3e0f4bf5add8b37a379e3910463 0 16269277 0
1c4bc3e0f4bf5add8b37a379e3910463 0 287302257 1
1c4bc3e0f4bf5add8b37a379e3910463 0 308894066 0
1c4bc3e0f4bf5add8b37a379e3910463 0 30673538 0
1c4bc3e0f4bf5add8b37a379e3910463 0 42820794 1
1c4bc3e0f4bf5add8b37a379e3910463 0 37994368 0
1c4bc3e0f4bf5add8b37a379e3910463 0 301823887 1
1c4bc3e0f4bf5add8b37a379e3910463 0 286351784 1
1c4bc3e0f4bf5add8b37a379e3910463 0 276266045 0
1c4bc3e0f4bf5add8b37a379e3910463 0 139960656 0
1c4bc3e0f4bf5add8b37a379e3910463 0 308775268 1
1c4bc3e0f4bf5add8b37a379e3910463 0 17474794 0
1c4bc3e0f4bf5add8b37a379e3910463 0 284742637 0
1c4bc3e0f4bf5add8b37a379e3910463 0 2658863 1
1c4bc3e0f4bf5add8b37a379e3910463 0 171722353 1
1c4bc3e0f4bf5add8b37a379e3910463 0 262162 0
1c4bc3e0f4bf5add8b37a379e3910463 0 293239846 1
1c4bc3e0f4bf5add8b37a379e3910463 0 8016988 0
1c4bc3e0f4bf5add8b37a379e3910463 0 10676959 0
1c4bc3e0f4bf5add8b37a379e3910463 0 276481947 0
1c4bc3e0f4bf5add8b37a379e3910463 0 303837618 2
1c4bc3e0f4bf5add8b37a379e3910463 0 228178477 1
1c4bc3e0f4bf5add8b37a379e3910463 0 10551381 0
cf0a23a14082d55d74fad12e78a868e6 0 293791967 1
cf0a23a14082d55d74fad12e78a868e6 0 150546697 1
cf0a23a14082d55d74fad12e78a868e6 0 151198686 2
cf0a23a14082d55d74fad12e78a868e6 0 292484777 0
cf0a23a14082d55d74fad12e78a868e6 0 150468985 0
cf0a23a14082d55d74fad12e78a868e6 0 50064968 0
cf0a23a14082d55d74fad12e78a868e6 0 292651555 0
cf0a23a14082d55d74fad12e78a868e6 0 292270973 0
cf0a23a14082d55d74fad12e78a868e6 0 86784693 0
cf0a23a14082d55d74fad12e78a868e6 0 109864300 0
cf0a23a14082d55d74fad12e78a868e6 0 233117821 2
cf0a23a14082d55d74fad12e78a868e6 0 292924535 0
cf0a23a14082d55d74fad12e78a868e6 0 19056702 0
cf0a23a14082d55d74fad12e78a868e6 0 9865177 0
cf0a23a14082d55d74fad12e78a868e6 0 304033721 0
cf0a23a14082d55d74fad12e78a868e6 0 296015879 2
cf0a23a14082d55d74fad12e78a868e6 0 192238248 0
cf0a23a14082d55d74fad12e78a868e6 0 311676130 0
cf0a23a14082d55d74fad12e78a868e6 0 171472466 2
cf0a23a14082d55d74fad12e78a868e6 0 152499994 0
cf0a23a14082d55d74fad12e78a868e6 0 311293087 0
bde93b8e8293890c7cbf1a42fbfede2b 0 283172831 2
bde93b8e8293890c7cbf1a42fbfede2b 0 21837071 2
bde93b8e8293890c7cbf1a42fbfede2b 0 33543762 2
bde93b8e8293890c7cbf1a42fbfede2b 0 51792373 2
bde93b8e8293890c7cbf1a42fbfede2b 0 45232171 2
bde93b8e8293890c7cbf1a42fbfede2b 0 18951771 2
bde93b8e8293890c7cbf1a42fbfede2b 0 9189884 2
bde93b8e8293890c7cbf1a42fbfede2b 0 11716562 2
bde93b8e8293890c7cbf1a42fbfede2b 0 10566329 2
bde93b8e8293890c7cbf1a42fbfede2b 0 126955191 2
bde93b8e8293890c7cbf1a42fbfede2b 0 9170087 2
bde93b8e8293890c7cbf1a42fbfede2b 0 22466824 2
bde93b8e8293890c7cbf1a42fbfede2b 0 123483418 2
bde93b8e8293890c7cbf1a42fbfede2b 0 174756927 2
bde93b8e8293890c7cbf1a42fbfede2b 0 34099761 2
bde93b8e8293890c7cbf1a42fbfede2b 0 47505064 2
bde93b8e8293890c7cbf1a42fbfede2b 0 121660187 2
bde93b8e8293890c7cbf1a42fbfede2b 0 64089426 2
bde93b8e8293890c7cbf1a42fbfede2b 0 301310658 2
bde93b8e8293890c7cbf1a42fbfede2b 0 10997482 2
bde93b8e8293890c7cbf1a42fbfede2b 0 132318534 2
bde93b8e8293890c7cbf1a42fbfede2b 0 151782105 2
bde93b8e8293890c7cbf1a42fbfede2b 0 140055636 2
bde93b8e8293890c7cbf1a42fbfede2b 0 33670168 2
bde93b8e8293890c7cbf1a42fbfede2b 0 5180733 2
bde93b8e8293890c7cbf1a42fbfede2b 0 10960712 2
5fd845420b105f529c31c74fb86504c5 0 298119868 1
5fd845420b105f529c31c74fb86504c5 0 46355735 1
5fd845420b105f529c31c74fb86504c5 0 158723956 2
5fd845420b105f529c31c74fb86504c5 0 274846759 2
5fd845420b105f529c31c74fb86504c5 0 301423240 2
5fd845420b105f529c31c74fb86504c5 0 310947324 2
5fd845420b105f529c31c74fb86504c5 0 170430996 2
5fd845420b105f529c31c74fb86504c5 0 154448780 2
5fd845420b105f529c31c74fb86504c5 0 295527207 2
5fd845420b105f529c31c74fb86504c5 0 34227300 2
5fd845420b105f529c31c74fb86504c5 0 291430522 1
5fd845420b105f529c31c74fb86504c5 0 22885251 2
5fd845420b105f529c31c74fb86504c5 0 276361472 2
5fd845420b105f529c31c74fb86504c5 0 148368216 2
5fd845420b105f529c31c74fb86504c5 0 292832065 2
5fd845420b105f529c31c74fb86504c5 0 291419734 2
5fd845420b105f529c31c74fb86504c5 0 33974370 2
5fd845420b105f529c31c74fb86504c5 0 172080815 1
5fd845420b105f529c31c74fb86504c5 0 166625509 2
5fd845420b105f529c31c74fb86504c5 0 304862605 2
5fd845420b105f529c31c74fb86504c5 0 162220364 2
5fd845420b105f529c31c74fb86504c5 0 303096117 2
5fd845420b105f529c31c74fb86504c5 0 310982383 2
5fd845420b105f529c31c74fb86504c5 0 26238544 1
4e77c925361a8d32d581b13dbb7e3f7e 0 7075968 2
4e77c925361a8d32d581b13dbb7e3f7e 0 15009991 2
4e77c925361a8d32d581b13dbb7e3f7e 0 158936838 2
4e77c925361a8d32d581b13dbb7e3f7e 0 276259828 2
4e77c925361a8d32d581b13dbb7e3f7e 0 151005459 2
4e77c925361a8d32d581b13dbb7e3f7e 0 37732052 1
4e77c925361a8d32d581b13dbb7e3f7e 0 136792154 1
4e77c925361a8d32d581b13dbb7e3f7e 0 8858513 2
4e77c925361a8d32d581b13dbb7e3f7e 0 75198786 2
4e77c925361a8d32d581b13dbb7e3f7e 0 151005458 2
4e77c925361a8d32d581b13dbb7e3f7e 0 158936837 2
4e77c925361a8d32d581b13dbb7e3f7e 0 157125694 2
4e77c925361a8d32d581b13dbb7e3f7e 0 8882291 2
4e77c925361a8d32d581b13dbb7e3f7e 0 46221268 2
4e77c925361a8d32d581b13dbb7e3f7e 0 159106849 2
4e77c925361a8d32d581b13dbb7e3f7e 0 293851601 2
4e77c925361a8d32d581b13dbb7e3f7e 0 297508021 2
4e77c925361a8d32d581b13dbb7e3f7e 0 66929807 2
6110331bfb6045900ddc497b9fcdc0e8 0 158039206 1
6110331bfb6045900ddc497b9fcdc0e8 0 140144654 1
6110331bfb6045900ddc497b9fcdc0e8 0 171411875 1
6110331bfb6045900ddc497b9fcdc0e8 0 170564496 2
6110331bfb6045900ddc497b9fcdc0e8 0 276101825 2
6110331bfb6045900ddc497b9fcdc0e8 0 160737569 1
6110331bfb6045900ddc497b9fcdc0e8 0 161535009 1
6110331bfb6045900ddc497b9fcdc0e8 0 170190105 2
6110331bfb6045900ddc497b9fcdc0e8 0 171541986 2
6110331bfb6045900ddc497b9fcdc0e8 0 291380871 0
6110331bfb6045900ddc497b9fcdc0e8 0 158110740 1
6110331bfb6045900ddc497b9fcdc0e8 0 279645155 2
6110331bfb6045900ddc497b9fcdc0e8 0 152949974 2
6110331bfb6045900ddc497b9fcdc0e8 0 292044752 1
6110331bfb6045900ddc497b9fcdc0e8 0 143396552 2
6110331bfb6045900ddc497b9fcdc0e8 0 289556482 2
6110331bfb6045900ddc497b9fcdc0e8 0 169088145 0
6110331bfb6045900ddc497b9fcdc0e8 0 301420750 2
6110331bfb6045900ddc497b9fcdc0e8 0 159443435 1
b791ff63a203b978cd20beac6597d084 0 291521632 2
b791ff63a203b978cd20beac6597d084 0 159422864 2
b791ff63a203b978cd20beac6597d084 0 4874036 2
b791ff63a203b978cd20beac6597d084 0 7175156 2
b791ff63a203b978cd20beac6597d084 0 24969514 0
b791ff63a203b978cd20beac6597d084 0 295844408 2
b791ff63a203b978cd20beac6597d084 0 296126261 2
b791ff63a203b978cd20beac6597d084 0 8753641 2
b791ff63a203b978cd20beac6597d084 0 3023263 2
b791ff63a203b978cd20beac6597d084 0 169309100 2
b791ff63a203b978cd20beac6597d084 0 4857318 1
b791ff63a203b978cd20beac6597d084 0 2121030 1
b791ff63a203b978cd20beac6597d084 0 4869143 2
b791ff63a203b978cd20beac6597d084 0 3024245 1
b791ff63a203b978cd20beac6597d084 0 3023422 2
b791ff63a203b978cd20beac6597d084 0 3023819 2
b791ff63a203b978cd20beac6597d084 0 8029271 2
b791ff63a203b978cd20beac6597d084 0 58824536 1
b791ff63a203b978cd20beac6597d084 0 79499324 2
b791ff63a203b978cd20beac6597d084 0 62557719 2
b791ff63a203b978cd20beac6597d084 0 3024225 2
6513b320bfbcd0ed11d192b17f985131 0 308800663 2
6513b320bfbcd0ed11d192b17f985131 0 87527753 2
6513b320bfbcd0ed11d192b17f985131 0 148365832 2
6513b320bfbcd0ed11d192b17f985131 0 66900603 2
6513b320bfbcd0ed11d192b17f985131 0 86694518 2
6513b320bfbcd0ed11d192b17f985131 0 148286164 2
6513b320bfbcd0ed11d192b17f985131 0 128584423 2
6513b320bfbcd0ed11d192b17f985131 0 160434124 2
6513b320bfbcd0ed11d192b17f985131 0 151184488 2
6513b320bfbcd0ed11d192b17f985131 0 138520889 2
6513b320bfbcd0ed11d192b17f985131 0 19486208 2
6513b320bfbcd0ed11d192b17f985131 0 167804811 2
6513b320bfbcd0ed11d192b17f985131 0 152366311 2
6513b320bfbcd0ed11d192b17f985131 0 11358651 2
6513b320bfbcd0ed11d192b17f985131 0 138459341 2
6513b320bfbcd0ed11d192b17f985131 0 275734263 2
6513b320bfbcd0ed11d192b17f985131 0 128971157 1
6513b320bfbcd0ed11d192b17f985131 0 275808451 2
6513b320bfbcd0ed11d192b17f985131 0 168225392 2
6513b320bfbcd0ed11d192b17f985131 0 159483302 2
6513b320bfbcd0ed11d192b17f985131 0 33962312 2
6513b320bfbcd0ed11d192b17f985131 0 159483476 1
6513b320bfbcd0ed11d192b17f985131 0 149900196 2
6513b320bfbcd0ed11d192b17f985131 0 4209598 2
5f07a7f0a83de807eee3213560a3467c 0 24810669 0
5f07a7f0a83de807eee3213560a3467c 0 157568825 0
5f07a7f0a83de807eee3213560a3467c 0 718359 0
5f07a7f0a83de807eee3213560a3467c 0 161853613 0
5f07a7f0a83de807eee3213560a3467c 0 290343931 0
5f07a7f0a83de807eee3213560a3467c 0 148919796 0
5f07a7f0a83de807eee3213560a3467c 0 54162964 0
5f07a7f0a83de807eee3213560a3467c 0 291798094 0
5f07a7f0a83de807eee3213560a3467c 0 54162225 0
5f07a7f0a83de807eee3213560a3467c 0 24763700 0
5f07a7f0a83de807eee3213560a3467c 0 145573118 0
5f07a7f0a83de807eee3213560a3467c 0 55883861 0
5f07a7f0a83de807eee3213560a3467c 0 299848939 1
5f07a7f0a83de807eee3213560a3467c 0 44610264 0
5f07a7f0a83de807eee3213560a3467c 0 17181552 0
5f07a7f0a83de807eee3213560a3467c 0 42844920 0
5f07a7f0a83de807eee3213560a3467c 0 290104829 0
5f07a7f0a83de807eee3213560a3467c 0 52224589 0
5f07a7f0a83de807eee3213560a3467c 0 300137886 0
5f07a7f0a83de807eee3213560a3467c 0 59115620 0
5f07a7f0a83de807eee3213560a3467c 0 274997586 0
5f07a7f0a83de807eee3213560a3467c 0 24763754 0
5f07a7f0a83de807eee3213560a3467c 0 168799775 0
5f07a7f0a83de807eee3213560a3467c 0 49551040 0
5f07a7f0a83de807eee3213560a3467c 0 156686913 0
5f07a7f0a83de807eee3213560a3467c 0 291377995 0
5f07a7f0a83de807eee3213560a3467c 0 2246874 0
5f07a7f0a83de807eee3213560a3467c 0 17145530 0
5f07a7f0a83de807eee3213560a3467c 0 18094167 0
2c19f7bf825bc626b8ec40399ae413f8 0 23063840 2
2c19f7bf825bc626b8ec40399ae413f8 0 170695531 2
2c19f7bf825bc626b8ec40399ae413f8 0 291230960 2
2c19f7bf825bc626b8ec40399ae413f8 0 301700317 2
2c19f7bf825bc626b8ec40399ae413f8 0 152388062 2
2c19f7bf825bc626b8ec40399ae413f8 0 125886736 2
2c19f7bf825bc626b8ec40399ae413f8 0 81695091 2
2c19f7bf825bc626b8ec40399ae413f8 0 150251305 2
2c19f7bf825bc626b8ec40399ae413f8 0 128969988 2
2c19f7bf825bc626b8ec40399ae413f8 0 158034365 2
2c19f7bf825bc626b8ec40399ae413f8 0 11011598 2
2c19f7bf825bc626b8ec40399ae413f8 0 167650717 2
2c19f7bf825bc626b8ec40399ae413f8 0 63242100 2
2c19f7bf825bc626b8ec40399ae413f8 0 107380628 1
2c19f7bf825bc626b8ec40399ae413f8 0 158040747 2
2c19f7bf825bc626b8ec40399ae413f8 0 276239414 2
2c19f7bf825bc626b8ec40399ae413f8 0 70301637 2
2c19f7bf825bc626b8ec40399ae413f8 0 122233030 2
2c19f7bf825bc626b8ec40399ae413f8 0 128662394 2
2c19f7bf825bc626b8ec40399ae413f8 0 123388859 2
2c19f7bf825bc626b8ec40399ae413f8 0 291468600 2
394376c1c20bfe2fc9f3896f1193a855 0 25370646 1
394376c1c20bfe2fc9f3896f1193a855 0 171843772 2
394376c1c20bfe2fc9f3896f1193a855 0 125790167 2
394376c1c20bfe2fc9f3896f1193a855 0 50513660 2
394376c1c20bfe2fc9f3896f1193a855 0 162442200 2
394376c1c20bfe2fc9f3896f1193a855 0 289646570 2
394376c1c20bfe2fc9f3896f1193a855 0 166972 2
394376c1c20bfe2fc9f3896f1193a855 0 10970184 2
394376c1c20bfe2fc9f3896f1193a855 0 47001199 2
394376c1c20bfe2fc9f3896f1193a855 0 26246565 2
394376c1c20bfe2fc9f3896f1193a855 0 44978373 2
394376c1c20bfe2fc9f3896f1193a855 0 136053837 2
394376c1c20bfe2fc9f3896f1193a855 0 291087533 2
394376c1c20bfe2fc9f3896f1193a855 0 26258682 2
394376c1c20bfe2fc9f3896f1193a855 0 45614331 2
394376c1c20bfe2fc9f3896f1193a855 0 43525871 2
394376c1c20bfe2fc9f3896f1193a855 0 84002733 2
394376c1c20bfe2fc9f3896f1193a855 0 292487433 2
394376c1c20bfe2fc9f3896f1193a855 0 50340660 2
394376c1c20bfe2fc9f3896f1193a855 0 31067792 2
394376c1c20bfe2fc9f3896f1193a855 0 298421157 2
394376c1c20bfe2fc9f3896f1193a855 0 51383967 2
394376c1c20bfe2fc9f3896f1193a855 0 41410437 2
394376c1c20bfe2fc9f3896f1193a855 0 310985728 1
394376c1c20bfe2fc9f3896f1193a855 0 227286030 2
394376c1c20bfe2fc9f3896f1193a855 0 46781287 2
9d698ee46c1f1ec0c697e69fc138133c 0 590122 0
9d698ee46c1f1ec0c697e69fc138133c 0 1132865 1
9d698ee46c1f1ec0c697e69fc138133c 0 42857400 1
9d698ee46c1f1ec0c697e69fc138133c 0 132121905 0
9d698ee46c1f1ec0c697e69fc138133c 0 17201854 0
9d698ee46c1f1ec0c697e69fc138133c 0 100887384 1
9d698ee46c1f1ec0c697e69fc138133c 0 276120121 2
9d698ee46c1f1ec0c697e69fc138133c 0 1058320 0
9d698ee46c1f1ec0c697e69fc138133c 0 84867096 0
9d698ee46c1f1ec0c697e69fc138133c 0 139198274 2
9d698ee46c1f1ec0c697e69fc138133c 0 100958556 2
9d698ee46c1f1ec0c697e69fc138133c 0 135917542 1
9d698ee46c1f1ec0c697e69fc138133c 0 160073859 1
9d698ee46c1f1ec0c697e69fc138133c 0 138405497 1
9d698ee46c1f1ec0c697e69fc138133c 0 14314808 0
9d698ee46c1f1ec0c697e69fc138133c 0 129598425 2
9d698ee46c1f1ec0c697e69fc138133c 0 120230694 0
9d698ee46c1f1ec0c697e69fc138133c 0 17051815 0
9d698ee46c1f1ec0c697e69fc138133c 0 86533723 0
9d698ee46c1f1ec0c697e69fc138133c 0 4921422 1
9d698ee46c1f1ec0c697e69fc138133c 0 63004634 0
70a7a4c11f729b8ced811befa82aa2b7 0 276161332 2
70a7a4c11f729b8ced811befa82aa2b7 0 148824472 2
70a7a4c11f729b8ced811befa82aa2b7 0 276245212 2
70a7a4c11f729b8ced811befa82aa2b7 0 284847755 2
70a7a4c11f729b8ced811befa82aa2b7 0 240536999 2
70a7a4c11f729b8ced811befa82aa2b7 0 305658750 2
70a7a4c11f729b8ced811befa82aa2b7 0 304073040 1
70a7a4c11f729b8ced811befa82aa2b7 0 81792389 2
70a7a4c11f729b8ced811befa82aa2b7 0 292792250 2
70a7a4c11f729b8ced811befa82aa2b7 0 299875673 2
70a7a4c11f729b8ced811befa82aa2b7 0 291431823 2
70a7a4c11f729b8ced811befa82aa2b7 0 292270717 2
70a7a4c11f729b8ced811befa82aa2b7 0 148924098 0
70a7a4c11f729b8ced811befa82aa2b7 0 9604047 1
70a7a4c11f729b8ced811befa82aa2b7 0 292270708 2
70a7a4c11f729b8ced811befa82aa2b7 0 292370855 2
70a7a4c11f729b8ced811befa82aa2b7 0 289702624 2
70a7a4c11f729b8ced811befa82aa2b7 0 162020061 1
70a7a4c11f729b8ced811befa82aa2b7 0 248695925 2
70a7a4c11f729b8ced811befa82aa2b7 0 301709089 2
70a7a4c11f729b8ced811befa82aa2b7 0 310910542 2
70a7a4c11f729b8ced811befa82aa2b7 0 274997459 2
42fc2e2be3ac49c6564dd47816dda6ef 0 19055109 0
42fc2e2be3ac49c6564dd47816dda6ef 0 64092315 2
42fc2e2be3ac49c6564dd47816dda6ef 0 122845362 2
42fc2e2be3ac49c6564dd47816dda6ef 0 274803195 1
42fc2e2be3ac49c6564dd47816dda6ef 0 276158854 1
42fc2e2be3ac49c6564dd47816dda6ef 0 17475955 1
42fc2e2be3ac49c6564dd47816dda6ef 0 7803127 2
42fc2e2be3ac49c6564dd47816dda6ef 0 84508388 2
42fc2e2be3ac49c6564dd47816dda6ef 0 289969016 1
42fc2e2be3ac49c6564dd47816dda6ef 0 279725967 1
42fc2e2be3ac49c6564dd47816dda6ef 0 290086092 2
42fc2e2be3ac49c6564dd47816dda6ef 0 3995045 1
42fc2e2be3ac49c6564dd47816dda6ef 0 293010005 0
42fc2e2be3ac49c6564dd47816dda6ef 0 275719331 1
42fc2e2be3ac49c6564dd47816dda6ef 0 127336647 1
42fc2e2be3ac49c6564dd47816dda6ef 0 70415323 1
42fc2e2be3ac49c6564dd47816dda6ef 0 50062241 2
42fc2e2be3ac49c6564dd47816dda6ef 0 64776656 2
42fc2e2be3ac49c6564dd47816dda6ef 0 25018852 1
42fc2e2be3ac49c6564dd47816dda6ef 0 171662224 1
42fc2e2be3ac49c6564dd47816dda6ef 0 367588 1
42fc2e2be3ac49c6564dd47816dda6ef 0 85252490 2
42fc2e2be3ac49c6564dd47816dda6ef 0 304485742 2
42fc2e2be3ac49c6564dd47816dda6ef 0 19109103 1
42fc2e2be3ac49c6564dd47816dda6ef 0 70328943 1
42fc2e2be3ac49c6564dd47816dda6ef 0 29039777 1
42fc2e2be3ac49c6564dd47816dda6ef 0 160826726 2
42fc2e2be3ac49c6564dd47816dda6ef 0 38505696 0
2cec90ec702158ed195d56177d214a9e 0 292350980 2
2cec90ec702158ed195d56177d214a9e 0 2640603 2
2cec90ec702158ed195d56177d214a9e 0 293859596 2
2cec90ec702158ed195d56177d214a9e 0 161944357 2
2cec90ec702158ed195d56177d214a9e 0 51947717 2
2cec90ec702158ed195d56177d214a9e 0 18931750 2
2cec90ec702158ed195d56177d214a9e 0 40074024 2
2cec90ec702158ed195d56177d214a9e 0 2630871 2
2cec90ec702158ed195d56177d214a9e 0 155645554 2
2cec90ec702158ed195d56177d214a9e 0 6493308 2
2cec90ec702158ed195d56177d214a9e 0 2798662 2
2cec90ec702158ed195d56177d214a9e 0 171727009 2
2cec90ec702158ed195d56177d214a9e 0 52099851 2
2cec90ec702158ed195d56177d214a9e 0 39546796 2
2cec90ec702158ed195d56177d214a9e 0 139705991 2
2cec90ec702158ed195d56177d214a9e 0 18895529 2
2cec90ec702158ed195d56177d214a9e 0 4402368 2
2cec90ec702158ed195d56177d214a9e 0 171472851 2
2cec90ec702158ed195d56177d214a9e 0 8035812 2
2cec90ec702158ed195d56177d214a9e 0 74726421 2
2cec90ec702158ed195d56177d214a9e 0 153812623 2
2cec90ec702158ed195d56177d214a9e 0 44979743 2
2cec90ec702158ed195d56177d214a9e 0 158316948 2
2cec90ec702158ed195d56177d214a9e 0 155843135 2
2cec90ec702158ed195d56177d214a9e 0 80079543 2
2cec90ec702158ed195d56177d214a9e 0 302692987 2
2cec90ec702158ed195d56177d214a9e 0 6090750 2
78d5fc8dabcc6baf31f0060d3101065b 0 276745278 2
78d5fc8dabcc6baf31f0060d3101065b 0 276129154 2
78d5fc8dabcc6baf31f0060d3101065b 0 8754915 1
78d5fc8dabcc6baf31f0060d3101065b 0 6485939 1
78d5fc8dabcc6baf31f0060d3101065b 0 279647160 2
78d5fc8dabcc6baf31f0060d3101065b 0 46276537 1
78d5fc8dabcc6baf31f0060d3101065b 0 17476145 1
78d5fc8dabcc6baf31f0060d3101065b 0 289534469 2
78d5fc8dabcc6baf31f0060d3101065b 0 291392168 2
78d5fc8dabcc6baf31f0060d3101065b 0 289770016 2
78d5fc8dabcc6baf31f0060d3101065b 0 2475438 2
78d5fc8dabcc6baf31f0060d3101065b 0 2564349 1
78d5fc8dabcc6baf31f0060d3101065b 0 78766858 2
78d5fc8dabcc6baf31f0060d3101065b 0 290458548 1
78d5fc8dabcc6baf31f0060d3101065b 0 42983379 2
78d5fc8dabcc6baf31f0060d3101065b 0 143684671 1
78d5fc8dabcc6baf31f0060d3101065b 0 291436733 2
78d5fc8dabcc6baf31f0060d3101065b 0 2741906 2
78d5fc8dabcc6baf31f0060d3101065b 0 168526553 2
78d5fc8dabcc6baf31f0060d3101065b 0 172758447 2
78d5fc8dabcc6baf31f0060d3101065b 0 46725881 0
78d5fc8dabcc6baf31f0060d3101065b 0 48044117 2
78d5fc8dabcc6baf31f0060d3101065b 0 290092986 2
78d5fc8dabcc6baf31f0060d3101065b 0 51437305 2
78d5fc8dabcc6baf31f0060d3101065b 0 38529291 2
8825fceaab6c9615ff2422b373b5baee 0 290564830 2
8825fceaab6c9615ff2422b373b5baee 0 6886507 2
8825fceaab6c9615ff2422b373b5baee 0 275345114 0
8825fceaab6c9615ff2422b373b5baee 0 10720275 2
8825fceaab6c9615ff2422b373b5baee 0 24338561 0
8825fceaab6c9615ff2422b373b5baee 0 289579108 1
8825fceaab6c9615ff2422b373b5baee 0 10141847 2
8825fceaab6c9615ff2422b373b5baee 0 303496691 0
8825fceaab6c9615ff2422b373b5baee 0 160189579 1
8825fceaab6c9615ff2422b373b5baee 0 113265927 0
8825fceaab6c9615ff2422b373b5baee 0 310411512 2
8825fceaab6c9615ff2422b373b5baee 0 10961091 0
8825fceaab6c9615ff2422b373b5baee 0 5090845 1
8825fceaab6c9615ff2422b373b5baee 0 944734 0
8825fceaab6c9615ff2422b373b5baee 0 291484741 0
8825fceaab6c9615ff2422b373b5baee 0 6007032 1
8825fceaab6c9615ff2422b373b5baee 0 143790959 2
8825fceaab6c9615ff2422b373b5baee 0 45503201 0
8825fceaab6c9615ff2422b373b5baee 0 310406142 2
8825fceaab6c9615ff2422b373b5baee 0 147045095 0
8825fceaab6c9615ff2422b373b5baee 0 19031670 0
8825fceaab6c9615ff2422b373b5baee 0 84402066 0
8825fceaab6c9615ff2422b373b5baee 0 248701127 2
8825fceaab6c9615ff2422b373b5baee 0 46072419 0
8825fceaab6c9615ff2422b373b5baee 0 19216662 0
8825fceaab6c9615ff2422b373b5baee 0 158970374 2
8825fceaab6c9615ff2422b373b5baee 0 291536277 0
a75d54b247cf81049aa2506fa2d5b776 0 293755082 2
a75d54b247cf81049aa2506fa2d5b776 0 85850000 1
a75d54b247cf81049aa2506fa2d5b776 0 81223236 2
a75d54b247cf81049aa2506fa2d5b776 0 162016802 2
a75d54b247cf81049aa2506fa2d5b776 0 274720042 2
a75d54b247cf81049aa2506fa2d5b776 0 166769840 2
a75d54b247cf81049aa2506fa2d5b776 0 313429258 2
a75d54b247cf81049aa2506fa2d5b776 0 291516099 2
a75d54b247cf81049aa2506fa2d5b776 0 14073823 2
a75d54b247cf81049aa2506fa2d5b776 0 136055422 2
a75d54b247cf81049aa2506fa2d5b776 0 9462449 2
a75d54b247cf81049aa2506fa2d5b776 0 149128844 2
a75d54b247cf81049aa2506fa2d5b776 0 18986347 2
a75d54b247cf81049aa2506fa2d5b776 0 18986631 2
a75d54b247cf81049aa2506fa2d5b776 0 150417079 2
a75d54b247cf81049aa2506fa2d5b776 0 275650437 2
a75d54b247cf81049aa2506fa2d5b776 0 297112037 2
a75d54b247cf81049aa2506fa2d5b776 0 293792147 2
a75d54b247cf81049aa2506fa2d5b776 0 10968353 2
a75d54b247cf81049aa2506fa2d5b776 0 312411068 2
a75d54b247cf81049aa2506fa2d5b776 0 42661613 2
a75d54b247cf81049aa2506fa2d5b776 0 50541469 2
a75d54b247cf81049aa2506fa2d5b776 0 57746774 2
a75d54b247cf81049aa2506fa2d5b776 0 8864810 2
a75d54b247cf81049aa2506fa2d5b776 0 8137770 2
a75d54b247cf81049aa2506fa2d5b776 0 44880633 2
a75d54b247cf81049aa2506fa2d5b776 0 310985732 2
c7ac0c6292e5c67406659959b4dfaad5 0 74851702 1
c7ac0c6292e5c67406659959b4dfaad5 0 148938803 2
c7ac0c6292e5c67406659959b4dfaad5 0 122345144 2
c7ac0c6292e5c67406659959b4dfaad5 0 156950189 2
c7ac0c6292e5c67406659959b4dfaad5 0 2795175 2
c7ac0c6292e5c67406659959b4dfaad5 0 4235453 2
c7ac0c6292e5c67406659959b4dfaad5 0 8549916 1
c7ac0c6292e5c67406659959b4dfaad5 0 2508997 1
c7ac0c6292e5c67406659959b4dfaad5 0 2817939 2
c7ac0c6292e5c67406659959b4dfaad5 0 128098829 2
c7ac0c6292e5c67406659959b4dfaad5 0 2482732 1
c7ac0c6292e5c67406659959b4dfaad5 0 8497873 2
c7ac0c6292e5c67406659959b4dfaad5 0 18929686 2
c7ac0c6292e5c67406659959b4dfaad5 0 44988554 2
c7ac0c6292e5c67406659959b4dfaad5 0 11917019 2
c7ac0c6292e5c67406659959b4dfaad5 0 18927172 2
c7ac0c6292e5c67406659959b4dfaad5 0 157128226 2
c7ac0c6292e5c67406659959b4dfaad5 0 2981180 2
c7ac0c6292e5c67406659959b4dfaad5 0 150467811 1
c7ac0c6292e5c67406659959b4dfaad5 0 18929563 2
c7ac0c6292e5c67406659959b4dfaad5 0 2631339 2
21659a15321024640ba3d71b9d51877f 0 21018727 0
21659a15321024640ba3d71b9d51877f 0 269177 0
21659a15321024640ba3d71b9d51877f 0 274814727 0
21659a15321024640ba3d71b9d51877f 0 290458214 0
21659a15321024640ba3d71b9d51877f 0 297840311 0
21659a15321024640ba3d71b9d51877f 0 14912405 0
21659a15321024640ba3d71b9d51877f 0 10722315 0
21659a15321024640ba3d71b9d51877f 0 36983017 0
21659a15321024640ba3d71b9d51877f 0 289590677 0
21659a15321024640ba3d71b9d51877f 0 2599735 0
21659a15321024640ba3d71b9d51877f 0 37059345 0
21659a15321024640ba3d71b9d51877f 0 18720249 0
21659a15321024640ba3d71b9d51877f 0 305718960 0
21659a15321024640ba3d71b9d51877f 0 14512821 0
21659a15321024640ba3d71b9d51877f 0 2761783 0
21659a15321024640ba3d71b9d51877f 0 2526944 0
21659a15321024640ba3d71b9d51877f 0 11778320 0
21659a15321024640ba3d71b9d51877f 0 306370984 0
21659a15321024640ba3d71b9d51877f 0 166397613 0
21659a15321024640ba3d71b9d51877f 0 293942932 0
21659a15321024640ba3d71b9d51877f 0 298903625 0
21659a15321024640ba3d71b9d51877f 0 2531366 0
21659a15321024640ba3d71b9d51877f 0 308875044 0
21659a15321024640ba3d71b9d51877f 0 290410843 0
21659a15321024640ba3d71b9d51877f 0 8642440 1
21659a15321024640ba3d71b9d51877f 0 289626886 0
21659a15321024640ba3d71b9d51877f 0 293029811 0
d31800df0aa5536031d19e79cb9f0d95 0 108672915 1
d31800df0aa5536031d19e79cb9f0d95 0 291389834 0
d31800df0aa5536031d19e79cb9f0d95 0 24364295 1
d31800df0aa5536031d19e79cb9f0d95 0 9960358 0
d31800df0aa5536031d19e79cb9f0d95 0 52952869 0
d31800df0aa5536031d19e79cb9f0d95 0 137275818 0
d31800df0aa5536031d19e79cb9f0d95 0 297781703 0
d31800df0aa5536031d19e79cb9f0d95 0 169292174 1
d31800df0aa5536031d19e79cb9f0d95 0 169297655 1
d31800df0aa5536031d19e79cb9f0d95 0 33506990 1
d31800df0aa5536031d19e79cb9f0d95 0 145388859 1
d31800df0aa5536031d19e79cb9f0d95 0 289885632 1
d31800df0aa5536031d19e79cb9f0d95 0 292781252 0
d31800df0aa5536031d19e79cb9f0d95 0 22970513 2
d31800df0aa5536031d19e79cb9f0d95 0 107214985 1
d31800df0aa5536031d19e79cb9f0d95 0 151576438 0
d31800df0aa5536031d19e79cb9f0d95 0 79336968 0
d31800df0aa5536031d19e79cb9f0d95 0 291536304 1
d31800df0aa5536031d19e79cb9f0d95 0 10158642 0
d31800df0aa5536031d19e79cb9f0d95 0 155655424 1
d31800df0aa5536031d19e79cb9f0d95 0 39873003 2
