97cd75e03f70656bd942ea27ebd7babd 0 298355968 2
97cd75e03f70656bd942ea27ebd7babd 0 141033670 2
97cd75e03f70656bd942ea27ebd7babd 0 62532628 2
97cd75e03f70656bd942ea27ebd7babd 0 14180837 2
97cd75e03f70656bd942ea27ebd7babd 0 155750376 2
97cd75e03f70656bd942ea27ebd7babd 0 10758405 2
97cd75e03f70656bd942ea27ebd7babd 0 301148223 2
97cd75e03f70656bd942ea27ebd7babd 0 19189937 2
97cd75e03f70656bd942ea27ebd7babd 0 98811529 2
97cd75e03f70656bd942ea27ebd7babd 0 312479911 2
97cd75e03f70656bd942ea27ebd7babd 0 141033669 2
97cd75e03f70656bd942ea27ebd7babd 0 294028597 2
97cd75e03f70656bd942ea27ebd7babd 0 297507099 1
97cd75e03f70656bd942ea27ebd7babd 0 164917004 2
97cd75e03f70656bd942ea27ebd7babd 0 10723615 2
97cd75e03f70656bd942ea27ebd7babd 0 305681595 2
97cd75e03f70656bd942ea27ebd7babd 0 112006763 2
97cd75e03f70656bd942ea27ebd7babd 0 10723619 2
97cd75e03f70656bd942ea27ebd7babd 0 165147011 2
97cd75e03f70656bd942ea27ebd7babd 0 10723618 2
97cd75e03f70656bd942ea27ebd7babd 0 10723624 1
d67109e1ca0ae6026ec27f59815c7a5a 0 292615443 2
d67109e1ca0ae6026ec27f59815c7a5a 0 4870963 1
d67109e1ca0ae6026ec27f59815c7a5a 0 135783609 1
d67109e1ca0ae6026ec27f59815c7a5a 0 290570822 2
d67109e1ca0ae6026ec27f59815c7a5a 0 311052993 2
d67109e1ca0ae6026ec27f59815c7a5a 0 42533794 1
d67109e1ca0ae6026ec27f59815c7a5a 0 127132257 2
d67109e1ca0ae6026ec27f59815c7a5a 0 155465329 2
d67109e1ca0ae6026ec27f59815c7a5a 0 170065185 2
d67109e1ca0ae6026ec27f59815c7a5a 0 291593832 2
d67109e1ca0ae6026ec27f59815c7a5a 0 173705457 2
d67109e1ca0ae6026ec27f59815c7a5a 0 300630723 2
d67109e1ca0ae6026ec27f59815c7a5a 0 144839557 2
d67109e1ca0ae6026ec27f59815c7a5a 0 305447342 2
d67109e1ca0ae6026ec27f59815c7a5a 0 149798951 2
d67109e1ca0ae6026ec27f59815c7a5a 0 160432632 2
d67109e1ca0ae6026ec27f59815c7a5a 0 46885187 1
d67109e1ca0ae6026ec27f59815c7a5a 0 302093521 2
d67109e1ca0ae6026ec27f59815c7a5a 0 22491132 0
d67109e1ca0ae6026ec27f59815c7a5a 0 309735212 2
d67109e1ca0ae6026ec27f59815c7a5a 0 4473034 2
7845aa70335809e0297a30b55bf29ba6 0 18522065 2
7845aa70335809e0297a30b55bf29ba6 0 148301474 2
7845aa70335809e0297a30b55bf29ba6 0 17798923 2
7845aa70335809e0297a30b55bf29ba6 0 5840491 2
7845aa70335809e0297a30b55bf29ba6 0 10099928 2
7845aa70335809e0297a30b55bf29ba6 0 301590955 2
7845aa70335809e0297a30b55bf29ba6 0 17811750 2
7845aa70335809e0297a30b55bf29ba6 0 310337606 0
7845aa70335809e0297a30b55bf29ba6 0 10099434 2
7845aa70335809e0297a30b55bf29ba6 0 169078995 2
7845aa70335809e0297a30b55bf29ba6 0 131422390 1
7845aa70335809e0297a30b55bf29ba6 0 46940304 2
7845aa70335809e0297a30b55bf29ba6 0 310306004 2
7845aa70335809e0297a30b55bf29ba6 0 129747034 2
7845aa70335809e0297a30b55bf29ba6 0 143311507 2
7845aa70335809e0297a30b55bf29ba6 0 31005983 2
7845aa70335809e0297a30b55bf29ba6 0 71455222 2
7845aa70335809e0297a30b55bf29ba6 0 88915309 2
7845aa70335809e0297a30b55bf29ba6 0 2611999 2
7845aa70335809e0297a30b55bf29ba6 0 74704224 2
7845aa70335809e0297a30b55bf29ba6 0 19243194 2
7845aa70335809e0297a30b55bf29ba6 0 132767689 2
7845aa70335809e0297a30b55bf29ba6 0 122232921 2
9091fd80834695b8c696adf3b6f20d55 0 304029199 1
9091fd80834695b8c696adf3b6f20d55 0 160460788 1
9091fd80834695b8c696adf3b6f20d55 0 310808204 0
9091fd80834695b8c696adf3b6f20d55 0 70478802 0
9091fd80834695b8c696adf3b6f20d55 0 2768849 0
9091fd80834695b8c696adf3b6f20d55 0 123567018 1
9091fd80834695b8c696adf3b6f20d55 0 24753466 0
9091fd80834695b8c696adf3b6f20d55 0 159552828 0
9091fd80834695b8c696adf3b6f20d55 0 84311215 2
9091fd80834695b8c696adf3b6f20d55 0 87317962 1
9091fd80834695b8c696adf3b6f20d55 0 231041424 0
9091fd80834695b8c696adf3b6f20d55 0 70410701 0
9091fd80834695b8c696adf3b6f20d55 0 46360974 1
9091fd80834695b8c696adf3b6f20d55 0 145725595 0
9091fd80834695b8c696adf3b6f20d55 0 46358891 1
9091fd80834695b8c696adf3b6f20d55 0 299290077 0
9091fd80834695b8c696adf3b6f20d55 0 310876334 1
9091fd80834695b8c696adf3b6f20d55 0 290724625 0
9091fd80834695b8c696adf3b6f20d55 0 158244862 0
9091fd80834695b8c696adf3b6f20d55 0 46355235 2
9091fd80834695b8c696adf3b6f20d55 0 25028696 0
9091fd80834695b8c696adf3b6f20d55 0 232601393 1
9091fd80834695b8c696adf3b6f20d55 0 46358445 2
9091fd80834695b8c696adf3b6f20d55 0 148919694 0
9091fd80834695b8c696adf3b6f20d55 0 309906361 1
9091fd80834695b8c696adf3b6f20d55 0 300334754 2
9091fd80834695b8c696adf3b6f20d55 0 293573927 0
9091fd80834695b8c696adf3b6f20d55 0 39794122 0
562ca7b9a565a1a27f9c71670c9f541e 0 160669041 2
562ca7b9a565a1a27f9c71670c9f541e 0 218605165 2
562ca7b9a565a1a27f9c71670c9f541e 0 40110324 1
562ca7b9a565a1a27f9c71670c9f541e 0 146974531 2
562ca7b9a565a1a27f9c71670c9f541e 0 160675267 2
562ca7b9a565a1a27f9c71670c9f541e 0 157878908 1
562ca7b9a565a1a27f9c71670c9f541e 0 232772596 2
562ca7b9a565a1a27f9c71670c9f541e 0 275988103 2
562ca7b9a565a1a27f9c71670c9f541e 0 136028310 2
562ca7b9a565a1a27f9c71670c9f541e 0 129221863 2
562ca7b9a565a1a27f9c71670c9f541e 0 6432283 2
562ca7b9a565a1a27f9c71670c9f541e 0 17827989 2
562ca7b9a565a1a27f9c71670c9f541e 0 129260637 2
562ca7b9a565a1a27f9c71670c9f541e 0 297457952 2
562ca7b9a565a1a27f9c71670c9f541e 0 44675314 2
562ca7b9a565a1a27f9c71670c9f541e 0 301426804 2
562ca7b9a565a1a27f9c71670c9f541e 0 17820575 2
562ca7b9a565a1a27f9c71670c9f541e 0 160194877 2
562ca7b9a565a1a27f9c71670c9f541e 0 295916480 2
562ca7b9a565a1a27f9c71670c9f541e 0 158732276 2
562ca7b9a565a1a27f9c71670c9f541e 0 122247116 2
562ca7b9a565a1a27f9c71670c9f541e 0 311494046 2
562ca7b9a565a1a27f9c71670c9f541e 0 109524971 2
3490ff75cc1d7cc958eea148ecf9f064 0 40118662 1
3490ff75cc1d7cc958eea148ecf9f064 0 301781331 1
3490ff75cc1d7cc958eea148ecf9f064 0 305496254 2
3490ff75cc1d7cc958eea148ecf9f064 0 311442592 2
3490ff75cc1d7cc958eea148ecf9f064 0 305863718 1
3490ff75cc1d7cc958eea148ecf9f064 0 290702351 2
3490ff75cc1d7cc958eea148ecf9f064 0 160704850 2
3490ff75cc1d7cc958eea148ecf9f064 0 276164113 1
3490ff75cc1d7cc958eea148ecf9f064 0 311443124 2
3490ff75cc1d7cc958eea148ecf9f064 0 274818301 1
3490ff75cc1d7cc958eea148ecf9f064 0 290851067 1
3490ff75cc1d7cc958eea148ecf9f064 0 276466579 1
3490ff75cc1d7cc958eea148ecf9f064 0 300187827 1
3490ff75cc1d7cc958eea148ecf9f064 0 290665548 1
3490ff75cc1d7cc958eea148ecf9f064 0 58913574 1
3490ff75cc1d7cc958eea148ecf9f064 0 63185143 1
3490ff75cc1d7cc958eea148ecf9f064 0 268317280 1
3490ff75cc1d7cc958eea148ecf9f064 0 290458423 1
3490ff75cc1d7cc958eea148ecf9f064 0 235888058 2
3490ff75cc1d7cc958eea148ecf9f064 0 290830004 1
3490ff75cc1d7cc958eea148ecf9f064 0 291094714 1
3490ff75cc1d7cc958eea148ecf9f064 0 36995441 1
3490ff75cc1d7cc958eea148ecf9f064 0 301841571 1
3490ff75cc1d7cc958eea148ecf9f064 0 36990732 1
3490ff75cc1d7cc958eea148ecf9f064 0 308750828 1
3490ff75cc1d7cc958eea148ecf9f064 0 291457189 1
3490ff75cc1d7cc958eea148ecf9f064 0 10914642 1
3490ff75cc1d7cc958eea148ecf9f064 0 300892549 1
3490ff75cc1d7cc958eea148ecf9f064 0 23072324 1
69a3ac0c9cf2fb3bc0b2ceb56db2edfe 0 290847310 0
69a3ac0c9cf2fb3bc0b2ceb56db2edfe 0 24866462 0
69a3ac0c9cf2fb3bc0b2ceb56db2edfe 0 279726699 2
69a3ac0c9cf2fb3bc0b2ceb56db2edfe 0 67753975 0
69a3ac0c9cf2fb3bc0b2ceb56db2edfe 0 50677894 2
69a3ac0c9cf2fb3bc0b2ceb56db2edfe 0 287171538 0
69a3ac0c9cf2fb3bc0b2ceb56db2edfe 0 24883528 0
69a3ac0c9cf2fb3bc0b2ceb56db2edfe 0 24893544 1
69a3ac0c9cf2fb3bc0b2ceb56db2edfe 0 134929685 1
69a3ac0c9cf2fb3bc0b2ceb56db2edfe 0 24871855 0
69a3ac0c9cf2fb3bc0b2ceb56db2edfe 0 77744283 1
69a3ac0c9cf2fb3bc0b2ceb56db2edfe 0 24774160 2
69a3ac0c9cf2fb3bc0b2ceb56db2edfe 0 292166320 2
69a3ac0c9cf2fb3bc0b2ceb56db2edfe 0 297851486 0
69a3ac0c9cf2fb3bc0b2ceb56db2edfe 0 24894071 0
69a3ac0c9cf2fb3bc0b2ceb56db2edfe 0 78479327 2
69a3ac0c9cf2fb3bc0b2ceb56db2edfe 0 8983956 0
69a3ac0c9cf2fb3bc0b2ceb56db2edfe 0 86012864 2
9af879f2df293898cb7a6cb4de5c4a86 0 291452191 1
9af879f2df293898cb7a6cb4de5c4a86 0 166625590 2
9af879f2df293898cb7a6cb4de5c4a86 0 303454689 0
9af879f2df293898cb7a6cb4de5c4a86 0 36390237 0
9af879f2df293898cb7a6cb4de5c4a86 0 297764937 1
9af879f2df293898cb7a6cb4de5c4a86 0 12779554 1
9af879f2df293898cb7a6cb4de5c4a86 0 294105574 2
9af879f2df293898cb7a6cb4de5c4a86 0 294146701 1
9af879f2df293898cb7a6cb4de5c4a86 0 37996043 0
9af879f2df293898cb7a6cb4de5c4a86 0 25560014 1
9af879f2df293898cb7a6cb4de5c4a86 0 17045423 0
9af879f2df293898cb7a6cb4de5c4a86 0 301848766 2
9af879f2df293898cb7a6cb4de5c4a86 0 313019430 0
9af879f2df293898cb7a6cb4de5c4a86 0 161607952 0
9af879f2df293898cb7a6cb4de5c4a86 0 291799188 0
9af879f2df293898cb7a6cb4de5c4a86 0 299822275 0
9af879f2df293898cb7a6cb4de5c4a86 0 42939490 1
9af879f2df293898cb7a6cb4de5c4a86 0 298105588 1
9af879f2df293898cb7a6cb4de5c4a86 0 294096946 0
9af879f2df293898cb7a6cb4de5c4a86 0 303970267 1
9af879f2df293898cb7a6cb4de5c4a86 0 298102080 0
9af879f2df293898cb7a6cb4de5c4a86 0 292742945 0
9af879f2df293898cb7a6cb4de5c4a86 0 299095222 0
9af879f2df293898cb7a6cb4de5c4a86 0 311158181 0
9af879f2df293898cb7a6cb4de5c4a86 0 305192534 0
9af879f2df293898cb7a6cb4de5c4a86 0 299530032 1
9af879f2df293898cb7a6cb4de5c4a86 0 298708716 0
652d873a275fd4ba0504d141cf387c59 0 10970753 2
652d873a275fd4ba0504d141cf387c59 0 145727066 2
652d873a275fd4ba0504d141cf387c59 0 8383510 2
652d873a275fd4ba0504d141cf387c59 0 170184941 2
652d873a275fd4ba0504d141cf387c59 0 291873421 2
652d873a275fd4ba0504d141cf387c59 0 171415830 2
652d873a275fd4ba0504d141cf387c59 0 47002907 2
652d873a275fd4ba0504d141cf387c59 0 17805952 2
652d873a275fd4ba0504d141cf387c59 0 168915340 1
652d873a275fd4ba0504d141cf387c59 0 174705592 1
652d873a275fd4ba0504d141cf387c59 0 301351673 2
652d873a275fd4ba0504d141cf387c59 0 9882970 1
652d873a275fd4ba0504d141cf387c59 0 17825969 2
652d873a275fd4ba0504d141cf387c59 0 275699593 2
652d873a275fd4ba0504d141cf387c59 0 160651189 1
652d873a275fd4ba0504d141cf387c59 0 296490644 2
652d873a275fd4ba0504d141cf387c59 0 300888902 2
652d873a275fd4ba0504d141cf387c59 0 161266527 1
652d873a275fd4ba0504d141cf387c59 0 86629753 2
652d873a275fd4ba0504d141cf387c59 0 150006905 2
652d873a275fd4ba0504d141cf387c59 0 302081149 2
652d873a275fd4ba0504d141cf387c59 0 62528796 2
652d873a275fd4ba0504d141cf387c59 0 132695160 2
652d873a275fd4ba0504d141cf387c59 0 298284097 2
653094b26e8efc3bd5d6ca6124575e93 0 126646727 0
653094b26e8efc3bd5d6ca6124575e93 0 127872116 2
653094b26e8efc3bd5d6ca6124575e93 0 46641357 2
653094b26e8efc3bd5d6ca6124575e93 0 168815708 2
653094b26e8efc3bd5d6ca6124575e93 0 95223613 2
653094b26e8efc3bd5d6ca6124575e93 0 32441933 2
653094b26e8efc3bd5d6ca6124575e93 0 135386574 2
653094b26e8efc3bd5d6ca6124575e93 0 135137115 2
653094b26e8efc3bd5d6ca6124575e93 0 168809501 2
653094b26e8efc3bd5d6ca6124575e93 0 138454489 2
653094b26e8efc3bd5d6ca6124575e93 0 135401147 2
653094b26e8efc3bd5d6ca6124575e93 0 8341330 2
653094b26e8efc3bd5d6ca6124575e93 0 2635026 2
653094b26e8efc3bd5d6ca6124575e93 0 125458211 1
653094b26e8efc3bd5d6ca6124575e93 0 158308713 2
653094b26e8efc3bd5d6ca6124575e93 0 7934084 0
653094b26e8efc3bd5d6ca6124575e93 0 158418247 2
653094b26e8efc3bd5d6ca6124575e93 0 123568423 1
653094b26e8efc3bd5d6ca6124575e93 0 135401151 2
d49230534d6a85b88426fb74707a9cbb 0 274841786 2
d49230534d6a85b88426fb74707a9cbb 0 302973631 1
d49230534d6a85b88426fb74707a9cbb 0 78451353 2
d49230534d6a85b88426fb74707a9cbb 0 301803408 2
d49230534d6a85b88426fb74707a9cbb 0 301622350 2
d49230534d6a85b88426fb74707a9cbb 0 290469404 2
d49230534d6a85b88426fb74707a9cbb 0 276611961 2
d49230534d6a85b88426fb74707a9cbb 0 297426551 2
d49230534d6a85b88426fb74707a9cbb 0 276185661 1
d49230534d6a85b88426fb74707a9cbb 0 292198518 2
d49230534d6a85b88426fb74707a9cbb 0 292262349 2
d49230534d6a85b88426fb74707a9cbb 0 290538966 1
d49230534d6a85b88426fb74707a9cbb 0 301813388 2
d49230534d6a85b88426fb74707a9cbb 0 279658406 2
d49230534d6a85b88426fb74707a9cbb 0 302979609 2
d49230534d6a85b88426fb74707a9cbb 0 290539111 2
d49230534d6a85b88426fb74707a9cbb 0 299728862 2
d49230534d6a85b88426fb74707a9cbb 0 303475207 2
d49230534d6a85b88426fb74707a9cbb 0 170423634 2
d49230534d6a85b88426fb74707a9cbb 0 140708423 2
d49230534d6a85b88426fb74707a9cbb 0 161494700 2
d49230534d6a85b88426fb74707a9cbb 0 303751332 2
d49230534d6a85b88426fb74707a9cbb 0 302717122 2
d49230534d6a85b88426fb74707a9cbb 0 308774650 2
d49230534d6a85b88426fb74707a9cbb 0 302694896 2
d49230534d6a85b88426fb74707a9cbb 0 289752390 1
8a1fbc42a27ef093c503103e1368f3d4 0 4872143 1
8a1fbc42a27ef093c503103e1368f3d4 0 86335140 2
8a1fbc42a27ef093c503103e1368f3d4 0 139955738 2
8a1fbc42a27ef093c503103e1368f3d4 0 159490479 2
8a1fbc42a27ef093c503103e1368f3d4 0 78428944 1
8a1fbc42a27ef093c503103e1368f3d4 0 293163177 2
8a1fbc42a27ef093c503103e1368f3d4 0 10852650 2
8a1fbc42a27ef093c503103e1368f3d4 0 86314288 1
8a1fbc42a27ef093c503103e1368f3d4 0 29213313 2
8a1fbc42a27ef093c503103e1368f3d4 0 46947913 2
8a1fbc42a27ef093c503103e1368f3d4 0 18688303 2
8a1fbc42a27ef093c503103e1368f3d4 0 44458482 2
8a1fbc42a27ef093c503103e1368f3d4 0 313429809 2
8a1fbc42a27ef093c503103e1368f3d4 0 17561286 2
8a1fbc42a27ef093c503103e1368f3d4 0 136928392 2
8a1fbc42a27ef093c503103e1368f3d4 0 146140527 2
8a1fbc42a27ef093c503103e1368f3d4 0 7290506 2
8a1fbc42a27ef093c503103e1368f3d4 0 87344207 2
8a1fbc42a27ef093c503103e1368f3d4 0 8549914 1
8a1fbc42a27ef093c503103e1368f3d4 0 86879133 2
8a1fbc42a27ef093c503103e1368f3d4 0 107666727 2
8a1fbc42a27ef093c503103e1368f3d4 0 18718048 2
8a1fbc42a27ef093c503103e1368f3d4 0 131782896 2
8a1fbc42a27ef093c503103e1368f3d4 0 95223770 2
a2a64265721427605ec182827171265b 0 297335295 2
a2a64265721427605ec182827171265b 0 19963145 2
a2a64265721427605ec182827171265b 0 107382167 2
a2a64265721427605ec182827171265b 0 171786327 2
a2a64265721427605ec182827171265b 0 138941658 1
a2a64265721427605ec182827171265b 0 161350061 0
a2a64265721427605ec182827171265b 0 161573978 2
a2a64265721427605ec182827171265b 0 153492521 2
a2a64265721427605ec182827171265b 0 155042867 2
a2a64265721427605ec182827171265b 0 159482972 2
a2a64265721427605ec182827171265b 0 169908138 2
a2a64265721427605ec182827171265b 0 160600100 2
a2a64265721427605ec182827171265b 0 172564217 2
a2a64265721427605ec182827171265b 0 160187894 2
a2a64265721427605ec182827171265b 0 156968293 2
a2a64265721427605ec182827171265b 0 274912665 2
a2a64265721427605ec182827171265b 0 159386596 2
a2a64265721427605ec182827171265b 0 293020602 2
a2a64265721427605ec182827171265b 0 166763153 2
a2a64265721427605ec182827171265b 0 17822481 1
a2a64265721427605ec182827171265b 0 304162048 2
a2a64265721427605ec182827171265b 0 290570255 2
a2a64265721427605ec182827171265b 0 166763169 2
a2a64265721427605ec182827171265b 0 300630043 2
a2a64265721427605ec182827171265b 0 151360146 2
a2a64265721427605ec182827171265b 0 123216874 2
a2a64265721427605ec182827171265b 0 149904484 2
a2a64265721427605ec182827171265b 0 40117080 2
a2a64265721427605ec182827171265b 0 304162518 2
a2a64265721427605ec182827171265b 0 56770466 2
00dea7cb26b0df14733b1aa2e48d4189 0 292319111 0
00dea7cb26b0df14733b1aa2e48d4189 0 98867222 1
00dea7cb26b0df14733b1aa2e48d4189 0 11012449 2
00dea7cb26b0df14733b1aa2e48d4189 0 293033472 2
00dea7cb26b0df14733b1aa2e48d4189 0 151378454 2
00dea7cb26b0df14733b1aa2e48d4189 0 289670589 0
00dea7cb26b0df14733b1aa2e48d4189 0 121368578 1
00dea7cb26b0df14733b1aa2e48d4189 0 148406943 2
00dea7cb26b0df14733b1aa2e48d4189 0 158024195 2
00dea7cb26b0df14733b1aa2e48d4189 0 107380854 1
00dea7cb26b0df14733b1aa2e48d4189 0 300957839 1
00dea7cb26b0df14733b1aa2e48d4189 0 312442214 1
00dea7cb26b0df14733b1aa2e48d4189 0 122513221 2
644e56222501df386be4b404cb2d02b0 0 303561765 1
644e56222501df386be4b404cb2d02b0 0 48214505 1
644e56222501df386be4b404cb2d02b0 0 15125539 0
644e56222501df386be4b404cb2d02b0 0 135888501 0
644e56222501df386be4b404cb2d02b0 0 298712223 1
644e56222501df386be4b404cb2d02b0 0 291435049 1
644e56222501df386be4b404cb2d02b0 0 290570682 0
644e56222501df386be4b404cb2d02b0 0 300398998 0
644e56222501df386be4b404cb2d02b0 0 295664248 1
644e56222501df386be4b404cb2d02b0 0 78200845 1
644e56222501df386be4b404cb2d02b0 0 292792939 1
644e56222501df386be4b404cb2d02b0 0 276431890 0
644e56222501df386be4b404cb2d02b0 0 133814463 0
644e56222501df386be4b404cb2d02b0 0 157234956 1
644e56222501df386be4b404cb2d02b0 0 303973698 0
644e56222501df386be4b404cb2d02b0 0 291580210 1
644e56222501df386be4b404cb2d02b0 0 275656301 0
644e56222501df386be4b404cb2d02b0 0 292270094 0
644e56222501df386be4b404cb2d02b0 0 85859423 1
644e56222501df386be4b404cb2d02b0 0 312651378 1
644e56222501df386be4b404cb2d02b0 0 301788432 1
644e56222501df386be4b404cb2d02b0 0 302264292 1
644e56222501df386be4b404cb2d02b0 0 297430647 1
644e56222501df386be4b404cb2d02b0 0 297186613 1
644e56222501df386be4b404cb2d02b0 0 295563531 1
f40ef0e5ac56c2ae1febd382b3ff319c 0 276306726 1
f40ef0e5ac56c2ae1febd382b3ff319c 0 302797037 0
f40ef0e5ac56c2ae1febd382b3ff319c 0 305922473 2
f40ef0e5ac56c2ae1febd382b3ff319c 0 290464103 2
f40ef0e5ac56c2ae1febd382b3ff319c 0 7143022 1
f40ef0e5ac56c2ae1febd382b3ff319c 0 290119155 0
f40ef0e5ac56c2ae1febd382b3ff319c 0 87538203 1
f40ef0e5ac56c2ae1febd382b3ff319c 0 292274796 0
f40ef0e5ac56c2ae1febd382b3ff319c 0 289778411 0
f40ef0e5ac56c2ae1febd382b3ff319c 0 302778782 0
f40ef0e5ac56c2ae1febd382b3ff319c 0 306848972 0
f40ef0e5ac56c2ae1febd382b3ff319c 0 44366963 1
f40ef0e5ac56c2ae1febd382b3ff319c 0 304955746 0
f40ef0e5ac56c2ae1febd382b3ff319c 0 6332241 1
f40ef0e5ac56c2ae1febd382b3ff319c 0 307172013 1
f40ef0e5ac56c2ae1febd382b3ff319c 0 301803287 1
f40ef0e5ac56c2ae1febd382b3ff319c 0 276218426 0
f40ef0e5ac56c2ae1febd382b3ff319c 0 301699369 0
f40ef0e5ac56c2ae1febd382b3ff319c 0 304966000 1
f40ef0e5ac56c2ae1febd382b3ff319c 0 274813149 1
f40ef0e5ac56c2ae1febd382b3ff319c 0 7315594 1
f40ef0e5ac56c2ae1febd382b3ff319c 0 305441497 0
f40ef0e5ac56c2ae1febd382b3ff319c 0 274804241 0
f40ef0e5ac56c2ae1febd382b3ff319c 0 279653574 2
f40ef0e5ac56c2ae1febd382b3ff319c 0 174853439 1
f40ef0e5ac56c2ae1febd382b3ff319c 0 276160173 1
6b58c5db2a6d99ec1ee8daf7467ed326 0 107967131 2
6b58c5db2a6d99ec1ee8daf7467ed326 0 160116289 2
6b58c5db2a6d99ec1ee8daf7467ed326 0 36340527 2
6b58c5db2a6d99ec1ee8daf7467ed326 0 302812169 2
6b58c5db2a6d99ec1ee8daf7467ed326 0 24799016 2
6b58c5db2a6d99ec1ee8daf7467ed326 0 300927368 2
6b58c5db2a6d99ec1ee8daf7467ed326 0 308892138 2
6b58c5db2a6d99ec1ee8daf7467ed326 0 142056238 2
6b58c5db2a6d99ec1ee8daf7467ed326 0 58965182 2
6b58c5db2a6d99ec1ee8daf7467ed326 0 44606720 2
6b58c5db2a6d99ec1ee8daf7467ed326 0 2448081 2
6b58c5db2a6d99ec1ee8daf7467ed326 0 58973289 2
6b58c5db2a6d99ec1ee8daf7467ed326 0 155026301 2
6b58c5db2a6d99ec1ee8daf7467ed326 0 4841693 2
6b58c5db2a6d99ec1ee8daf7467ed326 0 86252135 2
6b58c5db2a6d99ec1ee8daf7467ed326 0 58974168 2
6b58c5db2a6d99ec1ee8daf7467ed326 0 33475225 2
6b58c5db2a6d99ec1ee8daf7467ed326 0 8700637 2
6b58c5db2a6d99ec1ee8daf7467ed326 0 42849492 2
6b58c5db2a6d99ec1ee8daf7467ed326 0 18082413 2
6b58c5db2a6d99ec1ee8daf7467ed326 0 16390646 2
6b58c5db2a6d99ec1ee8daf7467ed326 0 58980208 2
6b58c5db2a6d99ec1ee8daf7467ed326 0 15106499 2
6b58c5db2a6d99ec1ee8daf7467ed326 0 137607503 2
6b58c5db2a6d99ec1ee8daf7467ed326 0 689251 2
6b58c5db2a6d99ec1ee8daf7467ed326 0 24810953 2
adb15e7efac1c2c98a9e7c583f4bf050 0 40076189 2
adb15e7efac1c2c98a9e7c583f4bf050 0 313271788 2
adb15e7efac1c2c98a9e7c583f4bf050 0 303267820 2
adb15e7efac1c2c98a9e7c583f4bf050 0 301914907 2
adb15e7efac1c2c98a9e7c583f4bf050 0 313800617 2
adb15e7efac1c2c98a9e7c583f4bf050 0 56103 2
adb15e7efac1c2c98a9e7c583f4bf050 0 159481737 2
adb15e7efac1c2c98a9e7c583f4bf050 0 154654799 2
adb15e7efac1c2c98a9e7c583f4bf050 0 168225231 2
adb15e7efac1c2c98a9e7c583f4bf050 0 309484839 2
adb15e7efac1c2c98a9e7c583f4bf050 0 313635815 2
adb15e7efac1c2c98a9e7c583f4bf050 0 299195759 2
adb15e7efac1c2c98a9e7c583f4bf050 0 301480047 2
adb15e7efac1c2c98a9e7c583f4bf050 0 300212776 2
adb15e7efac1c2c98a9e7c583f4bf050 0 132677248 2
adb15e7efac1c2c98a9e7c583f4bf050 0 299267227 2
adb15e7efac1c2c98a9e7c583f4bf050 0 158287956 2
adb15e7efac1c2c98a9e7c583f4bf050 0 39828265 2
adb15e7efac1c2c98a9e7c583f4bf050 0 309665979 2
adb15e7efac1c2c98a9e7c583f4bf050 0 168359446 2
adb15e7efac1c2c98a9e7c583f4bf050 0 13964831 2
adb15e7efac1c2c98a9e7c583f4bf050 0 309484235 2
adb15e7efac1c2c98a9e7c583f4bf050 0 304981111 2
adb15e7efac1c2c98a9e7c583f4bf050 0 160948003 1
adb15e7efac1c2c98a9e7c583f4bf050 0 300421905 2
adb15e7efac1c2c98a9e7c583f4bf050 0 276266039 2
adb15e7efac1c2c98a9e7c583f4bf050 0 276106832 2
46ce09def23cf7789bb363340f3e57c4 0 276160791 2
46ce09def23cf7789bb363340f3e57c4 0 7964339 1
46ce09def23cf7789bb363340f3e57c4 0 4195795 2
46ce09def23cf7789bb363340f3e57c4 0 299198008 1
46ce09def23cf7789bb363340f3e57c4 0 22497753 2
46ce09def23cf7789bb363340f3e57c4 0 746856 0
46ce09def23cf7789bb363340f3e57c4 0 42821919 2
46ce09def23cf7789bb363340f3e57c4 0 305619200 2
46ce09def23cf7789bb363340f3e57c4 0 151561489 2
46ce09def23cf7789bb363340f3e57c4 0 80198518 1
46ce09def23cf7789bb363340f3e57c4 0 54164516 1
46ce09def23cf7789bb363340f3e57c4 0 72981732 2
46ce09def23cf7789bb363340f3e57c4 0 22502833 1
46ce09def23cf7789bb363340f3e57c4 0 268790997 1
46ce09def23cf7789bb363340f3e57c4 0 12007702 1
46ce09def23cf7789bb363340f3e57c4 0 4196401 2
46ce09def23cf7789bb363340f3e57c4 0 22498609 2
46ce09def23cf7789bb363340f3e57c4 0 308337556 2
46ce09def23cf7789bb363340f3e57c4 0 304953913 2
29c675baa4a0f5696bfc5732f37800ff 0 162620330 2
29c675baa4a0f5696bfc5732f37800ff 0 155647141 1
29c675baa4a0f5696bfc5732f37800ff 0 63581954 2
29c675baa4a0f5696bfc5732f37800ff 0 292044769 2
29c675baa4a0f5696bfc5732f37800ff 0 107388563 2
29c675baa4a0f5696bfc5732f37800ff 0 168219867 1
29c675baa4a0f5696bfc5732f37800ff 0 291952387 2
29c675baa4a0f5696bfc5732f37800ff 0 169640204 2
29c675baa4a0f5696bfc5732f37800ff 0 150664343 2
29c675baa4a0f5696bfc5732f37800ff 0 297970783 2
29c675baa4a0f5696bfc5732f37800ff 0 300595991 2
29c675baa4a0f5696bfc5732f37800ff 0 141533691 1
29c675baa4a0f5696bfc5732f37800ff 0 160947755 2
29c675baa4a0f5696bfc5732f37800ff 0 125802929 1
29c675baa4a0f5696bfc5732f37800ff 0 291414754 2
29c675baa4a0f5696bfc5732f37800ff 0 160651189 2
29c675baa4a0f5696bfc5732f37800ff 0 162568275 1
29c675baa4a0f5696bfc5732f37800ff 0 157883822 2
29c675baa4a0f5696bfc5732f37800ff 0 310596745 2
29c675baa4a0f5696bfc5732f37800ff 0 150548636 1
29c675baa4a0f5696bfc5732f37800ff 0 122689749 2
29c675baa4a0f5696bfc5732f37800ff 0 160946503 2
a2ca22d32330685609941ec26e31163c 0 312491339 0
a2ca22d32330685609941ec26e31163c 0 301216057 1
a2ca22d32330685609941ec26e31163c 0 17028054 0
a2ca22d32330685609941ec26e31163c 0 301673594 0
a2ca22d32330685609941ec26e31163c 0 291433898 0
a2ca22d32330685609941ec26e31163c 0 546400 2
a2ca22d32330685609941ec26e31163c 0 684134 2
a2ca22d32330685609941ec26e31163c 0 303032130 0
a2ca22d32330685609941ec26e31163c 0 291886393 1
a2ca22d32330685609941ec26e31163c 0 13734031 0
a2ca22d32330685609941ec26e31163c 0 17033449 0
a2ca22d32330685609941ec26e31163c 0 121682675 1
a2ca22d32330685609941ec26e31163c 0 943349 2
a2ca22d32330685609941ec26e31163c 0 945290 2
a2ca22d32330685609941ec26e31163c 0 943428 2
a2ca22d32330685609941ec26e31163c 0 612595 0
a2ca22d32330685609941ec26e31163c 0 42866207 1
a2ca22d32330685609941ec26e31163c 0 38904058 0
a2ca22d32330685609941ec26e31163c 0 292795998 0
a2ca22d32330685609941ec26e31163c 0 302217266 0
e6e893da3894729143d234f196c99fa2 0 308800663 2
e6e893da3894729143d234f196c99fa2 0 289835635 2
e6e893da3894729143d234f196c99fa2 0 11944925 2
e6e893da3894729143d234f196c99fa2 0 70338194 2
e6e893da3894729143d234f196c99fa2 0 8867554 2
e6e893da3894729143d234f196c99fa2 0 125765221 1
e6e893da3894729143d234f196c99fa2 0 8334094 2
e6e893da3894729143d234f196c99fa2 0 39479834 2
e6e893da3894729143d234f196c99fa2 0 39435027 2
e6e893da3894729143d234f196c99fa2 0 313513384 2
e6e893da3894729143d234f196c99fa2 0 47064534 2
e6e893da3894729143d234f196c99fa2 0 85796524 2
e6e893da3894729143d234f196c99fa2 0 6241210 2
e6e893da3894729143d234f196c99fa2 0 6241190 2
e6e893da3894729143d234f196c99fa2 0 6277911 2
e6e893da3894729143d234f196c99fa2 0 85800163 2
e6e893da3894729143d234f196c99fa2 0 43316365 2
e6e893da3894729143d234f196c99fa2 0 128971157 2
e6e893da3894729143d234f196c99fa2 0 23052543 2
e6e893da3894729143d234f196c99fa2 0 6241139 2
e6e893da3894729143d234f196c99fa2 0 2353123 2
e6e893da3894729143d234f196c99fa2 0 310596263 2
e6e893da3894729143d234f196c99fa2 0 62543702 2
e6e893da3894729143d234f196c99fa2 0 46895861 2
e6e893da3894729143d234f196c99fa2 0 70313087 2
e6e893da3894729143d234f196c99fa2 0 38447499 2
efd0b10c27ecb230ee4e741d3a53e479 0 296040250 2
efd0b10c27ecb230ee4e741d3a53e479 0 14377478 2
efd0b10c27ecb230ee4e741d3a53e479 0 131505876 2
efd0b10c27ecb230ee4e741d3a53e479 0 81283118 1
efd0b10c27ecb230ee4e741d3a53e479 0 122442155 2
efd0b10c27ecb230ee4e741d3a53e479 0 37138164 2
efd0b10c27ecb230ee4e741d3a53e479 0 7143476 2
efd0b10c27ecb230ee4e741d3a53e479 0 8170795 1
efd0b10c27ecb230ee4e741d3a53e479 0 159451470 2
efd0b10c27ecb230ee4e741d3a53e479 0 172087427 1
efd0b10c27ecb230ee4e741d3a53e479 0 276159243 2
efd0b10c27ecb230ee4e741d3a53e479 0 4966982 2
efd0b10c27ecb230ee4e741d3a53e479 0 67771496 2
efd0b10c27ecb230ee4e741d3a53e479 0 274734171 2
efd0b10c27ecb230ee4e741d3a53e479 0 46400786 2
efd0b10c27ecb230ee4e741d3a53e479 0 6434428 2
efd0b10c27ecb230ee4e741d3a53e479 0 172087390 2
efd0b10c27ecb230ee4e741d3a53e479 0 63319159 1
efd0b10c27ecb230ee4e741d3a53e479 0 62424986 2
efd0b10c27ecb230ee4e741d3a53e479 0 129056297 2
efd0b10c27ecb230ee4e741d3a53e479 0 25219857 1
efd0b10c27ecb230ee4e741d3a53e479 0 292066253 2
efd0b10c27ecb230ee4e741d3a53e479 0 153969706 2
e777fb4e6e6a57942bf45de4eb297a56 0 135417311 0
e777fb4e6e6a57942bf45de4eb297a56 0 276182812 0
e777fb4e6e6a57942bf45de4eb297a56 0 276788366 0
e777fb4e6e6a57942bf45de4eb297a56 0 273896866 2
e777fb4e6e6a57942bf45de4eb297a56 0 38085341 0
e777fb4e6e6a57942bf45de4eb297a56 0 24874093 0
e777fb4e6e6a57942bf45de4eb297a56 0 15073419 0
e777fb4e6e6a57942bf45de4eb297a56 0 6485491 1
e777fb4e6e6a57942bf45de4eb297a56 0 45177958 0
e777fb4e6e6a57942bf45de4eb297a56 0 302009977 2
e777fb4e6e6a57942bf45de4eb297a56 0 276790039 2
e777fb4e6e6a57942bf45de4eb297a56 0 294085154 2
e777fb4e6e6a57942bf45de4eb297a56 0 305446789 2
e777fb4e6e6a57942bf45de4eb297a56 0 314834934 1
e777fb4e6e6a57942bf45de4eb297a56 0 149996152 0
e777fb4e6e6a57942bf45de4eb297a56 0 295840066 2
e777fb4e6e6a57942bf45de4eb297a56 0 292794420 0
e777fb4e6e6a57942bf45de4eb297a56 0 5252446 2
e777fb4e6e6a57942bf45de4eb297a56 0 78444073 0
43bccec49254f0f5e094653bcda105ec 0 299599665 2
43bccec49254f0f5e094653bcda105ec 0 313277606 2
43bccec49254f0f5e094653bcda105ec 0 143483958 2
43bccec49254f0f5e094653bcda105ec 0 291420799 2
43bccec49254f0f5e094653bcda105ec 0 144715697 2
43bccec49254f0f5e094653bcda105ec 0 284748373 2
43bccec49254f0f5e094653bcda105ec 0 304042176 2
43bccec49254f0f5e094653bcda105ec 0 302901757 2
43bccec49254f0f5e094653bcda105ec 0 172653371 2
43bccec49254f0f5e094653bcda105ec 0 151993077 2
43bccec49254f0f5e094653bcda105ec 0 43736857 2
43bccec49254f0f5e094653bcda105ec 0 276606386 2
43bccec49254f0f5e094653bcda105ec 0 303810671 2
43bccec49254f0f5e094653bcda105ec 0 150664114 1
43bccec49254f0f5e094653bcda105ec 0 158552256 2
43bccec49254f0f5e094653bcda105ec 0 312033136 2
43bccec49254f0f5e094653bcda105ec 0 305956421 2
43bccec49254f0f5e094653bcda105ec 0 302982212 2
43bccec49254f0f5e094653bcda105ec 0 37880262 2
43bccec49254f0f5e094653bcda105ec 0 157619933 2
43bccec49254f0f5e094653bcda105ec 0 148290121 2
43bccec49254f0f5e094653bcda105ec 0 291442526 2
43bccec49254f0f5e094653bcda105ec 0 275702460 2
74569bc356c88f520309e1dc2582fba1 0 234633671 2
74569bc356c88f520309e1dc2582fba1 0 12164484 2
74569bc356c88f520309e1dc2582fba1 0 304990195 2
74569bc356c88f520309e1dc2582fba1 0 13714859 2
74569bc356c88f520309e1dc2582fba1 0 41265344 2
74569bc356c88f520309e1dc2582fba1 0 313487702 2
74569bc356c88f520309e1dc2582fba1 0 19022673 2
74569bc356c88f520309e1dc2582fba1 0 308874137 2
74569bc356c88f520309e1dc2582fba1 0 19214330 0
74569bc356c88f520309e1dc2582fba1 0 2694042 2
74569bc356c88f520309e1dc2582fba1 0 17176819 2
74569bc356c88f520309e1dc2582fba1 0 50067896 2
74569bc356c88f520309e1dc2582fba1 0 2542927 2
74569bc356c88f520309e1dc2582fba1 0 3099817 2
74569bc356c88f520309e1dc2582fba1 0 2657804 2
74569bc356c88f520309e1dc2582fba1 0 8374445 2
74569bc356c88f520309e1dc2582fba1 0 5118923 2
74569bc356c88f520309e1dc2582fba1 0 41651872 2
74569bc356c88f520309e1dc2582fba1 0 245093 2
74569bc356c88f520309e1dc2582fba1 0 70964646 2
74569bc356c88f520309e1dc2582fba1 0 57155445 2
74569bc356c88f520309e1dc2582fba1 0 2991060 2
74569bc356c88f520309e1dc2582fba1 0 5014691 2
74569bc356c88f520309e1dc2582fba1 0 2657060 2
74569bc356c88f520309e1dc2582fba1 0 2501635 1
74569bc356c88f520309e1dc2582fba1 0 9226507 2
1a67fb46391aa322060d761dc65971a9 0 33001120 0
1a67fb46391aa322060d761dc65971a9 0 25003870 1
1a67fb46391aa322060d761dc65971a9 0 296838512 1
1a67fb46391aa322060d761dc65971a9 0 40557060 1
1a67fb46391aa322060d761dc65971a9 0 302423086 1
1a67fb46391aa322060d761dc65971a9 0 313268108 2
1a67fb46391aa322060d761dc65971a9 0 48213742 1
1a67fb46391aa322060d761dc65971a9 0 18772632 2
1a67fb46391aa322060d761dc65971a9 0 46725817 1
1a67fb46391aa322060d761dc65971a9 0 71462574 2
1a67fb46391aa322060d761dc65971a9 0 274972457 2
1a67fb46391aa322060d761dc65971a9 0 31002850 1
1a67fb46391aa322060d761dc65971a9 0 276259304 2
1a67fb46391aa322060d761dc65971a9 0 151013716 1
1a67fb46391aa322060d761dc65971a9 0 289556466 2
1a67fb46391aa322060d761dc65971a9 0 173785496 1
1a67fb46391aa322060d761dc65971a9 0 34007532 2
2fc587e0febb815f217d16fe5a82f6c0 0 4763069 2
2fc587e0febb815f217d16fe5a82f6c0 0 303088840 2
2fc587e0febb815f217d16fe5a82f6c0 0 8220909 2
2fc587e0febb815f217d16fe5a82f6c0 0 63015878 2
2fc587e0febb815f217d16fe5a82f6c0 0 2632339 2
2fc587e0febb815f217d16fe5a82f6c0 0 312932344 0
2fc587e0febb815f217d16fe5a82f6c0 0 46677093 2
2fc587e0febb815f217d16fe5a82f6c0 0 20608222 2
2fc587e0febb815f217d16fe5a82f6c0 0 8725411 2
2fc587e0febb815f217d16fe5a82f6c0 0 250147879 1
2fc587e0febb815f217d16fe5a82f6c0 0 303201121 2
2fc587e0febb815f217d16fe5a82f6c0 0 33575919 1
2fc587e0febb815f217d16fe5a82f6c0 0 36997162 2
2fc587e0febb815f217d16fe5a82f6c0 0 46676889 2
2fc587e0febb815f217d16fe5a82f6c0 0 42923589 2
2fc587e0febb815f217d16fe5a82f6c0 0 28332506 2
2fc587e0febb815f217d16fe5a82f6c0 0 63016992 2
2fc587e0febb815f217d16fe5a82f6c0 0 310790166 2
2fc587e0febb815f217d16fe5a82f6c0 0 276217730 2
2fc587e0febb815f217d16fe5a82f6c0 0 297863589 2
2fc587e0febb815f217d16fe5a82f6c0 0 295984936 0
2fc587e0febb815f217d16fe5a82f6c0 0 8340810 0
a3bbf2d373d4f07d297a5378c6630fcb 0 309264328 0
a3bbf2d373d4f07d297a5378c6630fcb 0 310996549 0
a3bbf2d373d4f07d297a5378c6630fcb 0 290403296 0
a3bbf2d373d4f07d297a5378c6630fcb 0 126172481 0
a3bbf2d373d4f07d297a5378c6630fcb 0 96747381 0
a3bbf2d373d4f07d297a5378c6630fcb 0 302959442 0
a3bbf2d373d4f07d297a5378c6630fcb 0 14387228 0
a3bbf2d373d4f07d297a5378c6630fcb 0 6612218 1
a3bbf2d373d4f07d297a5378c6630fcb 0 302422555 0
a3bbf2d373d4f07d297a5378c6630fcb 0 26620822 0
a3bbf2d373d4f07d297a5378c6630fcb 0 305480600 0
a3bbf2d373d4f07d297a5378c6630fcb 0 6608545 1
a3bbf2d373d4f07d297a5378c6630fcb 0 127931798 0
a3bbf2d373d4f07d297a5378c6630fcb 0 370578 0
a3bbf2d373d4f07d297a5378c6630fcb 0 298419055 0
a3bbf2d373d4f07d297a5378c6630fcb 0 97847926 0
a3bbf2d373d4f07d297a5378c6630fcb 0 2541436 0
a3bbf2d373d4f07d297a5378c6630fcb 0 152448793 0
a3bbf2d373d4f07d297a5378c6630fcb 0 164351894 2
a3bbf2d373d4f07d297a5378c6630fcb 0 291609112 0
a3bbf2d373d4f07d297a5378c6630fcb 0 291887615 0
a3bbf2d373d4f07d297a5378c6630fcb 0 310596626 0
a3bbf2d373d4f07d297a5378c6630fcb 0 171893616 0
a3bbf2d373d4f07d297a5378c6630fcb 0 17555323 1
a3bbf2d373d4f07d297a5378c6630fcb 0 302050608 0
131c00aafe71bd5de7aa945c760b925a 0 85800556 2
131c00aafe71bd5de7aa945c760b925a 0 90801138 2
131c00aafe71bd5de7aa945c760b925a 0 155465907 1
131c00aafe71bd5de7aa945c760b925a 0 7960432 2
131c00aafe71bd5de7aa945c760b925a 0 8786689 2
131c00aafe71bd5de7aa945c760b925a 0 158115985 2
131c00aafe71bd5de7aa945c760b925a 0 67185419 2
131c00aafe71bd5de7aa945c760b925a 0 7958705 2
131c00aafe71bd5de7aa945c760b925a 0 84222909 2
131c00aafe71bd5de7aa945c760b925a 0 142632211 2
131c00aafe71bd5de7aa945c760b925a 0 8293987 2
131c00aafe71bd5de7aa945c760b925a 0 146439165 2
131c00aafe71bd5de7aa945c760b925a 0 70780592 2
131c00aafe71bd5de7aa945c760b925a 0 7960751 1
131c00aafe71bd5de7aa945c760b925a 0 61523938 2
131c00aafe71bd5de7aa945c760b925a 0 98846343 2
131c00aafe71bd5de7aa945c760b925a 0 123411030 2
131c00aafe71bd5de7aa945c760b925a 0 143806336 2
131c00aafe71bd5de7aa945c760b925a 0 7958707 2
131c00aafe71bd5de7aa945c760b925a 0 301137699 2
131c00aafe71bd5de7aa945c760b925a 0 112740528 2
131c00aafe71bd5de7aa945c760b925a 0 267258 2
131c00aafe71bd5de7aa945c760b925a 0 290977843 2
131c00aafe71bd5de7aa945c760b925a 0 70403377 2
131c00aafe71bd5de7aa945c760b925a 0 236379193 2
131c00aafe71bd5de7aa945c760b925a 0 313261758 2
131c00aafe71bd5de7aa945c760b925a 0 168172772 2
131c00aafe71bd5de7aa945c760b925a 0 9551032 1
9ae8eb0cd4e9e0ccbbb6dc5e829fc1f3 0 28943013 2
9ae8eb0cd4e9e0ccbbb6dc5e829fc1f3 0 302387215 2
9ae8eb0cd4e9e0ccbbb6dc5e829fc1f3 0 4866298 2
9ae8eb0cd4e9e0ccbbb6dc5e829fc1f3 0 301844919 2
9ae8eb0cd4e9e0ccbbb6dc5e829fc1f3 0 231779196 1
9ae8eb0cd4e9e0ccbbb6dc5e829fc1f3 0 139765951 2
9ae8eb0cd4e9e0ccbbb6dc5e829fc1f3 0 301709157 2
9ae8eb0cd4e9e0ccbbb6dc5e829fc1f3 0 283175335 1
9ae8eb0cd4e9e0ccbbb6dc5e829fc1f3 0 42897855 0
9ae8eb0cd4e9e0ccbbb6dc5e829fc1f3 0 170415258 2
9ae8eb0cd4e9e0ccbbb6dc5e829fc1f3 0 305743781 2
9ae8eb0cd4e9e0ccbbb6dc5e829fc1f3 0 10916979 2
9ae8eb0cd4e9e0ccbbb6dc5e829fc1f3 0 3099778 1
9ae8eb0cd4e9e0ccbbb6dc5e829fc1f3 0 302379895 2
9ae8eb0cd4e9e0ccbbb6dc5e829fc1f3 0 26698831 2
9ae8eb0cd4e9e0ccbbb6dc5e829fc1f3 0 347946 2
9ae8eb0cd4e9e0ccbbb6dc5e829fc1f3 0 32630448 2
9ae8eb0cd4e9e0ccbbb6dc5e829fc1f3 0 151843576 1
9ae8eb0cd4e9e0ccbbb6dc5e829fc1f3 0 303735744 1
9ae8eb0cd4e9e0ccbbb6dc5e829fc1f3 0 304923009 1
9ae8eb0cd4e9e0ccbbb6dc5e829fc1f3 0 141318959 0
9ae8eb0cd4e9e0ccbbb6dc5e829fc1f3 0 14306276 2
9ae8eb0cd4e9e0ccbbb6dc5e829fc1f3 0 276612031 2
9ae8eb0cd4e9e0ccbbb6dc5e829fc1f3 0 150002602 1
4c256973018aa8c74d480b9d83b7996f 0 227029100 2
4c256973018aa8c74d480b9d83b7996f 0 301488350 2
4c256973018aa8c74d480b9d83b7996f 0 311068061 2
4c256973018aa8c74d480b9d83b7996f 0 4468998 2
4c256973018aa8c74d480b9d83b7996f 0 41660183 2
4c256973018aa8c74d480b9d83b7996f 0 24692489 2
4c256973018aa8c74d480b9d83b7996f 0 275647901 2
4c256973018aa8c74d480b9d83b7996f 0 59412125 2
4c256973018aa8c74d480b9d83b7996f 0 11017073 2
4c256973018aa8c74d480b9d83b7996f 0 308324506 2
4c256973018aa8c74d480b9d83b7996f 0 24995517 2
4c256973018aa8c74d480b9d83b7996f 0 14147138 2
4c256973018aa8c74d480b9d83b7996f 0 135973593 2
4c256973018aa8c74d480b9d83b7996f 0 5096316 2
4c256973018aa8c74d480b9d83b7996f 0 302914365 2
4c256973018aa8c74d480b9d83b7996f 0 302950640 2
4c256973018aa8c74d480b9d83b7996f 0 24865775 2
4c256973018aa8c74d480b9d83b7996f 0 300886644 2
4c256973018aa8c74d480b9d83b7996f 0 141289613 2
4c256973018aa8c74d480b9d83b7996f 0 7119206 2
4c256973018aa8c74d480b9d83b7996f 0 291388959 2
4c256973018aa8c74d480b9d83b7996f 0 136404981 1
4c256973018aa8c74d480b9d83b7996f 0 17421927 2
4c256973018aa8c74d480b9d83b7996f 0 313155928 2
4c256973018aa8c74d480b9d83b7996f 0 616803 2
4c256973018aa8c74d480b9d83b7996f 0 4466051 2
4c256973018aa8c74d480b9d83b7996f 0 1065274 2
4c256973018aa8c74d480b9d83b7996f 0 296872985 2
4c256973018aa8c74d480b9d83b7996f 0 25671333 2
8cc85d9d1d5424fb44a6e3c22ecc8a12 0 1173019 1
8cc85d9d1d5424fb44a6e3c22ecc8a12 0 15025550 2
8cc85d9d1d5424fb44a6e3c22ecc8a12 0 18389064 2
8cc85d9d1d5424fb44a6e3c22ecc8a12 0 8363148 2
8cc85d9d1d5424fb44a6e3c22ecc8a12 0 310981023 1
8cc85d9d1d5424fb44a6e3c22ecc8a12 0 18388598 2
8cc85d9d1d5424fb44a6e3c22ecc8a12 0 304488848 2
8cc85d9d1d5424fb44a6e3c22ecc8a12 0 16169235 2
8cc85d9d1d5424fb44a6e3c22ecc8a12 0 18388862 1
8cc85d9d1d5424fb44a6e3c22ecc8a12 0 17902144 1
8cc85d9d1d5424fb44a6e3c22ecc8a12 0 275346364 1
8cc85d9d1d5424fb44a6e3c22ecc8a12 0 6749723 2
8cc85d9d1d5424fb44a6e3c22ecc8a12 0 291504875 2
8cc85d9d1d5424fb44a6e3c22ecc8a12 0 301148799 2
8cc85d9d1d5424fb44a6e3c22ecc8a12 0 34152757 2
8cc85d9d1d5424fb44a6e3c22ecc8a12 0 158506557 2
8cc85d9d1d5424fb44a6e3c22ecc8a12 0 308754195 2
8cc85d9d1d5424fb44a6e3c22ecc8a12 0 4411205 2
8cc85d9d1d5424fb44a6e3c22ecc8a12 0 4415948 2
8cc85d9d1d5424fb44a6e3c22ecc8a12 0 18388170 2
8cc85d9d1d5424fb44a6e3c22ecc8a12 0 158312327 2
8cc85d9d1d5424fb44a6e3c22ecc8a12 0 4414716 2
8cc85d9d1d5424fb44a6e3c22ecc8a12 0 2726728 2
8cc85d9d1d5424fb44a6e3c22ecc8a12 0 298320674 1
8cc85d9d1d5424fb44a6e3c22ecc8a12 0 310944522 1
8cc85d9d1d5424fb44a6e3c22ecc8a12 0 311783798 2
8cc85d9d1d5424fb44a6e3c22ecc8a12 0 266982402 2
9b2923bddc4938bcb6f1cd27169ed2e1 0 294478560 0
9b2923bddc4938bcb6f1cd27169ed2e1 0 24744925 0
9b2923bddc4938bcb6f1cd27169ed2e1 0 284845955 0
9b2923bddc4938bcb6f1cd27169ed2e1 0 43886574 1
9b2923bddc4938bcb6f1cd27169ed2e1 0 302817302 0
9b2923bddc4938bcb6f1cd27169ed2e1 0 161606803 2
9b2923bddc4938bcb6f1cd27169ed2e1 0 302961975 1
9b2923bddc4938bcb6f1cd27169ed2e1 0 294405374 0
9b2923bddc4938bcb6f1cd27169ed2e1 0 303822436 0
9b2923bddc4938bcb6f1cd27169ed2e1 0 54155650 1
9b2923bddc4938bcb6f1cd27169ed2e1 0 134184342 1
9b2923bddc4938bcb6f1cd27169ed2e1 0 151596085 1
9b2923bddc4938bcb6f1cd27169ed2e1 0 304507083 1
9b2923bddc4938bcb6f1cd27169ed2e1 0 301316595 0
9b2923bddc4938bcb6f1cd27169ed2e1 0 6497837 1
9b2923bddc4938bcb6f1cd27169ed2e1 0 160618339 1
9b2923bddc4938bcb6f1cd27169ed2e1 0 164017151 1
9b2923bddc4938bcb6f1cd27169ed2e1 0 312625314 1
9b2923bddc4938bcb6f1cd27169ed2e1 0 62529765 0
9b2923bddc4938bcb6f1cd27169ed2e1 0 284055929 0
9b2923bddc4938bcb6f1cd27169ed2e1 0 300348608 1
9b2923bddc4938bcb6f1cd27169ed2e1 0 58979758 1
9b2923bddc4938bcb6f1cd27169ed2e1 0 290051150 1
9b2923bddc4938bcb6f1cd27169ed2e1 0 305738588 0
9b2923bddc4938bcb6f1cd27169ed2e1 0 109529590 1
9b2923bddc4938bcb6f1cd27169ed2e1 0 173704112 1
9b2923bddc4938bcb6f1cd27169ed2e1 0 313009552 1
9b2923bddc4938bcb6f1cd27169ed2e1 0 308821931 0
9b2923bddc4938bcb6f1cd27169ed2e1 0 303379409 1
b9ad3ed3cdd94a9248b41027054aa84f 0 122692091 2
b9ad3ed3cdd94a9248b41027054aa84f 0 127395703 0
b9ad3ed3cdd94a9248b41027054aa84f 0 156952782 1
b9ad3ed3cdd94a9248b41027054aa84f 0 145622318 2
b9ad3ed3cdd94a9248b41027054aa84f 0 151267029 2
b9ad3ed3cdd94a9248b41027054aa84f 0 127667448 1
b9ad3ed3cdd94a9248b41027054aa84f 0 157672471 2
b9ad3ed3cdd94a9248b41027054aa84f 0 299819387 1
b9ad3ed3cdd94a9248b41027054aa84f 0 156952685 0
b9ad3ed3cdd94a9248b41027054aa84f 0 76342819 0
b9ad3ed3cdd94a9248b41027054aa84f 0 76342703 0
b9ad3ed3cdd94a9248b41027054aa84f 0 124659568 2
b9ad3ed3cdd94a9248b41027054aa84f 0 166425399 1
b9ad3ed3cdd94a9248b41027054aa84f 0 76341609 0
b9ad3ed3cdd94a9248b41027054aa84f 0 151595598 2
b9ad3ed3cdd94a9248b41027054aa84f 0 76340440 0
b9ad3ed3cdd94a9248b41027054aa84f 0 40048680 2
b9ad3ed3cdd94a9248b41027054aa84f 0 76340978 0
b9ad3ed3cdd94a9248b41027054aa84f 0 151600466 2
b9ad3ed3cdd94a9248b41027054aa84f 0 66033019 1
b9ad3ed3cdd94a9248b41027054aa84f 0 169707310 2
54b55924e8e0a4bcf9e14d55fe76b3f6 0 4210203 0
54b55924e8e0a4bcf9e14d55fe76b3f6 0 305112985 0
54b55924e8e0a4bcf9e14d55fe76b3f6 0 311161949 1
54b55924e8e0a4bcf9e14d55fe76b3f6 0 73852972 1
54b55924e8e0a4bcf9e14d55fe76b3f6 0 63040367 1
54b55924e8e0a4bcf9e14d55fe76b3f6 0 63363016 1
54b55924e8e0a4bcf9e14d55fe76b3f6 0 125797801 2
54b55924e8e0a4bcf9e14d55fe76b3f6 0 308881825 1
54b55924e8e0a4bcf9e14d55fe76b3f6 0 290397751 0
54b55924e8e0a4bcf9e14d55fe76b3f6 0 69665163 1
54b55924e8e0a4bcf9e14d55fe76b3f6 0 63381855 0
54b55924e8e0a4bcf9e14d55fe76b3f6 0 11308440 1
54b55924e8e0a4bcf9e14d55fe76b3f6 0 173702069 0
54b55924e8e0a4bcf9e14d55fe76b3f6 0 33884915 1
54b55924e8e0a4bcf9e14d55fe76b3f6 0 300704267 0
54b55924e8e0a4bcf9e14d55fe76b3f6 0 26613740 1
54b55924e8e0a4bcf9e14d55fe76b3f6 0 299880970 1
54b55924e8e0a4bcf9e14d55fe76b3f6 0 168896740 1
54b55924e8e0a4bcf9e14d55fe76b3f6 0 7138746 0
54b55924e8e0a4bcf9e14d55fe76b3f6 0 166827351 0
54b55924e8e0a4bcf9e14d55fe76b3f6 0 228134104 0
54b55924e8e0a4bcf9e14d55fe76b3f6 0 290908750 0
490b8a43c69fd04226e5651f809a3a80 0 31329625 2
490b8a43c69fd04226e5651f809a3a80 0 301416435 2
490b8a43c69fd04226e5651f809a3a80 0 314913797 2
490b8a43c69fd04226e5651f809a3a80 0 22497757 2
490b8a43c69fd04226e5651f809a3a80 0 8676766 2
490b8a43c69fd04226e5651f809a3a80 0 25737346 2
490b8a43c69fd04226e5651f809a3a80 0 22498147 2
490b8a43c69fd04226e5651f809a3a80 0 69343320 2
490b8a43c69fd04226e5651f809a3a80 0 22497359 2
490b8a43c69fd04226e5651f809a3a80 0 26558064 2
490b8a43c69fd04226e5651f809a3a80 0 274814200 2
490b8a43c69fd04226e5651f809a3a80 0 136406628 2
490b8a43c69fd04226e5651f809a3a80 0 2960933 2
490b8a43c69fd04226e5651f809a3a80 0 301860733 2
490b8a43c69fd04226e5651f809a3a80 0 44985207 2
490b8a43c69fd04226e5651f809a3a80 0 28975382 2
490b8a43c69fd04226e5651f809a3a80 0 293472273 2
490b8a43c69fd04226e5651f809a3a80 0 107379949 2
490b8a43c69fd04226e5651f809a3a80 0 275717919 2
490b8a43c69fd04226e5651f809a3a80 0 84132181 2
490b8a43c69fd04226e5651f809a3a80 0 5179654 2
490b8a43c69fd04226e5651f809a3a80 0 122442553 2
fabb1390e6818519b43c2dc961a8402d 0 2516619 1
fabb1390e6818519b43c2dc961a8402d 0 301213711 1
fabb1390e6818519b43c2dc961a8402d 0 8791781 1
fabb1390e6818519b43c2dc961a8402d 0 2861220 2
fabb1390e6818519b43c2dc961a8402d 0 172766903 2
fabb1390e6818519b43c2dc961a8402d 0 293060862 2
fabb1390e6818519b43c2dc961a8402d 0 308873614 2
fabb1390e6818519b43c2dc961a8402d 0 169913470 2
fabb1390e6818519b43c2dc961a8402d 0 301794783 2
fabb1390e6818519b43c2dc961a8402d 0 31036920 2
fabb1390e6818519b43c2dc961a8402d 0 305435635 2
fabb1390e6818519b43c2dc961a8402d 0 287582245 2
fabb1390e6818519b43c2dc961a8402d 0 5003299 2
fabb1390e6818519b43c2dc961a8402d 0 301421772 2
fabb1390e6818519b43c2dc961a8402d 0 47825368 2
fabb1390e6818519b43c2dc961a8402d 0 12116724 1
fabb1390e6818519b43c2dc961a8402d 0 8257457 2
fabb1390e6818519b43c2dc961a8402d 0 305435634 2
fabb1390e6818519b43c2dc961a8402d 0 81753459 2
fabb1390e6818519b43c2dc961a8402d 0 308759561 2
fabb1390e6818519b43c2dc961a8402d 0 172671220 2
fabb1390e6818519b43c2dc961a8402d 0 2514233 2
fabb1390e6818519b43c2dc961a8402d 0 297885298 2
d6e9712bf4d78dc25582d46273456358 0 310155478 2
d6e9712bf4d78dc25582d46273456358 0 8857975 2
d6e9712bf4d78dc25582d46273456358 0 125008554 2
d6e9712bf4d78dc25582d46273456358 0 166705673 2
d6e9712bf4d78dc25582d46273456358 0 17727072 2
d6e9712bf4d78dc25582d46273456358 0 8864974 2
d6e9712bf4d78dc25582d46273456358 0 150712054 2
d6e9712bf4d78dc25582d46273456358 0 85392705 2
d6e9712bf4d78dc25582d46273456358 0 8860042 2
d6e9712bf4d78dc25582d46273456358 0 122610844 2
d6e9712bf4d78dc25582d46273456358 0 17809430 2
d6e9712bf4d78dc25582d46273456358 0 8869914 2
d6e9712bf4d78dc25582d46273456358 0 289493102 2
d6e9712bf4d78dc25582d46273456358 0 133624052 2
d6e9712bf4d78dc25582d46273456358 0 157674718 2
d6e9712bf4d78dc25582d46273456358 0 7933065 2
d6e9712bf4d78dc25582d46273456358 0 58961356 2
d6e9712bf4d78dc25582d46273456358 0 63047042 2
d6e9712bf4d78dc25582d46273456358 0 305557188 2
d6e9712bf4d78dc25582d46273456358 0 42851831 2
d6e9712bf4d78dc25582d46273456358 0 8384111 2
42284396e658b176132e066cfbe7e3f4 0 169312568 2
42284396e658b176132e066cfbe7e3f4 0 291378169 2
42284396e658b176132e066cfbe7e3f4 0 148239271 2
42284396e658b176132e066cfbe7e3f4 0 303471757 2
42284396e658b176132e066cfbe7e3f4 0 15108640 0
42284396e658b176132e066cfbe7e3f4 0 2473020 2
42284396e658b176132e066cfbe7e3f4 0 155650960 2
42284396e658b176132e066cfbe7e3f4 0 40102189 2
42284396e658b176132e066cfbe7e3f4 0 143685752 2
42284396e658b176132e066cfbe7e3f4 0 303377882 2
42284396e658b176132e066cfbe7e3f4 0 559790 2
42284396e658b176132e066cfbe7e3f4 0 291416471 2
42284396e658b176132e066cfbe7e3f4 0 122211293 2
42284396e658b176132e066cfbe7e3f4 0 294948376 2
42284396e658b176132e066cfbe7e3f4 0 303472951 1
42284396e658b176132e066cfbe7e3f4 0 19214361 1
42284396e658b176132e066cfbe7e3f4 0 294918981 2
42284396e658b176132e066cfbe7e3f4 0 77441924 1
42284396e658b176132e066cfbe7e3f4 0 299002812 2
42284396e658b176132e066cfbe7e3f4 0 291425866 2
42284396e658b176132e066cfbe7e3f4 0 40102969 2
42284396e658b176132e066cfbe7e3f4 0 302390620 2
42284396e658b176132e066cfbe7e3f4 0 290083514 2
42284396e658b176132e066cfbe7e3f4 0 302888546 2
42284396e658b176132e066cfbe7e3f4 0 8868027 2
42284396e658b176132e066cfbe7e3f4 0 313259983 1
bcad44163fe01bcfd8546add976af54a 0 311022254 2
bcad44163fe01bcfd8546add976af54a 0 282319700 2
bcad44163fe01bcfd8546add976af54a 0 83877076 2
bcad44163fe01bcfd8546add976af54a 0 165074893 2
bcad44163fe01bcfd8546add976af54a 0 24903732 2
bcad44163fe01bcfd8546add976af54a 0 4474764 2
bcad44163fe01bcfd8546add976af54a 0 4407395 2
bcad44163fe01bcfd8546add976af54a 0 15109438 2
bcad44163fe01bcfd8546add976af54a 0 42775169 2
bcad44163fe01bcfd8546add976af54a 0 8295722 2
bcad44163fe01bcfd8546add976af54a 0 275644896 2
bcad44163fe01bcfd8546add976af54a 0 301798545 2
bcad44163fe01bcfd8546add976af54a 0 293912035 2
bcad44163fe01bcfd8546add976af54a 0 292271441 2
bcad44163fe01bcfd8546add976af54a 0 164891063 2
bcad44163fe01bcfd8546add976af54a 0 4474281 2
bcad44163fe01bcfd8546add976af54a 0 149397182 2
bcad44163fe01bcfd8546add976af54a 0 11024815 2
bcad44163fe01bcfd8546add976af54a 0 303367565 2
bcad44163fe01bcfd8546add976af54a 0 168225416 2
bcad44163fe01bcfd8546add976af54a 0 302923078 2
bcad44163fe01bcfd8546add976af54a 0 294919521 2
bcad44163fe01bcfd8546add976af54a 0 48123177 2
bcad44163fe01bcfd8546add976af54a 0 159151911 2
ef5f18ea2659e8dc4f0281f584766c97 0 11613493 2
ef5f18ea2659e8dc4f0281f584766c97 0 6789545 2
ef5f18ea2659e8dc4f0281f584766c97 0 8343556 2
ef5f18ea2659e8dc4f0281f584766c97 0 36995995 0
ef5f18ea2659e8dc4f0281f584766c97 0 82494724 2
ef5f18ea2659e8dc4f0281f584766c97 0 86685485 2
ef5f18ea2659e8dc4f0281f584766c97 0 8227776 1
ef5f18ea2659e8dc4f0281f584766c97 0 69384582 2
ef5f18ea2659e8dc4f0281f584766c97 0 69386637 2
ef5f18ea2659e8dc4f0281f584766c97 0 48204082 2
ef5f18ea2659e8dc4f0281f584766c97 0 131113338 1
ef5f18ea2659e8dc4f0281f584766c97 0 162373273 2
ef5f18ea2659e8dc4f0281f584766c97 0 163323067 2
ef5f18ea2659e8dc4f0281f584766c97 0 18531173 1
ef5f18ea2659e8dc4f0281f584766c97 0 18387610 2
ef5f18ea2659e8dc4f0281f584766c97 0 7688680 1
ef5f18ea2659e8dc4f0281f584766c97 0 37506777 1
ef5f18ea2659e8dc4f0281f584766c97 0 305589886 2
ef5f18ea2659e8dc4f0281f584766c97 0 31611350 2
ef5f18ea2659e8dc4f0281f584766c97 0 39670727 2
ef5f18ea2659e8dc4f0281f584766c97 0 43341949 2
ef5f18ea2659e8dc4f0281f584766c97 0 10145588 2
ef5f18ea2659e8dc4f0281f584766c97 0 126676447 0
ef5f18ea2659e8dc4f0281f584766c97 0 125257207 2
ef5f18ea2659e8dc4f0281f584766c97 0 62048913 2
214e0e6a764e36edddccb487e9412d52 0 2380924 2
214e0e6a764e36edddccb487e9412d52 0 301850081 2
214e0e6a764e36edddccb487e9412d52 0 2380184 2
214e0e6a764e36edddccb487e9412d52 0 43523919 2
214e0e6a764e36edddccb487e9412d52 0 67826971 2
214e0e6a764e36edddccb487e9412d52 0 304523381 2
214e0e6a764e36edddccb487e9412d52 0 293351196 2
214e0e6a764e36edddccb487e9412d52 0 6915860 2
214e0e6a764e36edddccb487e9412d52 0 296423388 2
214e0e6a764e36edddccb487e9412d52 0 48204847 2
214e0e6a764e36edddccb487e9412d52 0 31450566 2
214e0e6a764e36edddccb487e9412d52 0 292678615 2
214e0e6a764e36edddccb487e9412d52 0 289573962 2
214e0e6a764e36edddccb487e9412d52 0 62583621 2
214e0e6a764e36edddccb487e9412d52 0 539860 2
214e0e6a764e36edddccb487e9412d52 0 126089338 2
214e0e6a764e36edddccb487e9412d52 0 62544759 2
214e0e6a764e36edddccb487e9412d52 0 292480155 2
214e0e6a764e36edddccb487e9412d52 0 38432097 2
214e0e6a764e36edddccb487e9412d52 0 136038492 2
214e0e6a764e36edddccb487e9412d52 0 71210573 2
214e0e6a764e36edddccb487e9412d52 0 2465011 2
214e0e6a764e36edddccb487e9412d52 0 37482712 2
214e0e6a764e36edddccb487e9412d52 0 138381221 2
214e0e6a764e36edddccb487e9412d52 0 12542807 1
214e0e6a764e36edddccb487e9412d52 0 6375988 2
d7fac8d8260d9e31b90c37041ead5d67 0 279726699 2
d7fac8d8260d9e31b90c37041ead5d67 0 12539751 0
d7fac8d8260d9e31b90c37041ead5d67 0 24883528 0
d7fac8d8260d9e31b90c37041ead5d67 0 2381538 0
d7fac8d8260d9e31b90c37041ead5d67 0 292166320 2
d7fac8d8260d9e31b90c37041ead5d67 0 24871855 1
d7fac8d8260d9e31b90c37041ead5d67 0 12779736 0
d7fac8d8260d9e31b90c37041ead5d67 0 15251682 0
d7fac8d8260d9e31b90c37041ead5d67 0 86012864 2
d7fac8d8260d9e31b90c37041ead5d67 0 174829008 1
d7fac8d8260d9e31b90c37041ead5d67 0 24866462 0
d7fac8d8260d9e31b90c37041ead5d67 0 24820433 1
d7fac8d8260d9e31b90c37041ead5d67 0 50677894 2
d7fac8d8260d9e31b90c37041ead5d67 0 24858002 0
d7fac8d8260d9e31b90c37041ead5d67 0 24870755 1
d7fac8d8260d9e31b90c37041ead5d67 0 162216863 0
d7fac8d8260d9e31b90c37041ead5d67 0 77744283 1
d7fac8d8260d9e31b90c37041ead5d67 0 24774160 2
d7fac8d8260d9e31b90c37041ead5d67 0 24859011 0
d7fac8d8260d9e31b90c37041ead5d67 0 292415037 0
d7fac8d8260d9e31b90c37041ead5d67 0 24894071 0
d7fac8d8260d9e31b90c37041ead5d67 0 78479327 2
d7fac8d8260d9e31b90c37041ead5d67 0 154917872 0
180b7026c3f14190c7aadabec96e1268 0 160910444 2
180b7026c3f14190c7aadabec96e1268 0 172055890 1
180b7026c3f14190c7aadabec96e1268 0 127820410 2
180b7026c3f14190c7aadabec96e1268 0 173700934 2
180b7026c3f14190c7aadabec96e1268 0 310417600 2
180b7026c3f14190c7aadabec96e1268 0 157785805 1
180b7026c3f14190c7aadabec96e1268 0 303973786 2
180b7026c3f14190c7aadabec96e1268 0 160947809 1
180b7026c3f14190c7aadabec96e1268 0 168924576 1
180b7026c3f14190c7aadabec96e1268 0 295434838 2
180b7026c3f14190c7aadabec96e1268 0 298905479 2
180b7026c3f14190c7aadabec96e1268 0 79248379 2
180b7026c3f14190c7aadabec96e1268 0 162618526 0
180b7026c3f14190c7aadabec96e1268 0 167385909 1
180b7026c3f14190c7aadabec96e1268 0 160666538 1
180b7026c3f14190c7aadabec96e1268 0 158101559 2
180b7026c3f14190c7aadabec96e1268 0 152302531 1
180b7026c3f14190c7aadabec96e1268 0 310868203 1
180b7026c3f14190c7aadabec96e1268 0 309843780 2
180b7026c3f14190c7aadabec96e1268 0 167402872 2
180b7026c3f14190c7aadabec96e1268 0 170314757 1
180b7026c3f14190c7aadabec96e1268 0 127134159 2
180b7026c3f14190c7aadabec96e1268 0 160625970 2
180b7026c3f14190c7aadabec96e1268 0 301461803 2
180b7026c3f14190c7aadabec96e1268 0 138190672 1
4adbf08885051021d6cce7a803506cb3 0 313380064 1
4adbf08885051021d6cce7a803506cb3 0 303976829 1
4adbf08885051021d6cce7a803506cb3 0 301842992 2
4adbf08885051021d6cce7a803506cb3 0 17541979 1
4adbf08885051021d6cce7a803506cb3 0 9016827 0
4adbf08885051021d6cce7a803506cb3 0 313857145 1
4adbf08885051021d6cce7a803506cb3 0 336411 1
4adbf08885051021d6cce7a803506cb3 0 298108440 0
4adbf08885051021d6cce7a803506cb3 0 276260604 1
4adbf08885051021d6cce7a803506cb3 0 292049439 1
4adbf08885051021d6cce7a803506cb3 0 38256098 2
4adbf08885051021d6cce7a803506cb3 0 309650636 1
4adbf08885051021d6cce7a803506cb3 0 311255652 1
4adbf08885051021d6cce7a803506cb3 0 7142688 1
4adbf08885051021d6cce7a803506cb3 0 290882368 1
4adbf08885051021d6cce7a803506cb3 0 286879460 1
4adbf08885051021d6cce7a803506cb3 0 301958016 1
4adbf08885051021d6cce7a803506cb3 0 305645192 1
4adbf08885051021d6cce7a803506cb3 0 160412785 0
4adbf08885051021d6cce7a803506cb3 0 85005460 1
4adbf08885051021d6cce7a803506cb3 0 305519146 1
4adbf08885051021d6cce7a803506cb3 0 37248597 1
4adbf08885051021d6cce7a803506cb3 0 308888261 1
4adbf08885051021d6cce7a803506cb3 0 308882348 1
4adbf08885051021d6cce7a803506cb3 0 308820850 1
4adbf08885051021d6cce7a803506cb3 0 304480131 1
a17857d1a641623051cc8b231abd516b 0 144214697 1
a17857d1a641623051cc8b231abd516b 0 169083368 2
a17857d1a641623051cc8b231abd516b 0 126329432 2
a17857d1a641623051cc8b231abd516b 0 129964266 2
a17857d1a641623051cc8b231abd516b 0 78346050 0
a17857d1a641623051cc8b231abd516b 0 152501835 2
a17857d1a641623051cc8b231abd516b 0 129967111 2
a17857d1a641623051cc8b231abd516b 0 145590574 2
a17857d1a641623051cc8b231abd516b 0 303526961 2
a17857d1a641623051cc8b231abd516b 0 51504079 2
a17857d1a641623051cc8b231abd516b 0 59992399 2
a17857d1a641623051cc8b231abd516b 0 160633836 2
a17857d1a641623051cc8b231abd516b 0 293020710 2
a17857d1a641623051cc8b231abd516b 0 170968376 2
a17857d1a641623051cc8b231abd516b 0 169318861 1
a17857d1a641623051cc8b231abd516b 0 148239420 2
a17857d1a641623051cc8b231abd516b 0 151014193 1
a17857d1a641623051cc8b231abd516b 0 167784616 1
a17857d1a641623051cc8b231abd516b 0 107760090 2
a17857d1a641623051cc8b231abd516b 0 148790532 2
a17857d1a641623051cc8b231abd516b 0 153642500 2
a17857d1a641623051cc8b231abd516b 0 150665655 2
a17857d1a641623051cc8b231abd516b 0 171177306 2
a17857d1a641623051cc8b231abd516b 0 31604525 1
a17857d1a641623051cc8b231abd516b 0 54270201 2
184d98712ea5b9f83628dd07afd44664 0 37994442 2
184d98712ea5b9f83628dd07afd44664 0 62540631 1
184d98712ea5b9f83628dd07afd44664 0 82837918 2
184d98712ea5b9f83628dd07afd44664 0 274811775 2
184d98712ea5b9f83628dd07afd44664 0 301227912 2
184d98712ea5b9f83628dd07afd44664 0 304579002 1
184d98712ea5b9f83628dd07afd44664 0 6375845 1
184d98712ea5b9f83628dd07afd44664 0 132681418 1
184d98712ea5b9f83628dd07afd44664 0 17809299 0
184d98712ea5b9f83628dd07afd44664 0 41646701 1
184d98712ea5b9f83628dd07afd44664 0 12536525 1
184d98712ea5b9f83628dd07afd44664 0 6906121 1
184d98712ea5b9f83628dd07afd44664 0 2472268 1
184d98712ea5b9f83628dd07afd44664 0 276305129 0
184d98712ea5b9f83628dd07afd44664 0 293953 2
184d98712ea5b9f83628dd07afd44664 0 129967362 0
184d98712ea5b9f83628dd07afd44664 0 305667058 2
184d98712ea5b9f83628dd07afd44664 0 310876730 1
184d98712ea5b9f83628dd07afd44664 0 59972941 0
184d98712ea5b9f83628dd07afd44664 0 304036596 2
184d98712ea5b9f83628dd07afd44664 0 6548006 0
184d98712ea5b9f83628dd07afd44664 0 312787681 1
184d98712ea5b9f83628dd07afd44664 0 297970511 0
184d98712ea5b9f83628dd07afd44664 0 289681845 0
184d98712ea5b9f83628dd07afd44664 0 2484105 1
184d98712ea5b9f83628dd07afd44664 0 407820 0
0455a10c1c01fa9d11d907fdde2fd578 0 298370470 2
0455a10c1c01fa9d11d907fdde2fd578 0 276502465 2
0455a10c1c01fa9d11d907fdde2fd578 0 9915239 2
0455a10c1c01fa9d11d907fdde2fd578 0 148965128 2
0455a10c1c01fa9d11d907fdde2fd578 0 305018821 2
0455a10c1c01fa9d11d907fdde2fd578 0 311063451 2
0455a10c1c01fa9d11d907fdde2fd578 0 310443465 2
0455a10c1c01fa9d11d907fdde2fd578 0 305450282 2
0455a10c1c01fa9d11d907fdde2fd578 0 2974206 1
0455a10c1c01fa9d11d907fdde2fd578 0 291377636 2
0455a10c1c01fa9d11d907fdde2fd578 0 52919849 2
0455a10c1c01fa9d11d907fdde2fd578 0 276765185 2
0455a10c1c01fa9d11d907fdde2fd578 0 78766630 2
0455a10c1c01fa9d11d907fdde2fd578 0 291800914 1
0455a10c1c01fa9d11d907fdde2fd578 0 48124652 2
0455a10c1c01fa9d11d907fdde2fd578 0 18619246 3
0455a10c1c01fa9d11d907fdde2fd578 0 311063233 2
0455a10c1c01fa9d11d907fdde2fd578 0 310856616 1
0455a10c1c01fa9d11d907fdde2fd578 0 37477788 1
0455a10c1c01fa9d11d907fdde2fd578 0 9859977 2
0455a10c1c01fa9d11d907fdde2fd578 0 313550193 2
0455a10c1c01fa9d11d907fdde2fd578 0 8792048 1
0455a10c1c01fa9d11d907fdde2fd578 0 275709140 2
0455a10c1c01fa9d11d907fdde2fd578 0 85631095 2
0455a10c1c01fa9d11d907fdde2fd578 0 313831143 2
0455a10c1c01fa9d11d907fdde2fd578 0 298823580 1
0455a10c1c01fa9d11d907fdde2fd578 0 6979085 2
0455a10c1c01fa9d11d907fdde2fd578 0 51825318 2
0455a10c1c01fa9d11d907fdde2fd578 0 301306247 1
62b27acf91c11c6c9d760cfdc0c33022 0 123497624 1
62b27acf91c11c6c9d760cfdc0c33022 0 50195163 2
62b27acf91c11c6c9d760cfdc0c33022 0 150617876 2
62b27acf91c11c6c9d760cfdc0c33022 0 8178656 2
62b27acf91c11c6c9d760cfdc0c33022 0 150352310 2
62b27acf91c11c6c9d760cfdc0c33022 0 87096238 2
62b27acf91c11c6c9d760cfdc0c33022 0 70330062 2
62b27acf91c11c6c9d760cfdc0c33022 0 303894824 2
62b27acf91c11c6c9d760cfdc0c33022 0 99322614 2
62b27acf91c11c6c9d760cfdc0c33022 0 151638028 2
62b27acf91c11c6c9d760cfdc0c33022 0 129403659 2
62b27acf91c11c6c9d760cfdc0c33022 0 312952340 2
62b27acf91c11c6c9d760cfdc0c33022 0 135969617 2
62b27acf91c11c6c9d760cfdc0c33022 0 69993600 2
62b27acf91c11c6c9d760cfdc0c33022 0 164473467 2
62b27acf91c11c6c9d760cfdc0c33022 0 134355414 2
62b27acf91c11c6c9d760cfdc0c33022 0 157818335 2
62b27acf91c11c6c9d760cfdc0c33022 0 59696273 2
0eb2a0f2a29a2fbfc09b4e58c7743f72 0 301687575 0
0eb2a0f2a29a2fbfc09b4e58c7743f72 0 299517800 1
0eb2a0f2a29a2fbfc09b4e58c7743f72 0 2499213 0
0eb2a0f2a29a2fbfc09b4e58c7743f72 0 301851153 1
0eb2a0f2a29a2fbfc09b4e58c7743f72 0 2088712 0
0eb2a0f2a29a2fbfc09b4e58c7743f72 0 296032855 0
0eb2a0f2a29a2fbfc09b4e58c7743f72 0 301112679 1
0eb2a0f2a29a2fbfc09b4e58c7743f72 0 7163269 2
0eb2a0f2a29a2fbfc09b4e58c7743f72 0 310856628 1
0eb2a0f2a29a2fbfc09b4e58c7743f72 0 303738260 1
0eb2a0f2a29a2fbfc09b4e58c7743f72 0 297507080 1
0eb2a0f2a29a2fbfc09b4e58c7743f72 0 289500295 1
0eb2a0f2a29a2fbfc09b4e58c7743f72 0 31408565 0
0eb2a0f2a29a2fbfc09b4e58c7743f72 0 312442527 1
0eb2a0f2a29a2fbfc09b4e58c7743f72 0 7087890 1
0eb2a0f2a29a2fbfc09b4e58c7743f72 0 279722212 1
0eb2a0f2a29a2fbfc09b4e58c7743f72 0 6341348 2
0eb2a0f2a29a2fbfc09b4e58c7743f72 0 291595077 0
0eb2a0f2a29a2fbfc09b4e58c7743f72 0 304353922 1
0eb2a0f2a29a2fbfc09b4e58c7743f72 0 302911395 0
0eb2a0f2a29a2fbfc09b4e58c7743f72 0 308893394 1
0eb2a0f2a29a2fbfc09b4e58c7743f72 0 303695549 0
0eb2a0f2a29a2fbfc09b4e58c7743f72 0 85444305 1
0eb2a0f2a29a2fbfc09b4e58c7743f72 0 298856908 0
0eb2a0f2a29a2fbfc09b4e58c7743f72 0 302056962 1
0eb2a0f2a29a2fbfc09b4e58c7743f72 0 7797242 1
0eb2a0f2a29a2fbfc09b4e58c7743f72 0 302375595 2
0eb2a0f2a29a2fbfc09b4e58c7743f72 0 289606470 0
0eb2a0f2a29a2fbfc09b4e58c7743f72 0 301851228 1
0eb2a0f2a29a2fbfc09b4e58c7743f72 0 293434883 1
b03967139f4c766616cf95958948438c 0 162620330 2
b03967139f4c766616cf95958948438c 0 305423390 2
b03967139f4c766616cf95958948438c 0 127242731 2
b03967139f4c766616cf95958948438c 0 128410465 2
b03967139f4c766616cf95958948438c 0 303975164 2
b03967139f4c766616cf95958948438c 0 299878403 2
b03967139f4c766616cf95958948438c 0 125808867 2
b03967139f4c766616cf95958948438c 0 148633066 2
b03967139f4c766616cf95958948438c 0 38722128 1
b03967139f4c766616cf95958948438c 0 310591960 2
b03967139f4c766616cf95958948438c 0 297938893 2
b03967139f4c766616cf95958948438c 0 139622597 1
b03967139f4c766616cf95958948438c 0 158055304 2
b03967139f4c766616cf95958948438c 0 162617377 2
b03967139f4c766616cf95958948438c 0 291485224 2
b03967139f4c766616cf95958948438c 0 132379158 2
b03967139f4c766616cf95958948438c 0 304982705 2
2968da058e3815aa98b19e8c9e450174 0 40319488 0
2968da058e3815aa98b19e8c9e450174 0 141536767 2
2968da058e3815aa98b19e8c9e450174 0 305539380 2
2968da058e3815aa98b19e8c9e450174 0 284745978 2
2968da058e3815aa98b19e8c9e450174 0 45246311 1
2968da058e3815aa98b19e8c9e450174 0 301623466 0
2968da058e3815aa98b19e8c9e450174 0 297430783 2
2968da058e3815aa98b19e8c9e450174 0 300708808 0
2968da058e3815aa98b19e8c9e450174 0 305506748 2
2968da058e3815aa98b19e8c9e450174 0 10280669 2
2968da058e3815aa98b19e8c9e450174 0 51598915 2
2968da058e3815aa98b19e8c9e450174 0 304489499 1
2968da058e3815aa98b19e8c9e450174 0 8867453 0
2968da058e3815aa98b19e8c9e450174 0 300672385 2
2968da058e3815aa98b19e8c9e450174 0 299567964 2
2968da058e3815aa98b19e8c9e450174 0 127456429 1
2968da058e3815aa98b19e8c9e450174 0 125598415 1
2968da058e3815aa98b19e8c9e450174 0 284304578 0
7dd544c389512ce8cb0da1bd46543702 0 296421129 1
7dd544c389512ce8cb0da1bd46543702 0 161598428 1
7dd544c389512ce8cb0da1bd46543702 0 302820543 1
7dd544c389512ce8cb0da1bd46543702 0 305898868 1
7dd544c389512ce8cb0da1bd46543702 0 293790090 1
7dd544c389512ce8cb0da1bd46543702 0 37478459 1
7dd544c389512ce8cb0da1bd46543702 0 120110727 1
7dd544c389512ce8cb0da1bd46543702 0 2733969 0
7dd544c389512ce8cb0da1bd46543702 0 299515523 1
7dd544c389512ce8cb0da1bd46543702 0 303892102 1
7dd544c389512ce8cb0da1bd46543702 0 303123898 1
7dd544c389512ce8cb0da1bd46543702 0 301854330 2
7dd544c389512ce8cb0da1bd46543702 0 128016255 1
7dd544c389512ce8cb0da1bd46543702 0 36005635 0
7dd544c389512ce8cb0da1bd46543702 0 290578009 1
7dd544c389512ce8cb0da1bd46543702 0 299089289 1
7dd544c389512ce8cb0da1bd46543702 0 148649495 1
7dd544c389512ce8cb0da1bd46543702 0 74728119 1
7dd544c389512ce8cb0da1bd46543702 0 302910037 1
7dd544c389512ce8cb0da1bd46543702 0 8012815 0
7dd544c389512ce8cb0da1bd46543702 0 298834015 0
7dd544c389512ce8cb0da1bd46543702 0 311713086 2
7dd544c389512ce8cb0da1bd46543702 0 300915623 2
7dd544c389512ce8cb0da1bd46543702 0 297898103 1
7dd544c389512ce8cb0da1bd46543702 0 304490338 2
7dd544c389512ce8cb0da1bd46543702 0 156827970 1
9b1940902ef226fc568687e959777ff9 0 150247733 2
9b1940902ef226fc568687e959777ff9 0 173227578 2
9b1940902ef226fc568687e959777ff9 0 17790154 2
9b1940902ef226fc568687e959777ff9 0 76255724 2
9b1940902ef226fc568687e959777ff9 0 168952967 2
9b1940902ef226fc568687e959777ff9 0 292107769 1
9b1940902ef226fc568687e959777ff9 0 7796649 2
9b1940902ef226fc568687e959777ff9 0 5564729 2
9b1940902ef226fc568687e959777ff9 0 5855654 2
9b1940902ef226fc568687e959777ff9 0 62532624 2
9b1940902ef226fc568687e959777ff9 0 70307396 2
9b1940902ef226fc568687e959777ff9 0 305152519 2
9b1940902ef226fc568687e959777ff9 0 275650170 2
9b1940902ef226fc568687e959777ff9 0 312572542 2
9b1940902ef226fc568687e959777ff9 0 309772020 2
9b1940902ef226fc568687e959777ff9 0 59421269 2
9b1940902ef226fc568687e959777ff9 0 123723158 2
9b1940902ef226fc568687e959777ff9 0 292602581 2
9b1940902ef226fc568687e959777ff9 0 158428810 1
9b1940902ef226fc568687e959777ff9 0 309768787 2
9b1940902ef226fc568687e959777ff9 0 149098494 2
9b1940902ef226fc568687e959777ff9 0 130983444 2
9b1940902ef226fc568687e959777ff9 0 164404362 2
9b1940902ef226fc568687e959777ff9 0 138517126 2
9b1940902ef226fc568687e959777ff9 0 153793914 2
9b1940902ef226fc568687e959777ff9 0 290986976 2
53e7b128b38d074d94828c9a5cdd5b96 0 292289320 0
53e7b128b38d074d94828c9a5cdd5b96 0 295414295 1
53e7b128b38d074d94828c9a5cdd5b96 0 291601954 2
53e7b128b38d074d94828c9a5cdd5b96 0 300885836 1
53e7b128b38d074d94828c9a5cdd5b96 0 89623391 1
53e7b128b38d074d94828c9a5cdd5b96 0 157122171 0
53e7b128b38d074d94828c9a5cdd5b96 0 7039738 1
53e7b128b38d074d94828c9a5cdd5b96 0 300016665 2
53e7b128b38d074d94828c9a5cdd5b96 0 302875732 1
53e7b128b38d074d94828c9a5cdd5b96 0 292707904 0
53e7b128b38d074d94828c9a5cdd5b96 0 290112557 1
53e7b128b38d074d94828c9a5cdd5b96 0 293136173 2
53e7b128b38d074d94828c9a5cdd5b96 0 291506258 2
53e7b128b38d074d94828c9a5cdd5b96 0 298120551 1
53e7b128b38d074d94828c9a5cdd5b96 0 158153406 0
53e7b128b38d074d94828c9a5cdd5b96 0 948180 2
53e7b128b38d074d94828c9a5cdd5b96 0 313008651 1
53e7b128b38d074d94828c9a5cdd5b96 0 304923805 2
53e7b128b38d074d94828c9a5cdd5b96 0 296439017 0
53e7b128b38d074d94828c9a5cdd5b96 0 164484536 0
53e7b128b38d074d94828c9a5cdd5b96 0 84396781 0
53e7b128b38d074d94828c9a5cdd5b96 0 303738264 0
53e7b128b38d074d94828c9a5cdd5b96 0 302948582 0
53e7b128b38d074d94828c9a5cdd5b96 0 164900385 2
53e7b128b38d074d94828c9a5cdd5b96 0 162769540 0
53e7b128b38d074d94828c9a5cdd5b96 0 275809189 2
53e7b128b38d074d94828c9a5cdd5b96 0 24887682 0
53e7b128b38d074d94828c9a5cdd5b96 0 291423470 1
9cb300cc7da1de27a2d469b5478ba4f8 0 156946170 1
9cb300cc7da1de27a2d469b5478ba4f8 0 149594843 2
9cb300cc7da1de27a2d469b5478ba4f8 0 128498917 1
9cb300cc7da1de27a2d469b5478ba4f8 0 126329920 1
9cb300cc7da1de27a2d469b5478ba4f8 0 289582915 1
9cb300cc7da1de27a2d469b5478ba4f8 0 150946831 2
9cb300cc7da1de27a2d469b5478ba4f8 0 150281233 2
9cb300cc7da1de27a2d469b5478ba4f8 0 310713638 2
9cb300cc7da1de27a2d469b5478ba4f8 0 304516288 2
9cb300cc7da1de27a2d469b5478ba4f8 0 309906026 0
9cb300cc7da1de27a2d469b5478ba4f8 0 145725595 2
9cb300cc7da1de27a2d469b5478ba4f8 0 149595064 2
9cb300cc7da1de27a2d469b5478ba4f8 0 300166324 2
9cb300cc7da1de27a2d469b5478ba4f8 0 156946144 2
9cb300cc7da1de27a2d469b5478ba4f8 0 304395358 2
9cb300cc7da1de27a2d469b5478ba4f8 0 308334452 2
9cb300cc7da1de27a2d469b5478ba4f8 0 309906021 0
9cb300cc7da1de27a2d469b5478ba4f8 0 150423650 2
9cb300cc7da1de27a2d469b5478ba4f8 0 304994502 1
9cb300cc7da1de27a2d469b5478ba4f8 0 301798902 2
9cb300cc7da1de27a2d469b5478ba4f8 0 163058132 1
9cb300cc7da1de27a2d469b5478ba4f8 0 156946847 2
9cb300cc7da1de27a2d469b5478ba4f8 0 309906032 0
6e6321656b1380055bb3cc611ab07e43 0 159298267 2
6e6321656b1380055bb3cc611ab07e43 0 301461196 2
6e6321656b1380055bb3cc611ab07e43 0 293014930 1
6e6321656b1380055bb3cc611ab07e43 0 158075886 2
6e6321656b1380055bb3cc611ab07e43 0 69290254 1
6e6321656b1380055bb3cc611ab07e43 0 32871589 0
6e6321656b1380055bb3cc611ab07e43 0 275802614 2
6e6321656b1380055bb3cc611ab07e43 0 310609896 0
6e6321656b1380055bb3cc611ab07e43 0 144647392 1
6e6321656b1380055bb3cc611ab07e43 0 310658853 2
6e6321656b1380055bb3cc611ab07e43 0 160101411 1
6e6321656b1380055bb3cc611ab07e43 0 290926575 1
6e6321656b1380055bb3cc611ab07e43 0 75786059 1
6e6321656b1380055bb3cc611ab07e43 0 8623851 1
6e6321656b1380055bb3cc611ab07e43 0 45244789 1
6e6321656b1380055bb3cc611ab07e43 0 63366662 0
6e6321656b1380055bb3cc611ab07e43 0 126783625 1
6e6321656b1380055bb3cc611ab07e43 0 9053847 1
6e6321656b1380055bb3cc611ab07e43 0 62556661 1
7672296cd19afe29d4f2c838b989e65d 0 297183164 1
7672296cd19afe29d4f2c838b989e65d 0 282319558 0
7672296cd19afe29d4f2c838b989e65d 0 305695734 1
7672296cd19afe29d4f2c838b989e65d 0 289761306 1
7672296cd19afe29d4f2c838b989e65d 0 300893061 1
7672296cd19afe29d4f2c838b989e65d 0 126024837 1
7672296cd19afe29d4f2c838b989e65d 0 294505911 1
7672296cd19afe29d4f2c838b989e65d 0 286834568 0
7672296cd19afe29d4f2c838b989e65d 0 302873068 1
7672296cd19afe29d4f2c838b989e65d 0 299262927 1
7672296cd19afe29d4f2c838b989e65d 0 276101861 1
7672296cd19afe29d4f2c838b989e65d 0 148624447 1
7672296cd19afe29d4f2c838b989e65d 0 297174021 1
7672296cd19afe29d4f2c838b989e65d 0 298284494 1
7672296cd19afe29d4f2c838b989e65d 0 292285908 1
7672296cd19afe29d4f2c838b989e65d 0 191681865 1
7672296cd19afe29d4f2c838b989e65d 0 313311517 1
7672296cd19afe29d4f2c838b989e65d 0 311467120 1
7672296cd19afe29d4f2c838b989e65d 0 312185676 1
7672296cd19afe29d4f2c838b989e65d 0 290446584 1
7672296cd19afe29d4f2c838b989e65d 0 313308645 1
7672296cd19afe29d4f2c838b989e65d 0 313308365 0
7672296cd19afe29d4f2c838b989e65d 0 32969886 1
7672296cd19afe29d4f2c838b989e65d 0 291375810 1
7672296cd19afe29d4f2c838b989e65d 0 301947805 1
7672296cd19afe29d4f2c838b989e65d 0 303374923 1
7672296cd19afe29d4f2c838b989e65d 0 296810074 1
7672296cd19afe29d4f2c838b989e65d 0 153435256 1
7672296cd19afe29d4f2c838b989e65d 0 292479282 1
7672296cd19afe29d4f2c838b989e65d 0 291418365 2
78789f3cb58bcdeb8066c0e37fb700cf 0 150175899 2
78789f3cb58bcdeb8066c0e37fb700cf 0 287208933 2
78789f3cb58bcdeb8066c0e37fb700cf 0 40569723 2
78789f3cb58bcdeb8066c0e37fb700cf 0 128910538 2
78789f3cb58bcdeb8066c0e37fb700cf 0 290062003 2
78789f3cb58bcdeb8066c0e37fb700cf 0 150254239 2
78789f3cb58bcdeb8066c0e37fb700cf 0 113577470 2
78789f3cb58bcdeb8066c0e37fb700cf 0 148979352 2
78789f3cb58bcdeb8066c0e37fb700cf 0 299841247 2
78789f3cb58bcdeb8066c0e37fb700cf 0 150352429 2
78789f3cb58bcdeb8066c0e37fb700cf 0 85865209 0
78789f3cb58bcdeb8066c0e37fb700cf 0 303316068 2
78789f3cb58bcdeb8066c0e37fb700cf 0 158736450 2
78789f3cb58bcdeb8066c0e37fb700cf 0 290068489 0
78789f3cb58bcdeb8066c0e37fb700cf 0 40558848 2
78789f3cb58bcdeb8066c0e37fb700cf 0 40569933 2
78789f3cb58bcdeb8066c0e37fb700cf 0 298311901 2
78789f3cb58bcdeb8066c0e37fb700cf 0 163227137 2
78789f3cb58bcdeb8066c0e37fb700cf 0 303398405 2
78789f3cb58bcdeb8066c0e37fb700cf 0 139617101 2
78789f3cb58bcdeb8066c0e37fb700cf 0 157945054 2
78789f3cb58bcdeb8066c0e37fb700cf 0 146508036 2
78789f3cb58bcdeb8066c0e37fb700cf 0 297366438 2
78789f3cb58bcdeb8066c0e37fb700cf 0 301672898 2
6110a9b938c5a3f25ca8ed7615454eb0 0 302812132 2
6110a9b938c5a3f25ca8ed7615454eb0 0 7649363 2
6110a9b938c5a3f25ca8ed7615454eb0 0 85864649 1
6110a9b938c5a3f25ca8ed7615454eb0 0 31073032 2
6110a9b938c5a3f25ca8ed7615454eb0 0 161800506 2
6110a9b938c5a3f25ca8ed7615454eb0 0 14352645 2
6110a9b938c5a3f25ca8ed7615454eb0 0 67503313 2
6110a9b938c5a3f25ca8ed7615454eb0 0 296008498 2
6110a9b938c5a3f25ca8ed7615454eb0 0 67502127 2
6110a9b938c5a3f25ca8ed7615454eb0 0 303670324 2
6110a9b938c5a3f25ca8ed7615454eb0 0 69182767 2
6110a9b938c5a3f25ca8ed7615454eb0 0 10914876 2
6110a9b938c5a3f25ca8ed7615454eb0 0 5360772 2
6110a9b938c5a3f25ca8ed7615454eb0 0 8487484 2
6110a9b938c5a3f25ca8ed7615454eb0 0 43532281 2
6110a9b938c5a3f25ca8ed7615454eb0 0 302874233 2
6110a9b938c5a3f25ca8ed7615454eb0 0 150664114 2
6110a9b938c5a3f25ca8ed7615454eb0 0 302731739 2
6110a9b938c5a3f25ca8ed7615454eb0 0 69040022 2
6110a9b938c5a3f25ca8ed7615454eb0 0 125269949 2
6110a9b938c5a3f25ca8ed7615454eb0 0 42982368 2
6110a9b938c5a3f25ca8ed7615454eb0 0 8013708 2
6110a9b938c5a3f25ca8ed7615454eb0 0 168645817 2
6110a9b938c5a3f25ca8ed7615454eb0 0 276329040 2
6110a9b938c5a3f25ca8ed7615454eb0 0 72018766 2
6110a9b938c5a3f25ca8ed7615454eb0 0 308717953 2
6172609153797fcc6bb5c7a412a22a0b 0 303973587 2
6172609153797fcc6bb5c7a412a22a0b 0 154697716 2
6172609153797fcc6bb5c7a412a22a0b 0 290649098 2
6172609153797fcc6bb5c7a412a22a0b 0 303965485 0
6172609153797fcc6bb5c7a412a22a0b 0 165042259 2
6172609153797fcc6bb5c7a412a22a0b 0 299793190 2
6172609153797fcc6bb5c7a412a22a0b 0 310928256 1
6172609153797fcc6bb5c7a412a22a0b 0 173700660 1
6172609153797fcc6bb5c7a412a22a0b 0 154798585 2
6172609153797fcc6bb5c7a412a22a0b 0 305477711 2
6172609153797fcc6bb5c7a412a22a0b 0 303253314 2
6172609153797fcc6bb5c7a412a22a0b 0 301078262 2
76792feec3056517ffbd2f3c6928b784 0 2615175 2
76792feec3056517ffbd2f3c6928b784 0 17421461 1
76792feec3056517ffbd2f3c6928b784 0 7075538 2
76792feec3056517ffbd2f3c6928b784 0 156005970 1
76792feec3056517ffbd2f3c6928b784 0 36982599 1
76792feec3056517ffbd2f3c6928b784 0 5014794 2
76792feec3056517ffbd2f3c6928b784 0 310783022 2
76792feec3056517ffbd2f3c6928b784 0 36984288 2
76792feec3056517ffbd2f3c6928b784 0 132373171 2
76792feec3056517ffbd2f3c6928b784 0 19083845 2
76792feec3056517ffbd2f3c6928b784 0 5177414 0
76792feec3056517ffbd2f3c6928b784 0 17620365 1
76792feec3056517ffbd2f3c6928b784 0 68816646 2
76792feec3056517ffbd2f3c6928b784 0 160676506 2
76792feec3056517ffbd2f3c6928b784 0 127427279 2
76792feec3056517ffbd2f3c6928b784 0 298280796 2
76792feec3056517ffbd2f3c6928b784 0 290839773 2
76792feec3056517ffbd2f3c6928b784 0 8766978 2
76792feec3056517ffbd2f3c6928b784 0 2668628 2
76792feec3056517ffbd2f3c6928b784 0 152591083 2
76792feec3056517ffbd2f3c6928b784 0 4871869 2
76792feec3056517ffbd2f3c6928b784 0 284370402 2
76792feec3056517ffbd2f3c6928b784 0 169546789 2
76792feec3056517ffbd2f3c6928b784 0 107196690 2
76792feec3056517ffbd2f3c6928b784 0 160787146 2
76792feec3056517ffbd2f3c6928b784 0 305642609 2
79959e9fd558013a774897fb2d760ac1 0 78765827 2
79959e9fd558013a774897fb2d760ac1 0 71411180 1
79959e9fd558013a774897fb2d760ac1 0 126925133 1
79959e9fd558013a774897fb2d760ac1 0 126968497 2
79959e9fd558013a774897fb2d760ac1 0 8206499 2
79959e9fd558013a774897fb2d760ac1 0 15105918 2
79959e9fd558013a774897fb2d760ac1 0 3147198 2
79959e9fd558013a774897fb2d760ac1 0 122592116 2
79959e9fd558013a774897fb2d760ac1 0 70332185 1
79959e9fd558013a774897fb2d760ac1 0 136035288 2
79959e9fd558013a774897fb2d760ac1 0 123380796 2
79959e9fd558013a774897fb2d760ac1 0 157891010 2
79959e9fd558013a774897fb2d760ac1 0 17795294 2
79959e9fd558013a774897fb2d760ac1 0 79762598 2
79959e9fd558013a774897fb2d760ac1 0 24900187 2
79959e9fd558013a774897fb2d760ac1 0 136411391 2
79959e9fd558013a774897fb2d760ac1 0 5256337 2
79959e9fd558013a774897fb2d760ac1 0 24915144 2
79959e9fd558013a774897fb2d760ac1 0 6239913 2
79959e9fd558013a774897fb2d760ac1 0 5311448 2
79959e9fd558013a774897fb2d760ac1 0 8855710 1
79959e9fd558013a774897fb2d760ac1 0 8006263 2
79959e9fd558013a774897fb2d760ac1 0 64213778 2
e9e12c23dcae83b144aecbcdf7183159 0 11342127 2
e9e12c23dcae83b144aecbcdf7183159 0 129688574 2
e9e12c23dcae83b144aecbcdf7183159 0 45660457 2
e9e12c23dcae83b144aecbcdf7183159 0 83669610 2
e9e12c23dcae83b144aecbcdf7183159 0 59128922 2
e9e12c23dcae83b144aecbcdf7183159 0 78826475 2
e9e12c23dcae83b144aecbcdf7183159 0 88915344 2
e9e12c23dcae83b144aecbcdf7183159 0 154133193 2
e9e12c23dcae83b144aecbcdf7183159 0 163215313 2
e9e12c23dcae83b144aecbcdf7183159 0 159425590 1
e9e12c23dcae83b144aecbcdf7183159 0 164498954 2
e9e12c23dcae83b144aecbcdf7183159 0 16100854 2
e9e12c23dcae83b144aecbcdf7183159 0 17558353 2
e9e12c23dcae83b144aecbcdf7183159 0 29213376 2
e9e12c23dcae83b144aecbcdf7183159 0 133361828 2
e9e12c23dcae83b144aecbcdf7183159 0 21183093 2
e9e12c23dcae83b144aecbcdf7183159 0 34293744 2
e9e12c23dcae83b144aecbcdf7183159 0 77962406 2
e9e12c23dcae83b144aecbcdf7183159 0 85633424 1
e9e12c23dcae83b144aecbcdf7183159 0 57860391 2
e9e12c23dcae83b144aecbcdf7183159 0 54582242 2
e9e12c23dcae83b144aecbcdf7183159 0 30597504 2
e9e12c23dcae83b144aecbcdf7183159 0 133612812 2
e9e12c23dcae83b144aecbcdf7183159 0 40370149 2
e9e12c23dcae83b144aecbcdf7183159 0 54504324 2
e9e12c23dcae83b144aecbcdf7183159 0 57988565 2
e9e12c23dcae83b144aecbcdf7183159 0 69979662 2
e9e12c23dcae83b144aecbcdf7183159 0 67070304 2
e9e12c23dcae83b144aecbcdf7183159 0 9929077 2
e9e12c23dcae83b144aecbcdf7183159 0 16088929 2
e250296d22d78c408818c9b1b5352db0 0 17765314 2
e250296d22d78c408818c9b1b5352db0 0 9445045 2
e250296d22d78c408818c9b1b5352db0 0 48211371 2
e250296d22d78c408818c9b1b5352db0 0 8292080 1
e250296d22d78c408818c9b1b5352db0 0 290304185 2
e250296d22d78c408818c9b1b5352db0 0 157173403 2
e250296d22d78c408818c9b1b5352db0 0 157173402 2
e250296d22d78c408818c9b1b5352db0 0 10363060 2
e250296d22d78c408818c9b1b5352db0 0 170263180 2
e250296d22d78c408818c9b1b5352db0 0 68397974 2
e250296d22d78c408818c9b1b5352db0 0 66964492 1
e250296d22d78c408818c9b1b5352db0 0 305437138 1
e250296d22d78c408818c9b1b5352db0 0 9112944 2
e250296d22d78c408818c9b1b5352db0 0 8427787 2
3f0c797d1b9ad16c64d4e0ef3aeec05a 0 298521712 2
3f0c797d1b9ad16c64d4e0ef3aeec05a 0 292306062 2
3f0c797d1b9ad16c64d4e0ef3aeec05a 0 151014799 2
3f0c797d1b9ad16c64d4e0ef3aeec05a 0 291612922 2
3f0c797d1b9ad16c64d4e0ef3aeec05a 0 158140850 2
3f0c797d1b9ad16c64d4e0ef3aeec05a 0 305408552 2
3f0c797d1b9ad16c64d4e0ef3aeec05a 0 302390632 2
3f0c797d1b9ad16c64d4e0ef3aeec05a 0 293812568 2
3f0c797d1b9ad16c64d4e0ef3aeec05a 0 87525228 2
3f0c797d1b9ad16c64d4e0ef3aeec05a 0 74926946 2
3f0c797d1b9ad16c64d4e0ef3aeec05a 0 17938081 2
3f0c797d1b9ad16c64d4e0ef3aeec05a 0 310025658 2
3f0c797d1b9ad16c64d4e0ef3aeec05a 0 150224647 2
3f0c797d1b9ad16c64d4e0ef3aeec05a 0 148938101 2
3f0c797d1b9ad16c64d4e0ef3aeec05a 0 138502621 2
3f0c797d1b9ad16c64d4e0ef3aeec05a 0 307632056 2
3f0c797d1b9ad16c64d4e0ef3aeec05a 0 143473783 2
3f0c797d1b9ad16c64d4e0ef3aeec05a 0 150069068 2
3f0c797d1b9ad16c64d4e0ef3aeec05a 0 28046649 2
3f0c797d1b9ad16c64d4e0ef3aeec05a 0 9084037 2
3f0c797d1b9ad16c64d4e0ef3aeec05a 0 11445135 2
3f0c797d1b9ad16c64d4e0ef3aeec05a 0 10992357 2
3f0c797d1b9ad16c64d4e0ef3aeec05a 0 122209619 2
3f0c797d1b9ad16c64d4e0ef3aeec05a 0 296741694 2
3f0c797d1b9ad16c64d4e0ef3aeec05a 0 71487387 2
3f0c797d1b9ad16c64d4e0ef3aeec05a 0 62733082 2
3f0c797d1b9ad16c64d4e0ef3aeec05a 0 305149596 2
2480b66e43b203adc0d4b9775def2bb3 0 135368943 2
2480b66e43b203adc0d4b9775def2bb3 0 126783841 2
2480b66e43b203adc0d4b9775def2bb3 0 75601073 2
2480b66e43b203adc0d4b9775def2bb3 0 9926220 2
2480b66e43b203adc0d4b9775def2bb3 0 292483333 2
2480b66e43b203adc0d4b9775def2bb3 0 71371393 2
2480b66e43b203adc0d4b9775def2bb3 0 147582685 2
2480b66e43b203adc0d4b9775def2bb3 0 46455876 2
2480b66e43b203adc0d4b9775def2bb3 0 310982402 2
2480b66e43b203adc0d4b9775def2bb3 0 31599115 1
2480b66e43b203adc0d4b9775def2bb3 0 34038267 2
2480b66e43b203adc0d4b9775def2bb3 0 306562538 2
2480b66e43b203adc0d4b9775def2bb3 0 310979367 2
2480b66e43b203adc0d4b9775def2bb3 0 150487232 2
2480b66e43b203adc0d4b9775def2bb3 0 46509282 2
2480b66e43b203adc0d4b9775def2bb3 0 11170058 2
2480b66e43b203adc0d4b9775def2bb3 0 67186103 2
2480b66e43b203adc0d4b9775def2bb3 0 80081681 2
2480b66e43b203adc0d4b9775def2bb3 0 41342600 2
2480b66e43b203adc0d4b9775def2bb3 0 172100955 2
2480b66e43b203adc0d4b9775def2bb3 0 127132773 2
2480b66e43b203adc0d4b9775def2bb3 0 160926485 3
2480b66e43b203adc0d4b9775def2bb3 0 64652299 2
2480b66e43b203adc0d4b9775def2bb3 0 162628160 1
2480b66e43b203adc0d4b9775def2bb3 0 50469525 2
2480b66e43b203adc0d4b9775def2bb3 0 313455816 2
2480b66e43b203adc0d4b9775def2bb3 0 78367571 2
4befebbcc2ff66f381be9a1bbcf83417 0 143743186 2
4befebbcc2ff66f381be9a1bbcf83417 0 71922141 2
4befebbcc2ff66f381be9a1bbcf83417 0 71768194 2
4befebbcc2ff66f381be9a1bbcf83417 0 71782725 2
4befebbcc2ff66f381be9a1bbcf83417 0 71768055 2
4befebbcc2ff66f381be9a1bbcf83417 0 143743182 2
4befebbcc2ff66f381be9a1bbcf83417 0 146015172 2
4befebbcc2ff66f381be9a1bbcf83417 0 71768975 2
4befebbcc2ff66f381be9a1bbcf83417 0 143742926 2
4befebbcc2ff66f381be9a1bbcf83417 0 143742802 2
4befebbcc2ff66f381be9a1bbcf83417 0 71776947 2
4befebbcc2ff66f381be9a1bbcf83417 0 71776959 2
4befebbcc2ff66f381be9a1bbcf83417 0 143466591 2
4befebbcc2ff66f381be9a1bbcf83417 0 71782629 2
4befebbcc2ff66f381be9a1bbcf83417 0 71767781 2
4befebbcc2ff66f381be9a1bbcf83417 0 71775940 2
4befebbcc2ff66f381be9a1bbcf83417 0 143742170 2
4befebbcc2ff66f381be9a1bbcf83417 0 143742169 2
4befebbcc2ff66f381be9a1bbcf83417 0 146015287 2
4befebbcc2ff66f381be9a1bbcf83417 0 71781671 2
4befebbcc2ff66f381be9a1bbcf83417 0 71782269 2
4befebbcc2ff66f381be9a1bbcf83417 0 71782597 2
4befebbcc2ff66f381be9a1bbcf83417 0 71767543 2
4befebbcc2ff66f381be9a1bbcf83417 0 71776658 2
4befebbcc2ff66f381be9a1bbcf83417 0 71782598 2
4befebbcc2ff66f381be9a1bbcf83417 0 71768221 2
4befebbcc2ff66f381be9a1bbcf83417 0 71777064 2
4befebbcc2ff66f381be9a1bbcf83417 0 71775657 2
4befebbcc2ff66f381be9a1bbcf83417 0 143743175 2
4befebbcc2ff66f381be9a1bbcf83417 0 143743239 2
ddbee2cc774edd21119ac20558131e89 0 8016966 2
ddbee2cc774edd21119ac20558131e89 0 153780083 2
ddbee2cc774edd21119ac20558131e89 0 166024676 2
ddbee2cc774edd21119ac20558131e89 0 89604914 2
ddbee2cc774edd21119ac20558131e89 0 304600486 2
ddbee2cc774edd21119ac20558131e89 0 169167085 2
ddbee2cc774edd21119ac20558131e89 0 310155907 2
ddbee2cc774edd21119ac20558131e89 0 128989197 2
ddbee2cc774edd21119ac20558131e89 0 163221658 2
ddbee2cc774edd21119ac20558131e89 0 128518639 2
ddbee2cc774edd21119ac20558131e89 0 294314191 2
ddbee2cc774edd21119ac20558131e89 0 128518782 2
ddbee2cc774edd21119ac20558131e89 0 313636125 2
ddbee2cc774edd21119ac20558131e89 0 137210237 2
ddbee2cc774edd21119ac20558131e89 0 157595076 2
ddbee2cc774edd21119ac20558131e89 0 303962009 2
ddbee2cc774edd21119ac20558131e89 0 291484993 2
ddbee2cc774edd21119ac20558131e89 0 171671215 2
ddbee2cc774edd21119ac20558131e89 0 160961496 2
ddbee2cc774edd21119ac20558131e89 0 156689748 2
ddbee2cc774edd21119ac20558131e89 0 128094502 2
ddbee2cc774edd21119ac20558131e89 0 292160840 2
ddbee2cc774edd21119ac20558131e89 0 136527890 2
ddbee2cc774edd21119ac20558131e89 0 289918314 2
ddbee2cc774edd21119ac20558131e89 0 156793317 2
ddbee2cc774edd21119ac20558131e89 0 292107396 2
ddbee2cc774edd21119ac20558131e89 0 299537758 2
ddbee2cc774edd21119ac20558131e89 0 159486251 2
defa7c6807ede7c5af9d5fc1be50f838 0 67167198 2
defa7c6807ede7c5af9d5fc1be50f838 0 156085629 2
defa7c6807ede7c5af9d5fc1be50f838 0 29250365 2
defa7c6807ede7c5af9d5fc1be50f838 0 145023116 2
defa7c6807ede7c5af9d5fc1be50f838 0 75122367 2
defa7c6807ede7c5af9d5fc1be50f838 0 302058733 2
defa7c6807ede7c5af9d5fc1be50f838 0 45051353 2
defa7c6807ede7c5af9d5fc1be50f838 0 51743802 2
defa7c6807ede7c5af9d5fc1be50f838 0 156085646 2
defa7c6807ede7c5af9d5fc1be50f838 0 125857553 2
defa7c6807ede7c5af9d5fc1be50f838 0 9557975 1
defa7c6807ede7c5af9d5fc1be50f838 0 62115850 2
defa7c6807ede7c5af9d5fc1be50f838 0 156542960 2
defa7c6807ede7c5af9d5fc1be50f838 0 45575077 1
defa7c6807ede7c5af9d5fc1be50f838 0 156085714 2
defa7c6807ede7c5af9d5fc1be50f838 0 123412174 2
defa7c6807ede7c5af9d5fc1be50f838 0 149998640 2
defa7c6807ede7c5af9d5fc1be50f838 0 8862737 1
c46d8e93a859a20db0043ee25e982729 0 298857031 1
c46d8e93a859a20db0043ee25e982729 0 6376039 2
c46d8e93a859a20db0043ee25e982729 0 30730190 2
c46d8e93a859a20db0043ee25e982729 0 7299530 1
c46d8e93a859a20db0043ee25e982729 0 82144334 2
c46d8e93a859a20db0043ee25e982729 0 30953811 2
c46d8e93a859a20db0043ee25e982729 0 48733167 1
c46d8e93a859a20db0043ee25e982729 0 62130542 2
c46d8e93a859a20db0043ee25e982729 0 129743026 2
c46d8e93a859a20db0043ee25e982729 0 131151182 2
c46d8e93a859a20db0043ee25e982729 0 99080852 1
c46d8e93a859a20db0043ee25e982729 0 99057017 0
c46d8e93a859a20db0043ee25e982729 0 67055708 2
c46d8e93a859a20db0043ee25e982729 0 148552140 2
c46d8e93a859a20db0043ee25e982729 0 299877916 1
c46d8e93a859a20db0043ee25e982729 0 64643105 1
c46d8e93a859a20db0043ee25e982729 0 160815375 1
c46d8e93a859a20db0043ee25e982729 0 133959325 1
38a9ce121cf1f4652b62c5b2b9427d7b 0 156115526 1
38a9ce121cf1f4652b62c5b2b9427d7b 0 309818645 2
38a9ce121cf1f4652b62c5b2b9427d7b 0 300997950 2
38a9ce121cf1f4652b62c5b2b9427d7b 0 302769954 1
38a9ce121cf1f4652b62c5b2b9427d7b 0 291449951 1
38a9ce121cf1f4652b62c5b2b9427d7b 0 312500047 2
38a9ce121cf1f4652b62c5b2b9427d7b 0 275662754 2
38a9ce121cf1f4652b62c5b2b9427d7b 0 305756790 2
38a9ce121cf1f4652b62c5b2b9427d7b 0 301803737 1
38a9ce121cf1f4652b62c5b2b9427d7b 0 160801648 2
38a9ce121cf1f4652b62c5b2b9427d7b 0 301290326 2
38a9ce121cf1f4652b62c5b2b9427d7b 0 297197699 2
38a9ce121cf1f4652b62c5b2b9427d7b 0 143188642 2
38a9ce121cf1f4652b62c5b2b9427d7b 0 299728777 1
38a9ce121cf1f4652b62c5b2b9427d7b 0 302154927 1
38a9ce121cf1f4652b62c5b2b9427d7b 0 291807981 1
38a9ce121cf1f4652b62c5b2b9427d7b 0 291102346 1
38a9ce121cf1f4652b62c5b2b9427d7b 0 313588385 1
38a9ce121cf1f4652b62c5b2b9427d7b 0 297672976 2
38a9ce121cf1f4652b62c5b2b9427d7b 0 173701358 2
38a9ce121cf1f4652b62c5b2b9427d7b 0 163244299 1
38a9ce121cf1f4652b62c5b2b9427d7b 0 300943844 2
38a9ce121cf1f4652b62c5b2b9427d7b 0 166792118 1
38a9ce121cf1f4652b62c5b2b9427d7b 0 276163932 1
38a9ce121cf1f4652b62c5b2b9427d7b 0 292480905 2
08157a20b3524f357970d74b9ba928d7 0 43728897 0
08157a20b3524f357970d74b9ba928d7 0 305241322 1
08157a20b3524f357970d74b9ba928d7 0 301498726 1
08157a20b3524f357970d74b9ba928d7 0 79507951 0
08157a20b3524f357970d74b9ba928d7 0 294863202 1
08157a20b3524f357970d74b9ba928d7 0 299595884 1
08157a20b3524f357970d74b9ba928d7 0 276219039 0
08157a20b3524f357970d74b9ba928d7 0 237586376 0
08157a20b3524f357970d74b9ba928d7 0 298698450 1
08157a20b3524f357970d74b9ba928d7 0 302831562 0
08157a20b3524f357970d74b9ba928d7 0 303985370 0
08157a20b3524f357970d74b9ba928d7 0 289573565 1
08157a20b3524f357970d74b9ba928d7 0 301508456 1
08157a20b3524f357970d74b9ba928d7 0 159465817 0
08157a20b3524f357970d74b9ba928d7 0 299805329 0
08157a20b3524f357970d74b9ba928d7 0 312958975 1
08157a20b3524f357970d74b9ba928d7 0 37996807 0
08157a20b3524f357970d74b9ba928d7 0 289499771 0
08157a20b3524f357970d74b9ba928d7 0 11611723 1
08157a20b3524f357970d74b9ba928d7 0 301847980 0
08157a20b3524f357970d74b9ba928d7 0 84403914 2
08157a20b3524f357970d74b9ba928d7 0 305661454 0
08157a20b3524f357970d74b9ba928d7 0 300174022 1
08157a20b3524f357970d74b9ba928d7 0 295960421 1
08157a20b3524f357970d74b9ba928d7 0 301800113 1
08157a20b3524f357970d74b9ba928d7 0 313255969 1
08157a20b3524f357970d74b9ba928d7 0 292561130 1
08157a20b3524f357970d74b9ba928d7 0 36660709 1
08157a20b3524f357970d74b9ba928d7 0 157400720 1
6d1f50ca1928f230f5e90b7573fedc85 0 63241716 2
6d1f50ca1928f230f5e90b7573fedc85 0 79235764 2
6d1f50ca1928f230f5e90b7573fedc85 0 305417076 2
6d1f50ca1928f230f5e90b7573fedc85 0 295720075 2
6d1f50ca1928f230f5e90b7573fedc85 0 146384229 2
6d1f50ca1928f230f5e90b7573fedc85 0 128336176 2
6d1f50ca1928f230f5e90b7573fedc85 0 129221801 2
6d1f50ca1928f230f5e90b7573fedc85 0 40191062 1
6d1f50ca1928f230f5e90b7573fedc85 0 41670708 1
6d1f50ca1928f230f5e90b7573fedc85 0 314913899 2
6d1f50ca1928f230f5e90b7573fedc85 0 14392296 2
6d1f50ca1928f230f5e90b7573fedc85 0 160597131 2
6d1f50ca1928f230f5e90b7573fedc85 0 9130212 1
6d1f50ca1928f230f5e90b7573fedc85 0 301518920 2
6d1f50ca1928f230f5e90b7573fedc85 0 62320922 2
6d1f50ca1928f230f5e90b7573fedc85 0 70311806 2
6d1f50ca1928f230f5e90b7573fedc85 0 107281290 2
6d1f50ca1928f230f5e90b7573fedc85 0 160096105 2
1e583b21b831d1fbfa6fb7764b40a419 0 303791898 2
1e583b21b831d1fbfa6fb7764b40a419 0 302943338 2
1e583b21b831d1fbfa6fb7764b40a419 0 160954099 2
1e583b21b831d1fbfa6fb7764b40a419 0 32961975 2
1e583b21b831d1fbfa6fb7764b40a419 0 301632420 1
1e583b21b831d1fbfa6fb7764b40a419 0 274841717 2
1e583b21b831d1fbfa6fb7764b40a419 0 8962842 2
1e583b21b831d1fbfa6fb7764b40a419 0 274846242 2
1e583b21b831d1fbfa6fb7764b40a419 0 63286146 2
1e583b21b831d1fbfa6fb7764b40a419 0 10726448 2
1e583b21b831d1fbfa6fb7764b40a419 0 84368072 2
1e583b21b831d1fbfa6fb7764b40a419 0 150740787 2
1e583b21b831d1fbfa6fb7764b40a419 0 154067441 2
1e583b21b831d1fbfa6fb7764b40a419 0 32969759 2
1e583b21b831d1fbfa6fb7764b40a419 0 154842796 2
1e583b21b831d1fbfa6fb7764b40a419 0 299874297 2
1e583b21b831d1fbfa6fb7764b40a419 0 134049693 2
1e583b21b831d1fbfa6fb7764b40a419 0 145437198 2
1e583b21b831d1fbfa6fb7764b40a419 0 150046595 2
1e583b21b831d1fbfa6fb7764b40a419 0 33901036 1
1e583b21b831d1fbfa6fb7764b40a419 0 107259087 2
1e583b21b831d1fbfa6fb7764b40a419 0 290741785 1
1e583b21b831d1fbfa6fb7764b40a419 0 291149442 2
a9aeb7d21d67443569840c785cbc48bb 0 10260205 2
a9aeb7d21d67443569840c785cbc48bb 0 155156987 2
a9aeb7d21d67443569840c785cbc48bb 0 43969101 2
a9aeb7d21d67443569840c785cbc48bb 0 122729406 2
a9aeb7d21d67443569840c785cbc48bb 0 295441593 2
a9aeb7d21d67443569840c785cbc48bb 0 24913275 2
a9aeb7d21d67443569840c785cbc48bb 0 128661554 2
a9aeb7d21d67443569840c785cbc48bb 0 24911427 2
a9aeb7d21d67443569840c785cbc48bb 0 24901991 2
a9aeb7d21d67443569840c785cbc48bb 0 128400493 2
a9aeb7d21d67443569840c785cbc48bb 0 4472337 2
a9aeb7d21d67443569840c785cbc48bb 0 44677161 2
a9aeb7d21d67443569840c785cbc48bb 0 44991379 2
a9aeb7d21d67443569840c785cbc48bb 0 8488225 2
a9aeb7d21d67443569840c785cbc48bb 0 24906870 2
a9aeb7d21d67443569840c785cbc48bb 0 76040138 2
a9aeb7d21d67443569840c785cbc48bb 0 169400163 2
a9aeb7d21d67443569840c785cbc48bb 0 51499990 2
a9aeb7d21d67443569840c785cbc48bb 0 150617822 2
a9aeb7d21d67443569840c785cbc48bb 0 41266020 2
a9aeb7d21d67443569840c785cbc48bb 0 44992430 2
a9aeb7d21d67443569840c785cbc48bb 0 150352271 2
a9aeb7d21d67443569840c785cbc48bb 0 292678127 2
e7d459e21ee2edfdab9efe9aaf3481a9 0 70961440 1
e7d459e21ee2edfdab9efe9aaf3481a9 0 107535527 1
e7d459e21ee2edfdab9efe9aaf3481a9 0 70960822 2
e7d459e21ee2edfdab9efe9aaf3481a9 0 70969043 1
e7d459e21ee2edfdab9efe9aaf3481a9 0 107368656 1
e7d459e21ee2edfdab9efe9aaf3481a9 0 70959661 1
e7d459e21ee2edfdab9efe9aaf3481a9 0 70968704 1
e7d459e21ee2edfdab9efe9aaf3481a9 0 302667854 0
e7d459e21ee2edfdab9efe9aaf3481a9 0 61119463 1
e7d459e21ee2edfdab9efe9aaf3481a9 0 71145957 1
e7d459e21ee2edfdab9efe9aaf3481a9 0 70962840 1
e7d459e21ee2edfdab9efe9aaf3481a9 0 312627357 0
e7d459e21ee2edfdab9efe9aaf3481a9 0 70965247 1
e7d459e21ee2edfdab9efe9aaf3481a9 0 154836579 0
e7d459e21ee2edfdab9efe9aaf3481a9 0 78360804 0
e7d459e21ee2edfdab9efe9aaf3481a9 0 5117545 2
e7d459e21ee2edfdab9efe9aaf3481a9 0 157780615 1
e7d459e21ee2edfdab9efe9aaf3481a9 0 150349496 0
e7d459e21ee2edfdab9efe9aaf3481a9 0 70962568 1
e7d459e21ee2edfdab9efe9aaf3481a9 0 70969823 2
e7d459e21ee2edfdab9efe9aaf3481a9 0 299862287 0
e7d459e21ee2edfdab9efe9aaf3481a9 0 300174619 0
e7d459e21ee2edfdab9efe9aaf3481a9 0 313438683 0
e7d459e21ee2edfdab9efe9aaf3481a9 0 33689199 0
e7d459e21ee2edfdab9efe9aaf3481a9 0 302693936 1
e7d459e21ee2edfdab9efe9aaf3481a9 0 302087940 1
e7d459e21ee2edfdab9efe9aaf3481a9 0 78360619 1
e7d459e21ee2edfdab9efe9aaf3481a9 0 313855463 1
450249b76d9d2023ee927a18ea4eb0da 0 50076537 2
450249b76d9d2023ee927a18ea4eb0da 0 9229807 2
450249b76d9d2023ee927a18ea4eb0da 0 289672469 2
450249b76d9d2023ee927a18ea4eb0da 0 129387867 2
450249b76d9d2023ee927a18ea4eb0da 0 289534077 2
450249b76d9d2023ee927a18ea4eb0da 0 313405374 2
450249b76d9d2023ee927a18ea4eb0da 0 291519504 2
450249b76d9d2023ee927a18ea4eb0da 0 301662454 2
450249b76d9d2023ee927a18ea4eb0da 0 292705196 2
450249b76d9d2023ee927a18ea4eb0da 0 71610783 2
450249b76d9d2023ee927a18ea4eb0da 0 300346160 2
450249b76d9d2023ee927a18ea4eb0da 0 301689043 2
450249b76d9d2023ee927a18ea4eb0da 0 162443826 1
450249b76d9d2023ee927a18ea4eb0da 0 69407554 1
450249b76d9d2023ee927a18ea4eb0da 0 69383387 2
450249b76d9d2023ee927a18ea4eb0da 0 311674709 1
450249b76d9d2023ee927a18ea4eb0da 0 297912446 2
450249b76d9d2023ee927a18ea4eb0da 0 139964338 2
450249b76d9d2023ee927a18ea4eb0da 0 145188657 2
450249b76d9d2023ee927a18ea4eb0da 0 276474627 2
450249b76d9d2023ee927a18ea4eb0da 0 166645528 2
220b79bfcc0380e3999edb61a0c103f6 0 150587388 2
220b79bfcc0380e3999edb61a0c103f6 0 297384128 2
220b79bfcc0380e3999edb61a0c103f6 0 312571778 2
220b79bfcc0380e3999edb61a0c103f6 0 310984634 2
220b79bfcc0380e3999edb61a0c103f6 0 302154904 2
220b79bfcc0380e3999edb61a0c103f6 0 125093972 1
220b79bfcc0380e3999edb61a0c103f6 0 292109195 2
220b79bfcc0380e3999edb61a0c103f6 0 310980819 2
220b79bfcc0380e3999edb61a0c103f6 0 310973887 2
220b79bfcc0380e3999edb61a0c103f6 0 138244917 2
220b79bfcc0380e3999edb61a0c103f6 0 160732460 2
220b79bfcc0380e3999edb61a0c103f6 0 156948056 2
220b79bfcc0380e3999edb61a0c103f6 0 291557247 2
220b79bfcc0380e3999edb61a0c103f6 0 148540540 2
220b79bfcc0380e3999edb61a0c103f6 0 313588385 2
220b79bfcc0380e3999edb61a0c103f6 0 291840325 2
220b79bfcc0380e3999edb61a0c103f6 0 95222982 2
220b79bfcc0380e3999edb61a0c103f6 0 289538048 2
220b79bfcc0380e3999edb61a0c103f6 0 291175072 2
220b79bfcc0380e3999edb61a0c103f6 0 126066116 2
220b79bfcc0380e3999edb61a0c103f6 0 310133852 2
220b79bfcc0380e3999edb61a0c103f6 0 301419641 2
220b79bfcc0380e3999edb61a0c103f6 0 291498053 2
220b79bfcc0380e3999edb61a0c103f6 0 157916873 2
220b79bfcc0380e3999edb61a0c103f6 0 294788378 2
781ce9d684cf75f39303e94af5013c41 0 292258928 2
781ce9d684cf75f39303e94af5013c41 0 292944326 0
781ce9d684cf75f39303e94af5013c41 0 54179979 1
781ce9d684cf75f39303e94af5013c41 0 293493924 2
781ce9d684cf75f39303e94af5013c41 0 295898785 2
781ce9d684cf75f39303e94af5013c41 0 166882320 2
781ce9d684cf75f39303e94af5013c41 0 295102374 1
781ce9d684cf75f39303e94af5013c41 0 292851620 1
781ce9d684cf75f39303e94af5013c41 0 290880487 2
781ce9d684cf75f39303e94af5013c41 0 71907959 2
781ce9d684cf75f39303e94af5013c41 0 303492188 2
781ce9d684cf75f39303e94af5013c41 0 298677294 2
781ce9d684cf75f39303e94af5013c41 0 303189790 2
781ce9d684cf75f39303e94af5013c41 0 294942164 2
781ce9d684cf75f39303e94af5013c41 0 291813954 2
781ce9d684cf75f39303e94af5013c41 0 18504944 1
781ce9d684cf75f39303e94af5013c41 0 292143044 1
781ce9d684cf75f39303e94af5013c41 0 301636701 1
781ce9d684cf75f39303e94af5013c41 0 142317229 1
781ce9d684cf75f39303e94af5013c41 0 171566763 2
781ce9d684cf75f39303e94af5013c41 0 303368130 0
781ce9d684cf75f39303e94af5013c41 0 306638129 2
781ce9d684cf75f39303e94af5013c41 0 160634851 0
860fc9e42321e79d54dbf743bbffef1c 0 144541321 1
860fc9e42321e79d54dbf743bbffef1c 0 149595064 2
860fc9e42321e79d54dbf743bbffef1c 0 156946170 1
860fc9e42321e79d54dbf743bbffef1c 0 291364828 2
860fc9e42321e79d54dbf743bbffef1c 0 149594843 1
860fc9e42321e79d54dbf743bbffef1c 0 314787399 2
860fc9e42321e79d54dbf743bbffef1c 0 128498917 2
860fc9e42321e79d54dbf743bbffef1c 0 300166324 2
860fc9e42321e79d54dbf743bbffef1c 0 126329920 2
860fc9e42321e79d54dbf743bbffef1c 0 923016 0
860fc9e42321e79d54dbf743bbffef1c 0 83477116 1
860fc9e42321e79d54dbf743bbffef1c 0 150423650 1
860fc9e42321e79d54dbf743bbffef1c 0 301798902 2
860fc9e42321e79d54dbf743bbffef1c 0 159483858 2
860fc9e42321e79d54dbf743bbffef1c 0 150946831 1
860fc9e42321e79d54dbf743bbffef1c 0 304516288 2
860fc9e42321e79d54dbf743bbffef1c 0 145725595 2
b8532cfb9f1bf3bf68b8e9b5458dcc51 0 303266674 0
b8532cfb9f1bf3bf68b8e9b5458dcc51 0 159827647 1
b8532cfb9f1bf3bf68b8e9b5458dcc51 0 302971127 0
b8532cfb9f1bf3bf68b8e9b5458dcc51 0 296063438 1
b8532cfb9f1bf3bf68b8e9b5458dcc51 0 303352509 2
b8532cfb9f1bf3bf68b8e9b5458dcc51 0 275044559 1
b8532cfb9f1bf3bf68b8e9b5458dcc51 0 151554553 1
b8532cfb9f1bf3bf68b8e9b5458dcc51 0 293014824 1
b8532cfb9f1bf3bf68b8e9b5458dcc51 0 298355926 2
b8532cfb9f1bf3bf68b8e9b5458dcc51 0 292657270 1
b8532cfb9f1bf3bf68b8e9b5458dcc51 0 142095953 1
b8532cfb9f1bf3bf68b8e9b5458dcc51 0 296062859 1
b8532cfb9f1bf3bf68b8e9b5458dcc51 0 292520893 1
b8532cfb9f1bf3bf68b8e9b5458dcc51 0 84278574 1
b8532cfb9f1bf3bf68b8e9b5458dcc51 0 50187328 0
b8532cfb9f1bf3bf68b8e9b5458dcc51 0 87078037 1
b8532cfb9f1bf3bf68b8e9b5458dcc51 0 291609122 1
b8532cfb9f1bf3bf68b8e9b5458dcc51 0 23094376 1
b8532cfb9f1bf3bf68b8e9b5458dcc51 0 312785610 1
b8532cfb9f1bf3bf68b8e9b5458dcc51 0 99735073 1
b8532cfb9f1bf3bf68b8e9b5458dcc51 0 304615385 1
b8532cfb9f1bf3bf68b8e9b5458dcc51 0 301838449 2
b8532cfb9f1bf3bf68b8e9b5458dcc51 0 292539195 1
b8532cfb9f1bf3bf68b8e9b5458dcc51 0 33154944 1
b8532cfb9f1bf3bf68b8e9b5458dcc51 0 81793736 1
b8532cfb9f1bf3bf68b8e9b5458dcc51 0 75191512 1
b8532cfb9f1bf3bf68b8e9b5458dcc51 0 47799650 1
b8532cfb9f1bf3bf68b8e9b5458dcc51 0 305475866 1
253235b2573e803d3d7cb91bbe626407 0 154440925 2
253235b2573e803d3d7cb91bbe626407 0 70692294 2
253235b2573e803d3d7cb91bbe626407 0 5118723 2
253235b2573e803d3d7cb91bbe626407 0 171950776 2
253235b2573e803d3d7cb91bbe626407 0 86360163 2
253235b2573e803d3d7cb91bbe626407 0 168177308 2
253235b2573e803d3d7cb91bbe626407 0 44173096 2
253235b2573e803d3d7cb91bbe626407 0 275578591 2
253235b2573e803d3d7cb91bbe626407 0 122710538 2
253235b2573e803d3d7cb91bbe626407 0 78340673 2
253235b2573e803d3d7cb91bbe626407 0 308700944 2
253235b2573e803d3d7cb91bbe626407 0 41648702 2
253235b2573e803d3d7cb91bbe626407 0 313853391 2
253235b2573e803d3d7cb91bbe626407 0 310986766 2
253235b2573e803d3d7cb91bbe626407 0 297415951 2
253235b2573e803d3d7cb91bbe626407 0 314548712 2
253235b2573e803d3d7cb91bbe626407 0 295520965 2
253235b2573e803d3d7cb91bbe626407 0 126430618 2
253235b2573e803d3d7cb91bbe626407 0 2634979 2
253235b2573e803d3d7cb91bbe626407 0 167793894 2
253235b2573e803d3d7cb91bbe626407 0 113686749 2
253235b2573e803d3d7cb91bbe626407 0 172040599 2
253235b2573e803d3d7cb91bbe626407 0 138526462 2
253235b2573e803d3d7cb91bbe626407 0 11309410 2
253235b2573e803d3d7cb91bbe626407 0 313476629 2
253235b2573e803d3d7cb91bbe626407 0 168176642 2
d2af595f032a1958c62ceea6b1545833 0 83771998 2
d2af595f032a1958c62ceea6b1545833 0 85780601 2
d2af595f032a1958c62ceea6b1545833 0 128038491 2
d2af595f032a1958c62ceea6b1545833 0 310729285 2
d2af595f032a1958c62ceea6b1545833 0 15036036 2
d2af595f032a1958c62ceea6b1545833 0 160404385 2
d2af595f032a1958c62ceea6b1545833 0 85020435 0
d2af595f032a1958c62ceea6b1545833 0 150415790 2
d2af595f032a1958c62ceea6b1545833 0 148350420 2
d2af595f032a1958c62ceea6b1545833 0 157179620 2
d2af595f032a1958c62ceea6b1545833 0 44005425 2
d2af595f032a1958c62ceea6b1545833 0 61139448 2
d2af595f032a1958c62ceea6b1545833 0 153346851 2
d2af595f032a1958c62ceea6b1545833 0 169914605 2
d2af595f032a1958c62ceea6b1545833 0 156846603 2
d2af595f032a1958c62ceea6b1545833 0 135626873 2
d2af595f032a1958c62ceea6b1545833 0 134172678 2
d2af595f032a1958c62ceea6b1545833 0 162774371 2
d2af595f032a1958c62ceea6b1545833 0 143164486 2
d2af595f032a1958c62ceea6b1545833 0 160240932 2
d2af595f032a1958c62ceea6b1545833 0 129254626 2
66cac571113757312e85e97c6dfdffcb 0 304470658 1
66cac571113757312e85e97c6dfdffcb 0 157848091 2
66cac571113757312e85e97c6dfdffcb 0 305712718 2
66cac571113757312e85e97c6dfdffcb 0 132641771 1
66cac571113757312e85e97c6dfdffcb 0 128454578 1
66cac571113757312e85e97c6dfdffcb 0 62604244 1
66cac571113757312e85e97c6dfdffcb 0 291373945 2
66cac571113757312e85e97c6dfdffcb 0 160037441 1
66cac571113757312e85e97c6dfdffcb 0 305618204 1
66cac571113757312e85e97c6dfdffcb 0 292479938 2
66cac571113757312e85e97c6dfdffcb 0 305750001 2
66cac571113757312e85e97c6dfdffcb 0 279726597 2
66cac571113757312e85e97c6dfdffcb 0 290469181 1
66cac571113757312e85e97c6dfdffcb 0 303396151 2
66cac571113757312e85e97c6dfdffcb 0 46875242 1
66cac571113757312e85e97c6dfdffcb 0 301890301 2
66cac571113757312e85e97c6dfdffcb 0 274709369 2
66cac571113757312e85e97c6dfdffcb 0 309219997 2
66cac571113757312e85e97c6dfdffcb 0 171671839 2
66cac571113757312e85e97c6dfdffcb 0 72014606 1
66cac571113757312e85e97c6dfdffcb 0 305954790 1
66cac571113757312e85e97c6dfdffcb 0 149517187 2
66cac571113757312e85e97c6dfdffcb 0 154032293 2
66cac571113757312e85e97c6dfdffcb 0 300861058 2
51f686777f1fc4ffcee09a3ba4212ab2 0 158025090 2
51f686777f1fc4ffcee09a3ba4212ab2 0 137866744 1
51f686777f1fc4ffcee09a3ba4212ab2 0 39743907 1
51f686777f1fc4ffcee09a3ba4212ab2 0 22486955 1
51f686777f1fc4ffcee09a3ba4212ab2 0 48217764 2
51f686777f1fc4ffcee09a3ba4212ab2 0 134942414 2
51f686777f1fc4ffcee09a3ba4212ab2 0 156054442 2
51f686777f1fc4ffcee09a3ba4212ab2 0 48213906 1
51f686777f1fc4ffcee09a3ba4212ab2 0 134528098 2
51f686777f1fc4ffcee09a3ba4212ab2 0 10099247 1
51f686777f1fc4ffcee09a3ba4212ab2 0 160392011 2
51f686777f1fc4ffcee09a3ba4212ab2 0 129415487 2
51f686777f1fc4ffcee09a3ba4212ab2 0 68974929 1
51f686777f1fc4ffcee09a3ba4212ab2 0 128775323 2
51f686777f1fc4ffcee09a3ba4212ab2 0 134948718 2
51f686777f1fc4ffcee09a3ba4212ab2 0 135597378 1
51f686777f1fc4ffcee09a3ba4212ab2 0 123093483 1
51f686777f1fc4ffcee09a3ba4212ab2 0 172292631 2
51f686777f1fc4ffcee09a3ba4212ab2 0 155384255 2
51f686777f1fc4ffcee09a3ba4212ab2 0 33347516 1
51f686777f1fc4ffcee09a3ba4212ab2 0 122427773 1
51f686777f1fc4ffcee09a3ba4212ab2 0 22469585 2
af8cff0735e0f7641b418bae15e25991 0 127307650 2
af8cff0735e0f7641b418bae15e25991 0 40378913 1
af8cff0735e0f7641b418bae15e25991 0 291804428 0
af8cff0735e0f7641b418bae15e25991 0 139728404 1
af8cff0735e0f7641b418bae15e25991 0 292324206 1
af8cff0735e0f7641b418bae15e25991 0 11610080 2
af8cff0735e0f7641b418bae15e25991 0 166705754 1
af8cff0735e0f7641b418bae15e25991 0 293368898 1
af8cff0735e0f7641b418bae15e25991 0 158970213 2
af8cff0735e0f7641b418bae15e25991 0 308597939 0
af8cff0735e0f7641b418bae15e25991 0 301309521 1
af8cff0735e0f7641b418bae15e25991 0 286548905 1
af8cff0735e0f7641b418bae15e25991 0 24753262 1
af8cff0735e0f7641b418bae15e25991 0 346539 0
af8cff0735e0f7641b418bae15e25991 0 19100709 2
af8cff0735e0f7641b418bae15e25991 0 308911953 1
af8cff0735e0f7641b418bae15e25991 0 40091208 1
af8cff0735e0f7641b418bae15e25991 0 298859809 0
af8cff0735e0f7641b418bae15e25991 0 313689426 1
af8cff0735e0f7641b418bae15e25991 0 15108098 1
af8cff0735e0f7641b418bae15e25991 0 51859014 2
af8cff0735e0f7641b418bae15e25991 0 232787985 2
af8cff0735e0f7641b418bae15e25991 0 5119337 1
cd8168171beff566fc1609c9dd080cd2 0 143690046 0
cd8168171beff566fc1609c9dd080cd2 0 28437864 1
cd8168171beff566fc1609c9dd080cd2 0 313092460 0
cd8168171beff566fc1609c9dd080cd2 0 289574853 1
cd8168171beff566fc1609c9dd080cd2 0 274817933 0
cd8168171beff566fc1609c9dd080cd2 0 174854554 0
cd8168171beff566fc1609c9dd080cd2 0 303706538 1
cd8168171beff566fc1609c9dd080cd2 0 6208086 1
cd8168171beff566fc1609c9dd080cd2 0 292378003 1
cd8168171beff566fc1609c9dd080cd2 0 4364356 1
cd8168171beff566fc1609c9dd080cd2 0 40015158 1
cd8168171beff566fc1609c9dd080cd2 0 162217283 1
cd8168171beff566fc1609c9dd080cd2 0 164354131 1
cd8168171beff566fc1609c9dd080cd2 0 299196992 0
cd8168171beff566fc1609c9dd080cd2 0 304884950 1
cd8168171beff566fc1609c9dd080cd2 0 6253879 1
cd8168171beff566fc1609c9dd080cd2 0 300175118 1
cd8168171beff566fc1609c9dd080cd2 0 122561904 1
cd8168171beff566fc1609c9dd080cd2 0 293791882 0
cd8168171beff566fc1609c9dd080cd2 0 6208080 0
cd8168171beff566fc1609c9dd080cd2 0 311852794 1
cd8168171beff566fc1609c9dd080cd2 0 289767402 1
cd8168171beff566fc1609c9dd080cd2 0 5833866 1
cd8168171beff566fc1609c9dd080cd2 0 9633423 1
cd8168171beff566fc1609c9dd080cd2 0 30694206 0
cd8168171beff566fc1609c9dd080cd2 0 6208090 1
cd8168171beff566fc1609c9dd080cd2 0 9185463 1
cd8168171beff566fc1609c9dd080cd2 0 6208063 0
a64aae27da8e92c91015c275eb443a14 0 80148777 2
a64aae27da8e92c91015c275eb443a14 0 28577083 2
a64aae27da8e92c91015c275eb443a14 0 310418624 2
a64aae27da8e92c91015c275eb443a14 0 292255548 1
a64aae27da8e92c91015c275eb443a14 0 156715806 1
a64aae27da8e92c91015c275eb443a14 0 69990380 2
a64aae27da8e92c91015c275eb443a14 0 298303008 1
a64aae27da8e92c91015c275eb443a14 0 146964570 2
a64aae27da8e92c91015c275eb443a14 0 298413329 1
a64aae27da8e92c91015c275eb443a14 0 74861167 0
a64aae27da8e92c91015c275eb443a14 0 138502621 2
a64aae27da8e92c91015c275eb443a14 0 8360604 1
a64aae27da8e92c91015c275eb443a14 0 307632056 2
a64aae27da8e92c91015c275eb443a14 0 69794505 1
a64aae27da8e92c91015c275eb443a14 0 10992357 1
a64aae27da8e92c91015c275eb443a14 0 153492665 2
a64aae27da8e92c91015c275eb443a14 0 19621007 2
a64aae27da8e92c91015c275eb443a14 0 159483476 1
a64aae27da8e92c91015c275eb443a14 0 301546578 0
a64aae27da8e92c91015c275eb443a14 0 302390632 1
a64aae27da8e92c91015c275eb443a14 0 311805399 2
a64aae27da8e92c91015c275eb443a14 0 312797258 1
a64aae27da8e92c91015c275eb443a14 0 50721193 0
ae4fa4b3e4ffa37525288e868703a668 0 301511266 1
ae4fa4b3e4ffa37525288e868703a668 0 308809095 1
ae4fa4b3e4ffa37525288e868703a668 0 254107 1
ae4fa4b3e4ffa37525288e868703a668 0 297419267 1
ae4fa4b3e4ffa37525288e868703a668 0 302393390 2
ae4fa4b3e4ffa37525288e868703a668 0 42608281 1
ae4fa4b3e4ffa37525288e868703a668 0 310478527 1
ae4fa4b3e4ffa37525288e868703a668 0 300024429 2
ae4fa4b3e4ffa37525288e868703a668 0 310907710 2
ae4fa4b3e4ffa37525288e868703a668 0 24805992 1
ae4fa4b3e4ffa37525288e868703a668 0 304599527 2
ae4fa4b3e4ffa37525288e868703a668 0 303530146 0
ae4fa4b3e4ffa37525288e868703a668 0 157621772 1
ae4fa4b3e4ffa37525288e868703a668 0 303530149 1
ae4fa4b3e4ffa37525288e868703a668 0 305944672 1
ae4fa4b3e4ffa37525288e868703a668 0 58968273 1
ae4fa4b3e4ffa37525288e868703a668 0 298904210 1
ae4fa4b3e4ffa37525288e868703a668 0 942807 1
ae4fa4b3e4ffa37525288e868703a668 0 51391781 0
ae4fa4b3e4ffa37525288e868703a668 0 295985248 1
ae4fa4b3e4ffa37525288e868703a668 0 309446952 2
ae4fa4b3e4ffa37525288e868703a668 0 42863458 2
ae4fa4b3e4ffa37525288e868703a668 0 296655795 1
ae4fa4b3e4ffa37525288e868703a668 0 17222902 1
ae4fa4b3e4ffa37525288e868703a668 0 17211268 1
ae4fa4b3e4ffa37525288e868703a668 0 297898055 2
ae4fa4b3e4ffa37525288e868703a668 0 305703050 2
ae4fa4b3e4ffa37525288e868703a668 0 153533436 1
deba42a6236611aa30d7bb2ef9427601 0 164660667 2
deba42a6236611aa30d7bb2ef9427601 0 172275207 2
deba42a6236611aa30d7bb2ef9427601 0 157927323 2
deba42a6236611aa30d7bb2ef9427601 0 302862676 2
deba42a6236611aa30d7bb2ef9427601 0 298742339 1
deba42a6236611aa30d7bb2ef9427601 0 110010551 1
deba42a6236611aa30d7bb2ef9427601 0 157983042 1
deba42a6236611aa30d7bb2ef9427601 0 290858371 2
deba42a6236611aa30d7bb2ef9427601 0 292972241 2
deba42a6236611aa30d7bb2ef9427601 0 289557813 2
deba42a6236611aa30d7bb2ef9427601 0 138140891 2
deba42a6236611aa30d7bb2ef9427601 0 157785805 2
deba42a6236611aa30d7bb2ef9427601 0 160431025 1
deba42a6236611aa30d7bb2ef9427601 0 166778340 0
deba42a6236611aa30d7bb2ef9427601 0 274010321 1
deba42a6236611aa30d7bb2ef9427601 0 150351988 2
deba42a6236611aa30d7bb2ef9427601 0 149947516 2
deba42a6236611aa30d7bb2ef9427601 0 127434290 1
4a9bc9a79372406264b38f180fbdf242 0 276608571 1
4a9bc9a79372406264b38f180fbdf242 0 149106166 2
4a9bc9a79372406264b38f180fbdf242 0 152342906 2
4a9bc9a79372406264b38f180fbdf242 0 108413653 1
4a9bc9a79372406264b38f180fbdf242 0 293516873 2
4a9bc9a79372406264b38f180fbdf242 0 295911546 2
4a9bc9a79372406264b38f180fbdf242 0 10723010 2
4a9bc9a79372406264b38f180fbdf242 0 289835434 2
4a9bc9a79372406264b38f180fbdf242 0 10917054 1
4a9bc9a79372406264b38f180fbdf242 0 49607580 2
4a9bc9a79372406264b38f180fbdf242 0 70342092 1
4a9bc9a79372406264b38f180fbdf242 0 10907891 0
4a9bc9a79372406264b38f180fbdf242 0 56732495 0
4a9bc9a79372406264b38f180fbdf242 0 161574194 0
4a9bc9a79372406264b38f180fbdf242 0 7125843 0
4a9bc9a79372406264b38f180fbdf242 0 302729279 1
4a9bc9a79372406264b38f180fbdf242 0 308527447 2
44e521225789bb4e0a23bd3d8482322b 0 78535539 0
44e521225789bb4e0a23bd3d8482322b 0 303799393 1
44e521225789bb4e0a23bd3d8482322b 0 286537378 0
44e521225789bb4e0a23bd3d8482322b 0 289726996 0
44e521225789bb4e0a23bd3d8482322b 0 294105640 1
44e521225789bb4e0a23bd3d8482322b 0 24803086 0
44e521225789bb4e0a23bd3d8482322b 0 42844380 1
44e521225789bb4e0a23bd3d8482322b 0 310354513 0
44e521225789bb4e0a23bd3d8482322b 0 303527154 1
44e521225789bb4e0a23bd3d8482322b 0 294114187 0
44e521225789bb4e0a23bd3d8482322b 0 28929720 1
44e521225789bb4e0a23bd3d8482322b 0 274812698 1
44e521225789bb4e0a23bd3d8482322b 0 78472819 1
44e521225789bb4e0a23bd3d8482322b 0 736906 0
44e521225789bb4e0a23bd3d8482322b 0 24740897 0
44e521225789bb4e0a23bd3d8482322b 0 7308284 1
44e521225789bb4e0a23bd3d8482322b 0 308814813 0
44e521225789bb4e0a23bd3d8482322b 0 130297187 0
44e521225789bb4e0a23bd3d8482322b 0 134890022 1
44e521225789bb4e0a23bd3d8482322b 0 7195659 2
44e521225789bb4e0a23bd3d8482322b 0 153326592 1
44e521225789bb4e0a23bd3d8482322b 0 290316247 0
44e521225789bb4e0a23bd3d8482322b 0 274709089 2
44e521225789bb4e0a23bd3d8482322b 0 24804356 0
44e521225789bb4e0a23bd3d8482322b 0 42845598 1
44e521225789bb4e0a23bd3d8482322b 0 302961160 1
44e521225789bb4e0a23bd3d8482322b 0 313161950 1
5abb455852405585be851775b2889f50 0 159143968 1
5abb455852405585be851775b2889f50 0 82247201 0
5abb455852405585be851775b2889f50 0 296441680 1
5abb455852405585be851775b2889f50 0 302834231 1
5abb455852405585be851775b2889f50 0 302822979 1
5abb455852405585be851775b2889f50 0 97212590 1
5abb455852405585be851775b2889f50 0 1589124 0
5abb455852405585be851775b2889f50 0 8878261 0
5abb455852405585be851775b2889f50 0 305435120 0
5abb455852405585be851775b2889f50 0 287122819 0
5abb455852405585be851775b2889f50 0 37877806 1
5abb455852405585be851775b2889f50 0 302437067 2
5abb455852405585be851775b2889f50 0 290017654 1
5abb455852405585be851775b2889f50 0 292166393 1
5abb455852405585be851775b2889f50 0 36500402 0
5abb455852405585be851775b2889f50 0 133706407 0
5abb455852405585be851775b2889f50 0 305753856 1
5abb455852405585be851775b2889f50 0 289555277 0
5abb455852405585be851775b2889f50 0 299611201 1
5abb455852405585be851775b2889f50 0 302505099 1
5abb455852405585be851775b2889f50 0 299895028 1
5abb455852405585be851775b2889f50 0 308811162 0
5abb455852405585be851775b2889f50 0 151595713 1
5abb455852405585be851775b2889f50 0 305436157 1
5abb455852405585be851775b2889f50 0 309220669 1
5abb455852405585be851775b2889f50 0 86036067 1
5abb455852405585be851775b2889f50 0 301964568 1
df24a211285559b6e15848444e8636a4 0 302753242 1
df24a211285559b6e15848444e8636a4 0 309681504 2
df24a211285559b6e15848444e8636a4 0 284741667 1
df24a211285559b6e15848444e8636a4 0 291798712 2
df24a211285559b6e15848444e8636a4 0 310329960 1
df24a211285559b6e15848444e8636a4 0 279736454 0
df24a211285559b6e15848444e8636a4 0 305524727 1
df24a211285559b6e15848444e8636a4 0 56359594 2
df24a211285559b6e15848444e8636a4 0 174847500 2
df24a211285559b6e15848444e8636a4 0 299849054 2
df24a211285559b6e15848444e8636a4 0 309666449 2
df24a211285559b6e15848444e8636a4 0 28811439 2
df24a211285559b6e15848444e8636a4 0 308446248 2
df24a211285559b6e15848444e8636a4 0 294830976 2
df24a211285559b6e15848444e8636a4 0 310166873 1
df24a211285559b6e15848444e8636a4 0 160180629 2
df24a211285559b6e15848444e8636a4 0 85864398 1
df24a211285559b6e15848444e8636a4 0 308820721 2
df24a211285559b6e15848444e8636a4 0 289605986 1
df24a211285559b6e15848444e8636a4 0 303814667 2
df24a211285559b6e15848444e8636a4 0 290846210 1
df24a211285559b6e15848444e8636a4 0 85939958 2
df24a211285559b6e15848444e8636a4 0 42935355 2
df24a211285559b6e15848444e8636a4 0 287225712 1
df24a211285559b6e15848444e8636a4 0 289704223 2
df24a211285559b6e15848444e8636a4 0 299849036 2
df24a211285559b6e15848444e8636a4 0 303795377 2
df24a211285559b6e15848444e8636a4 0 302988789 2
df24a211285559b6e15848444e8636a4 0 300141037 1
7943fb88b63cdf0a8aaff0b67e709cd6 0 304475059 2
7943fb88b63cdf0a8aaff0b67e709cd6 0 301767854 2
7943fb88b63cdf0a8aaff0b67e709cd6 0 295914407 2
7943fb88b63cdf0a8aaff0b67e709cd6 0 294454812 2
7943fb88b63cdf0a8aaff0b67e709cd6 0 312542238 2
7943fb88b63cdf0a8aaff0b67e709cd6 0 276472042 2
7943fb88b63cdf0a8aaff0b67e709cd6 0 129989054 2
7943fb88b63cdf0a8aaff0b67e709cd6 0 11981122 1
7943fb88b63cdf0a8aaff0b67e709cd6 0 296869817 2
7943fb88b63cdf0a8aaff0b67e709cd6 0 141784260 2
7943fb88b63cdf0a8aaff0b67e709cd6 0 155670453 2
7943fb88b63cdf0a8aaff0b67e709cd6 0 295980429 2
7943fb88b63cdf0a8aaff0b67e709cd6 0 12000415 2
7943fb88b63cdf0a8aaff0b67e709cd6 0 301781183 2
7943fb88b63cdf0a8aaff0b67e709cd6 0 154620953 2
7943fb88b63cdf0a8aaff0b67e709cd6 0 163310090 2
7943fb88b63cdf0a8aaff0b67e709cd6 0 301776713 2
7943fb88b63cdf0a8aaff0b67e709cd6 0 11586405 2
7943fb88b63cdf0a8aaff0b67e709cd6 0 162412350 1
7943fb88b63cdf0a8aaff0b67e709cd6 0 158355971 2
7943fb88b63cdf0a8aaff0b67e709cd6 0 149995101 2
7943fb88b63cdf0a8aaff0b67e709cd6 0 161191644 2
29c96582836735743bd33815ac37ebed 0 276428214 1
29c96582836735743bd33815ac37ebed 0 299729851 0
29c96582836735743bd33815ac37ebed 0 51934712 0
29c96582836735743bd33815ac37ebed 0 2783597 0
29c96582836735743bd33815ac37ebed 0 121262561 0
29c96582836735743bd33815ac37ebed 0 159577942 0
29c96582836735743bd33815ac37ebed 0 291100230 0
29c96582836735743bd33815ac37ebed 0 305753621 0
29c96582836735743bd33815ac37ebed 0 159579752 1
29c96582836735743bd33815ac37ebed 0 289557774 1
29c96582836735743bd33815ac37ebed 0 18479109 2
29c96582836735743bd33815ac37ebed 0 42978750 0
29c96582836735743bd33815ac37ebed 0 213798 2
29c96582836735743bd33815ac37ebed 0 299960397 0
29c96582836735743bd33815ac37ebed 0 37979854 0
29c96582836735743bd33815ac37ebed 0 8007568 0
29c96582836735743bd33815ac37ebed 0 46109144 0
29c96582836735743bd33815ac37ebed 0 43617321 0
29c96582836735743bd33815ac37ebed 0 19531331 0
29c96582836735743bd33815ac37ebed 0 299882438 0
848af20b9dd59ffb505b7387b8f5ed02 0 34239928 2
848af20b9dd59ffb505b7387b8f5ed02 0 69823327 2
848af20b9dd59ffb505b7387b8f5ed02 0 152640079 2
848af20b9dd59ffb505b7387b8f5ed02 0 39644109 2
848af20b9dd59ffb505b7387b8f5ed02 0 300151868 2
848af20b9dd59ffb505b7387b8f5ed02 0 14180601 2
848af20b9dd59ffb505b7387b8f5ed02 0 71183376 2
848af20b9dd59ffb505b7387b8f5ed02 0 275884173 2
848af20b9dd59ffb505b7387b8f5ed02 0 120384637 2
848af20b9dd59ffb505b7387b8f5ed02 0 149927427 2
848af20b9dd59ffb505b7387b8f5ed02 0 146130646 2
848af20b9dd59ffb505b7387b8f5ed02 0 293903971 2
848af20b9dd59ffb505b7387b8f5ed02 0 128014220 2
848af20b9dd59ffb505b7387b8f5ed02 0 26695900 2
848af20b9dd59ffb505b7387b8f5ed02 0 63094616 2
848af20b9dd59ffb505b7387b8f5ed02 0 8034261 1
848af20b9dd59ffb505b7387b8f5ed02 0 80070604 2
848af20b9dd59ffb505b7387b8f5ed02 0 127620711 2
848af20b9dd59ffb505b7387b8f5ed02 0 5122148 2
848af20b9dd59ffb505b7387b8f5ed02 0 145728398 2
848af20b9dd59ffb505b7387b8f5ed02 0 70994849 2
848af20b9dd59ffb505b7387b8f5ed02 0 34112857 2
848af20b9dd59ffb505b7387b8f5ed02 0 128861810 2
848af20b9dd59ffb505b7387b8f5ed02 0 145838197 2
848af20b9dd59ffb505b7387b8f5ed02 0 33915677 2
848af20b9dd59ffb505b7387b8f5ed02 0 163240233 0
848af20b9dd59ffb505b7387b8f5ed02 0 58383568 2
848af20b9dd59ffb505b7387b8f5ed02 0 160767507 2
398d7a1b06954e06c82fe75d308fb0b8 0 295337300 2
398d7a1b06954e06c82fe75d308fb0b8 0 292913521 2
398d7a1b06954e06c82fe75d308fb0b8 0 168172611 2
398d7a1b06954e06c82fe75d308fb0b8 0 25480158 2
398d7a1b06954e06c82fe75d308fb0b8 0 129286105 2
398d7a1b06954e06c82fe75d308fb0b8 0 291499827 2
398d7a1b06954e06c82fe75d308fb0b8 0 132980060 2
398d7a1b06954e06c82fe75d308fb0b8 0 165121439 2
398d7a1b06954e06c82fe75d308fb0b8 0 146972265 2
398d7a1b06954e06c82fe75d308fb0b8 0 10102470 2
398d7a1b06954e06c82fe75d308fb0b8 0 38119257 2
398d7a1b06954e06c82fe75d308fb0b8 0 10163152 2
398d7a1b06954e06c82fe75d308fb0b8 0 290717388 2
398d7a1b06954e06c82fe75d308fb0b8 0 10912511 2
398d7a1b06954e06c82fe75d308fb0b8 0 298348816 2
398d7a1b06954e06c82fe75d308fb0b8 0 289521804 2
398d7a1b06954e06c82fe75d308fb0b8 0 144225833 2
398d7a1b06954e06c82fe75d308fb0b8 0 7748399 2
398d7a1b06954e06c82fe75d308fb0b8 0 297225809 2
398d7a1b06954e06c82fe75d308fb0b8 0 302982835 2
92d9229846b5980c7cc0f2fc644e5ee0 0 300128360 0
92d9229846b5980c7cc0f2fc644e5ee0 0 85850000 2
92d9229846b5980c7cc0f2fc644e5ee0 0 305681754 2
92d9229846b5980c7cc0f2fc644e5ee0 0 81223236 2
92d9229846b5980c7cc0f2fc644e5ee0 0 9035578 2
92d9229846b5980c7cc0f2fc644e5ee0 0 24720785 2
92d9229846b5980c7cc0f2fc644e5ee0 0 162016802 2
92d9229846b5980c7cc0f2fc644e5ee0 0 153555443 1
92d9229846b5980c7cc0f2fc644e5ee0 0 312522766 2
92d9229846b5980c7cc0f2fc644e5ee0 0 46036147 2
92d9229846b5980c7cc0f2fc644e5ee0 0 232915 2
92d9229846b5980c7cc0f2fc644e5ee0 0 149128844 2
92d9229846b5980c7cc0f2fc644e5ee0 0 8376715 2
92d9229846b5980c7cc0f2fc644e5ee0 0 150417079 2
92d9229846b5980c7cc0f2fc644e5ee0 0 6257236 2
92d9229846b5980c7cc0f2fc644e5ee0 0 297129118 2
92d9229846b5980c7cc0f2fc644e5ee0 0 10968353 2
92d9229846b5980c7cc0f2fc644e5ee0 0 298910298 2
92d9229846b5980c7cc0f2fc644e5ee0 0 50541469 2
92d9229846b5980c7cc0f2fc644e5ee0 0 57746774 2
92d9229846b5980c7cc0f2fc644e5ee0 0 30218606 2
92d9229846b5980c7cc0f2fc644e5ee0 0 314983678 2
646c9d86471ed8171432eb721b3adb7e 0 138053421 2
646c9d86471ed8171432eb721b3adb7e 0 108812633 2
646c9d86471ed8171432eb721b3adb7e 0 304482129 2
646c9d86471ed8171432eb721b3adb7e 0 292927188 2
646c9d86471ed8171432eb721b3adb7e 0 295985085 2
646c9d86471ed8171432eb721b3adb7e 0 150255280 1
646c9d86471ed8171432eb721b3adb7e 0 149947811 2
646c9d86471ed8171432eb721b3adb7e 0 152398518 1
646c9d86471ed8171432eb721b3adb7e 0 66336588 2
646c9d86471ed8171432eb721b3adb7e 0 67751913 2
646c9d86471ed8171432eb721b3adb7e 0 142538027 2
646c9d86471ed8171432eb721b3adb7e 0 58965159 2
646c9d86471ed8171432eb721b3adb7e 0 40060137 2
646c9d86471ed8171432eb721b3adb7e 0 298906518 2
646c9d86471ed8171432eb721b3adb7e 0 8987099 2
646c9d86471ed8171432eb721b3adb7e 0 44764930 2
646c9d86471ed8171432eb721b3adb7e 0 80785859 2
646c9d86471ed8171432eb721b3adb7e 0 9616855 1
646c9d86471ed8171432eb721b3adb7e 0 28658120 2
646c9d86471ed8171432eb721b3adb7e 0 75776538 2
646c9d86471ed8171432eb721b3adb7e 0 293341550 2
646c9d86471ed8171432eb721b3adb7e 0 44596274 2
646c9d86471ed8171432eb721b3adb7e 0 174741023 2
646c9d86471ed8171432eb721b3adb7e 0 305562393 0
646c9d86471ed8171432eb721b3adb7e 0 58972847 2
34a6e05ec6153658893268ee9b6d215e 0 8030837 1
34a6e05ec6153658893268ee9b6d215e 0 304037975 1
34a6e05ec6153658893268ee9b6d215e 0 52893393 2
34a6e05ec6153658893268ee9b6d215e 0 70340520 2
34a6e05ec6153658893268ee9b6d215e 0 171822074 0
34a6e05ec6153658893268ee9b6d215e 0 308817167 2
34a6e05ec6153658893268ee9b6d215e 0 77878216 0
34a6e05ec6153658893268ee9b6d215e 0 291883997 2
34a6e05ec6153658893268ee9b6d215e 0 63318903 0
34a6e05ec6153658893268ee9b6d215e 0 84836365 2
34a6e05ec6153658893268ee9b6d215e 0 18757266 0
34a6e05ec6153658893268ee9b6d215e 0 42880823 0
34a6e05ec6153658893268ee9b6d215e 0 8363694 1
34a6e05ec6153658893268ee9b6d215e 0 126362367 0
34a6e05ec6153658893268ee9b6d215e 0 134446132 1
34a6e05ec6153658893268ee9b6d215e 0 72018772 0
34a6e05ec6153658893268ee9b6d215e 0 58830125 0
34a6e05ec6153658893268ee9b6d215e 0 148415265 1
34a6e05ec6153658893268ee9b6d215e 0 135361282 0
34a6e05ec6153658893268ee9b6d215e 0 11020078 0
34a6e05ec6153658893268ee9b6d215e 0 2319405 1
34a6e05ec6153658893268ee9b6d215e 0 43737759 0
34a6e05ec6153658893268ee9b6d215e 0 31124417 0
c29788eafcbbd45047a08b5cd1c24db4 0 39150819 2
c29788eafcbbd45047a08b5cd1c24db4 0 74947351 2
c29788eafcbbd45047a08b5cd1c24db4 0 300356024 2
c29788eafcbbd45047a08b5cd1c24db4 0 299399164 2
c29788eafcbbd45047a08b5cd1c24db4 0 305446717 2
c29788eafcbbd45047a08b5cd1c24db4 0 79334013 2
c29788eafcbbd45047a08b5cd1c24db4 0 6400708 2
c29788eafcbbd45047a08b5cd1c24db4 0 70341095 2
c29788eafcbbd45047a08b5cd1c24db4 0 121307696 2
c29788eafcbbd45047a08b5cd1c24db4 0 39151065 2
c29788eafcbbd45047a08b5cd1c24db4 0 302875398 2
c29788eafcbbd45047a08b5cd1c24db4 0 8362760 2
c29788eafcbbd45047a08b5cd1c24db4 0 158309865 2
c29788eafcbbd45047a08b5cd1c24db4 0 5179129 0
c29788eafcbbd45047a08b5cd1c24db4 0 36826930 2
c29788eafcbbd45047a08b5cd1c24db4 0 9824905 2
c29788eafcbbd45047a08b5cd1c24db4 0 25053103 2
9e21fdce73c6f386719a89673e448490 0 170269021 1
9e21fdce73c6f386719a89673e448490 0 24065182 2
9e21fdce73c6f386719a89673e448490 0 139791665 2
9e21fdce73c6f386719a89673e448490 0 303974177 1
9e21fdce73c6f386719a89673e448490 0 59177760 2
9e21fdce73c6f386719a89673e448490 0 170570901 1
9e21fdce73c6f386719a89673e448490 0 312565525 1
9e21fdce73c6f386719a89673e448490 0 142108541 2
9e21fdce73c6f386719a89673e448490 0 13643438 1
9e21fdce73c6f386719a89673e448490 0 780469 1
9e21fdce73c6f386719a89673e448490 0 46620820 2
9e21fdce73c6f386719a89673e448490 0 17810685 2
9e21fdce73c6f386719a89673e448490 0 102741909 1
9e21fdce73c6f386719a89673e448490 0 160707873 1
9e21fdce73c6f386719a89673e448490 0 268597050 2
9e21fdce73c6f386719a89673e448490 0 151795879 2
9e21fdce73c6f386719a89673e448490 0 3693360 2
9e21fdce73c6f386719a89673e448490 0 136942300 2
9e21fdce73c6f386719a89673e448490 0 18023266 1
9e21fdce73c6f386719a89673e448490 0 17794209 2
9e21fdce73c6f386719a89673e448490 0 2462612 2
9e21fdce73c6f386719a89673e448490 0 158745115 2
9e21fdce73c6f386719a89673e448490 0 60764258 2
9e21fdce73c6f386719a89673e448490 0 58826417 1
9e21fdce73c6f386719a89673e448490 0 17826623 2
9e21fdce73c6f386719a89673e448490 0 301574033 1
ef3ddfa96d252a408f89cc5c977464e4 0 11871827 0
ef3ddfa96d252a408f89cc5c977464e4 0 274801276 1
ef3ddfa96d252a408f89cc5c977464e4 0 46226857 2
ef3ddfa96d252a408f89cc5c977464e4 0 308340910 2
ef3ddfa96d252a408f89cc5c977464e4 0 296802727 1
ef3ddfa96d252a408f89cc5c977464e4 0 276185270 0
ef3ddfa96d252a408f89cc5c977464e4 0 293422605 1
ef3ddfa96d252a408f89cc5c977464e4 0 161546432 0
ef3ddfa96d252a408f89cc5c977464e4 0 303474765 1
ef3ddfa96d252a408f89cc5c977464e4 0 298688981 1
ef3ddfa96d252a408f89cc5c977464e4 0 162217283 2
ef3ddfa96d252a408f89cc5c977464e4 0 290571467 2
ef3ddfa96d252a408f89cc5c977464e4 0 44141605 1
ef3ddfa96d252a408f89cc5c977464e4 0 311689401 1
ef3ddfa96d252a408f89cc5c977464e4 0 302971525 1
ef3ddfa96d252a408f89cc5c977464e4 0 303973546 1
ef3ddfa96d252a408f89cc5c977464e4 0 172682058 1
ef3ddfa96d252a408f89cc5c977464e4 0 77692197 1
ef3ddfa96d252a408f89cc5c977464e4 0 24761187 1
ef3ddfa96d252a408f89cc5c977464e4 0 297904303 1
ef3ddfa96d252a408f89cc5c977464e4 0 291445970 1
ef3ddfa96d252a408f89cc5c977464e4 0 309168585 1
ef3ddfa96d252a408f89cc5c977464e4 0 70959048 0
ef3ddfa96d252a408f89cc5c977464e4 0 304897690 1
ef3ddfa96d252a408f89cc5c977464e4 0 298622684 0
ef3ddfa96d252a408f89cc5c977464e4 0 308816878 1
ef3ddfa96d252a408f89cc5c977464e4 0 296706301 0
ef3ddfa96d252a408f89cc5c977464e4 0 33414804 1
ef3ddfa96d252a408f89cc5c977464e4 0 153807041 2
ef3ddfa96d252a408f89cc5c977464e4 0 292562632 0
cd2b336755998f560cce71bc0a6fb1a4 0 301844089 2
cd2b336755998f560cce71bc0a6fb1a4 0 2975800 2
cd2b336755998f560cce71bc0a6fb1a4 0 17595587 2
cd2b336755998f560cce71bc0a6fb1a4 0 19211844 2
cd2b336755998f560cce71bc0a6fb1a4 0 301862460 2
cd2b336755998f560cce71bc0a6fb1a4 0 2752176 2
cd2b336755998f560cce71bc0a6fb1a4 0 18576975 2
cd2b336755998f560cce71bc0a6fb1a4 0 66790546 1
cd2b336755998f560cce71bc0a6fb1a4 0 308752327 2
cd2b336755998f560cce71bc0a6fb1a4 0 295550155 2
cd2b336755998f560cce71bc0a6fb1a4 0 293790103 2
cd2b336755998f560cce71bc0a6fb1a4 0 8035749 2
cd2b336755998f560cce71bc0a6fb1a4 0 18025079 2
cd2b336755998f560cce71bc0a6fb1a4 0 2580731 2
cd2b336755998f560cce71bc0a6fb1a4 0 305128907 2
cd2b336755998f560cce71bc0a6fb1a4 0 310760739 2
cd2b336755998f560cce71bc0a6fb1a4 0 36991600 2
cd2b336755998f560cce71bc0a6fb1a4 0 7565148 2
cd2b336755998f560cce71bc0a6fb1a4 0 43689367 2
cd2b336755998f560cce71bc0a6fb1a4 0 305410780 2
cd2b336755998f560cce71bc0a6fb1a4 0 300173675 2
cd2b336755998f560cce71bc0a6fb1a4 0 37001704 2
cd2b336755998f560cce71bc0a6fb1a4 0 36984122 2
cd2b336755998f560cce71bc0a6fb1a4 0 59387073 2
cd2b336755998f560cce71bc0a6fb1a4 0 300174601 2
cd2b336755998f560cce71bc0a6fb1a4 0 54445842 1
cd2b336755998f560cce71bc0a6fb1a4 0 274928757 2
cd2b336755998f560cce71bc0a6fb1a4 0 298860110 2
cd2b336755998f560cce71bc0a6fb1a4 0 292480453 2
cd2b336755998f560cce71bc0a6fb1a4 0 144555 2
0232d2be72b1ea33504cd2481b591bad 0 77785405 2
0232d2be72b1ea33504cd2481b591bad 0 291521659 1
0232d2be72b1ea33504cd2481b591bad 0 302870570 2
0232d2be72b1ea33504cd2481b591bad 0 3004013 2
0232d2be72b1ea33504cd2481b591bad 0 173703835 2
0232d2be72b1ea33504cd2481b591bad 0 25514442 2
0232d2be72b1ea33504cd2481b591bad 0 4228930 2
0232d2be72b1ea33504cd2481b591bad 0 37998735 2
0232d2be72b1ea33504cd2481b591bad 0 2611925 1
0232d2be72b1ea33504cd2481b591bad 0 66005277 2
0232d2be72b1ea33504cd2481b591bad 0 18578810 2
0232d2be72b1ea33504cd2481b591bad 0 138197716 1
0232d2be72b1ea33504cd2481b591bad 0 303324316 2
0232d2be72b1ea33504cd2481b591bad 0 276764053 2
0232d2be72b1ea33504cd2481b591bad 0 2958168 2
0232d2be72b1ea33504cd2481b591bad 0 302750230 2
0232d2be72b1ea33504cd2481b591bad 0 301687901 1
0232d2be72b1ea33504cd2481b591bad 0 292680490 2
0232d2be72b1ea33504cd2481b591bad 0 311472921 2
0232d2be72b1ea33504cd2481b591bad 0 60759888 2
0232d2be72b1ea33504cd2481b591bad 0 2742908 2
0232d2be72b1ea33504cd2481b591bad 0 62566961 2
0232d2be72b1ea33504cd2481b591bad 0 363286 1
0232d2be72b1ea33504cd2481b591bad 0 2926275 2
0232d2be72b1ea33504cd2481b591bad 0 291437163 2
dafa6a7621584029946f9a95e63d8f86 0 168506792 1
dafa6a7621584029946f9a95e63d8f86 0 4005957 2
dafa6a7621584029946f9a95e63d8f86 0 303275427 2
dafa6a7621584029946f9a95e63d8f86 0 80152853 2
dafa6a7621584029946f9a95e63d8f86 0 305719950 0
dafa6a7621584029946f9a95e63d8f86 0 7162311 1
dafa6a7621584029946f9a95e63d8f86 0 308690981 1
dafa6a7621584029946f9a95e63d8f86 0 302753885 2
dafa6a7621584029946f9a95e63d8f86 0 302801745 1
dafa6a7621584029946f9a95e63d8f86 0 144712597 0
dafa6a7621584029946f9a95e63d8f86 0 289543317 2
dafa6a7621584029946f9a95e63d8f86 0 9039806 2
dafa6a7621584029946f9a95e63d8f86 0 301968589 1
dafa6a7621584029946f9a95e63d8f86 0 292618273 2
dafa6a7621584029946f9a95e63d8f86 0 302738182 2
dafa6a7621584029946f9a95e63d8f86 0 291099233 0
dafa6a7621584029946f9a95e63d8f86 0 304897656 1
dafa6a7621584029946f9a95e63d8f86 0 311040245 2
dafa6a7621584029946f9a95e63d8f86 0 304897619 0
dafa6a7621584029946f9a95e63d8f86 0 287204199 1
dafa6a7621584029946f9a95e63d8f86 0 1172693 2
dafa6a7621584029946f9a95e63d8f86 0 302832929 2
dafa6a7621584029946f9a95e63d8f86 0 62686898 1
dafa6a7621584029946f9a95e63d8f86 0 290461071 2
dafa6a7621584029946f9a95e63d8f86 0 292791321 2
dafa6a7621584029946f9a95e63d8f86 0 305596915 1
dafa6a7621584029946f9a95e63d8f86 0 313945296 1
dafa6a7621584029946f9a95e63d8f86 0 290054431 2
67ba401678e3c6f78822c5a2f3603655 0 33897704 2
67ba401678e3c6f78822c5a2f3603655 0 291397769 2
67ba401678e3c6f78822c5a2f3603655 0 290881038 1
67ba401678e3c6f78822c5a2f3603655 0 158159365 2
67ba401678e3c6f78822c5a2f3603655 0 6903987 2
67ba401678e3c6f78822c5a2f3603655 0 85774884 1
67ba401678e3c6f78822c5a2f3603655 0 276606321 2
67ba401678e3c6f78822c5a2f3603655 0 291410927 2
67ba401678e3c6f78822c5a2f3603655 0 294836575 2
67ba401678e3c6f78822c5a2f3603655 0 454349 2
67ba401678e3c6f78822c5a2f3603655 0 21882002 2
67ba401678e3c6f78822c5a2f3603655 0 145431435 2
67ba401678e3c6f78822c5a2f3603655 0 290103151 2
67ba401678e3c6f78822c5a2f3603655 0 52403909 2
67ba401678e3c6f78822c5a2f3603655 0 146628850 2
67ba401678e3c6f78822c5a2f3603655 0 309091465 2
67ba401678e3c6f78822c5a2f3603655 0 275751947 1
67ba401678e3c6f78822c5a2f3603655 0 62531695 2
67ba401678e3c6f78822c5a2f3603655 0 150452964 2
67ba401678e3c6f78822c5a2f3603655 0 19738638 2
67ba401678e3c6f78822c5a2f3603655 0 299808284 2
67ba401678e3c6f78822c5a2f3603655 0 290091735 2
67ba401678e3c6f78822c5a2f3603655 0 304072754 2
25cb193d5dcc97ac418d58dc668648db 0 303686958 2
25cb193d5dcc97ac418d58dc668648db 0 126345413 2
25cb193d5dcc97ac418d58dc668648db 0 139953891 2
25cb193d5dcc97ac418d58dc668648db 0 10870857 2
25cb193d5dcc97ac418d58dc668648db 0 8548956 2
25cb193d5dcc97ac418d58dc668648db 0 301542098 2
25cb193d5dcc97ac418d58dc668648db 0 139955500 2
25cb193d5dcc97ac418d58dc668648db 0 7293674 2
25cb193d5dcc97ac418d58dc668648db 0 304483373 2
25cb193d5dcc97ac418d58dc668648db 0 166748840 2
25cb193d5dcc97ac418d58dc668648db 0 10891639 2
25cb193d5dcc97ac418d58dc668648db 0 58964580 2
25cb193d5dcc97ac418d58dc668648db 0 157088595 2
25cb193d5dcc97ac418d58dc668648db 0 294828088 2
25cb193d5dcc97ac418d58dc668648db 0 313308590 2
25cb193d5dcc97ac418d58dc668648db 0 156564080 2
25cb193d5dcc97ac418d58dc668648db 0 45418596 2
25cb193d5dcc97ac418d58dc668648db 0 299809847 2
3fb37f11fe7ce75db465d18b9cc0705c 0 36996062 0
3fb37f11fe7ce75db465d18b9cc0705c 0 301416333 1
3fb37f11fe7ce75db465d18b9cc0705c 0 39857836 1
3fb37f11fe7ce75db465d18b9cc0705c 0 293897130 0
3fb37f11fe7ce75db465d18b9cc0705c 0 289489645 1
3fb37f11fe7ce75db465d18b9cc0705c 0 293339784 1
3fb37f11fe7ce75db465d18b9cc0705c 0 39408514 1
3fb37f11fe7ce75db465d18b9cc0705c 0 305609370 0
3fb37f11fe7ce75db465d18b9cc0705c 0 311239981 0
3fb37f11fe7ce75db465d18b9cc0705c 0 274850366 0
3fb37f11fe7ce75db465d18b9cc0705c 0 313966374 1
3fb37f11fe7ce75db465d18b9cc0705c 0 289491539 1
3fb37f11fe7ce75db465d18b9cc0705c 0 293897076 0
3fb37f11fe7ce75db465d18b9cc0705c 0 300700857 1
3fb37f11fe7ce75db465d18b9cc0705c 0 291471491 1
3fb37f11fe7ce75db465d18b9cc0705c 0 302184443 0
3fb37f11fe7ce75db465d18b9cc0705c 0 298349674 1
3fb37f11fe7ce75db465d18b9cc0705c 0 313295762 1
3fb37f11fe7ce75db465d18b9cc0705c 0 301274528 0
3fb37f11fe7ce75db465d18b9cc0705c 0 292650209 0
3fb37f11fe7ce75db465d18b9cc0705c 0 268349292 1
3fb37f11fe7ce75db465d18b9cc0705c 0 294505058 0
3fb37f11fe7ce75db465d18b9cc0705c 0 294504993 0
3fb37f11fe7ce75db465d18b9cc0705c 0 36997833 1
3fb37f11fe7ce75db465d18b9cc0705c 0 291403640 0
3fb37f11fe7ce75db465d18b9cc0705c 0 75187751 0
3fb37f11fe7ce75db465d18b9cc0705c 0 300863418 1
3fb37f11fe7ce75db465d18b9cc0705c 0 301055829 1
3fb37f11fe7ce75db465d18b9cc0705c 0 37005408 1
3fb37f11fe7ce75db465d18b9cc0705c 0 289491673 1
42c8c24fcf4a66dc6ce61d46a732eafd 0 39833459 2
42c8c24fcf4a66dc6ce61d46a732eafd 0 39833700 1
42c8c24fcf4a66dc6ce61d46a732eafd 0 71346441 1
42c8c24fcf4a66dc6ce61d46a732eafd 0 134995639 2
42c8c24fcf4a66dc6ce61d46a732eafd 0 4410983 2
42c8c24fcf4a66dc6ce61d46a732eafd 0 8112411 2
42c8c24fcf4a66dc6ce61d46a732eafd 0 313161941 2
42c8c24fcf4a66dc6ce61d46a732eafd 0 287294532 2
42c8c24fcf4a66dc6ce61d46a732eafd 0 291594756 2
42c8c24fcf4a66dc6ce61d46a732eafd 0 18095816 2
42c8c24fcf4a66dc6ce61d46a732eafd 0 15108344 2
42c8c24fcf4a66dc6ce61d46a732eafd 0 8152951 2
42c8c24fcf4a66dc6ce61d46a732eafd 0 100766157 2
42c8c24fcf4a66dc6ce61d46a732eafd 0 258268 1
42c8c24fcf4a66dc6ce61d46a732eafd 0 156107943 2
42c8c24fcf4a66dc6ce61d46a732eafd 0 16218436 1
42c8c24fcf4a66dc6ce61d46a732eafd 0 286534109 2
42c8c24fcf4a66dc6ce61d46a732eafd 0 70000508 1
5432516c146400806a7fac5fc8b2a851 0 6459587 0
5432516c146400806a7fac5fc8b2a851 0 302391325 0
5432516c146400806a7fac5fc8b2a851 0 303373205 0
5432516c146400806a7fac5fc8b2a851 0 163227106 0
5432516c146400806a7fac5fc8b2a851 0 292276043 1
5432516c146400806a7fac5fc8b2a851 0 296419233 1
5432516c146400806a7fac5fc8b2a851 0 302744307 1
5432516c146400806a7fac5fc8b2a851 0 293789892 1
5432516c146400806a7fac5fc8b2a851 0 8363485 0
5432516c146400806a7fac5fc8b2a851 0 303380199 0
5432516c146400806a7fac5fc8b2a851 0 303401515 2
5432516c146400806a7fac5fc8b2a851 0 10895632 0
5432516c146400806a7fac5fc8b2a851 0 149682004 0
5432516c146400806a7fac5fc8b2a851 0 58782456 1
5432516c146400806a7fac5fc8b2a851 0 157249133 0
5432516c146400806a7fac5fc8b2a851 0 301731267 1
5432516c146400806a7fac5fc8b2a851 0 302175998 1
5432516c146400806a7fac5fc8b2a851 0 85977630 1
5432516c146400806a7fac5fc8b2a851 0 36367241 1
5432516c146400806a7fac5fc8b2a851 0 303344642 1
5432516c146400806a7fac5fc8b2a851 0 290454646 1
5432516c146400806a7fac5fc8b2a851 0 85210693 0
5432516c146400806a7fac5fc8b2a851 0 303667386 0
5432516c146400806a7fac5fc8b2a851 0 61846528 1
5432516c146400806a7fac5fc8b2a851 0 304827477 0
5432516c146400806a7fac5fc8b2a851 0 302783737 1
5432516c146400806a7fac5fc8b2a851 0 18611432 1
545dbbdbfeb1d3b0e09f9f5db594b734 0 130387824 2
545dbbdbfeb1d3b0e09f9f5db594b734 0 12042269 1
545dbbdbfeb1d3b0e09f9f5db594b734 0 122823936 1
545dbbdbfeb1d3b0e09f9f5db594b734 0 10951976 1
545dbbdbfeb1d3b0e09f9f5db594b734 0 46647857 0
545dbbdbfeb1d3b0e09f9f5db594b734 0 70581087 1
545dbbdbfeb1d3b0e09f9f5db594b734 0 9782957 2
545dbbdbfeb1d3b0e09f9f5db594b734 0 25144992 1
545dbbdbfeb1d3b0e09f9f5db594b734 0 170947917 1
545dbbdbfeb1d3b0e09f9f5db594b734 0 7122779 1
545dbbdbfeb1d3b0e09f9f5db594b734 0 9163989 2
545dbbdbfeb1d3b0e09f9f5db594b734 0 11700117 1
545dbbdbfeb1d3b0e09f9f5db594b734 0 9845380 2
545dbbdbfeb1d3b0e09f9f5db594b734 0 301186046 1
545dbbdbfeb1d3b0e09f9f5db594b734 0 8701863 1
545dbbdbfeb1d3b0e09f9f5db594b734 0 11724921 2
545dbbdbfeb1d3b0e09f9f5db594b734 0 310213638 2
545dbbdbfeb1d3b0e09f9f5db594b734 0 50719770 0
545dbbdbfeb1d3b0e09f9f5db594b734 0 291378253 2
545dbbdbfeb1d3b0e09f9f5db594b734 0 302774860 1
545dbbdbfeb1d3b0e09f9f5db594b734 0 70301379 1
545dbbdbfeb1d3b0e09f9f5db594b734 0 46147373 0
545dbbdbfeb1d3b0e09f9f5db594b734 0 145138050 2
545dbbdbfeb1d3b0e09f9f5db594b734 0 165130091 1
545dbbdbfeb1d3b0e09f9f5db594b734 0 157154481 2
949bf1f276a13d297105d8845b540e3c 0 46036961 2
949bf1f276a13d297105d8845b540e3c 0 129371817 2
949bf1f276a13d297105d8845b540e3c 0 303337076 1
949bf1f276a13d297105d8845b540e3c 0 19736158 1
949bf1f276a13d297105d8845b540e3c 0 132674201 1
949bf1f276a13d297105d8845b540e3c 0 33897704 1
949bf1f276a13d297105d8845b540e3c 0 133887093 2
949bf1f276a13d297105d8845b540e3c 0 6903987 1
949bf1f276a13d297105d8845b540e3c 0 38632433 1
949bf1f276a13d297105d8845b540e3c 0 85774884 1
949bf1f276a13d297105d8845b540e3c 0 16322070 1
949bf1f276a13d297105d8845b540e3c 0 140275219 1
949bf1f276a13d297105d8845b540e3c 0 169005884 1
949bf1f276a13d297105d8845b540e3c 0 290103151 1
949bf1f276a13d297105d8845b540e3c 0 313243775 1
949bf1f276a13d297105d8845b540e3c 0 33421975 0
949bf1f276a13d297105d8845b540e3c 0 29538963 1
949bf1f276a13d297105d8845b540e3c 0 6838148 0
949bf1f276a13d297105d8845b540e3c 0 27321629 1
949bf1f276a13d297105d8845b540e3c 0 168116645 2
949bf1f276a13d297105d8845b540e3c 0 121208642 1
949bf1f276a13d297105d8845b540e3c 0 135463583 1
949bf1f276a13d297105d8845b540e3c 0 40192206 0
949bf1f276a13d297105d8845b540e3c 0 301797996 0
949bf1f276a13d297105d8845b540e3c 0 149305153 1
930c689b13d81ced46274d30601918a7 0 298722205 2
930c689b13d81ced46274d30601918a7 0 169312568 2
930c689b13d81ced46274d30601918a7 0 291520914 2
930c689b13d81ced46274d30601918a7 0 148239271 2
930c689b13d81ced46274d30601918a7 0 155650960 2
930c689b13d81ced46274d30601918a7 0 154685197 2
930c689b13d81ced46274d30601918a7 0 303335524 2
930c689b13d81ced46274d30601918a7 0 122211293 2
930c689b13d81ced46274d30601918a7 0 294919423 2
930c689b13d81ced46274d30601918a7 0 291439423 2
930c689b13d81ced46274d30601918a7 0 294918981 2
930c689b13d81ced46274d30601918a7 0 301961277 2
930c689b13d81ced46274d30601918a7 0 301687842 2
930c689b13d81ced46274d30601918a7 0 302971892 2
930c689b13d81ced46274d30601918a7 0 148377597 2
930c689b13d81ced46274d30601918a7 0 8038730 2
930c689b13d81ced46274d30601918a7 0 290083514 2
930c689b13d81ced46274d30601918a7 0 310415085 1
930c689b13d81ced46274d30601918a7 0 313259983 2
9e47d2c8342a22a8f19be414d9f10c33 0 126978101 2
9e47d2c8342a22a8f19be414d9f10c33 0 152348341 2
9e47d2c8342a22a8f19be414d9f10c33 0 301421618 2
9e47d2c8342a22a8f19be414d9f10c33 0 293372495 2
9e47d2c8342a22a8f19be414d9f10c33 0 303391909 2
9e47d2c8342a22a8f19be414d9f10c33 0 287358109 2
9e47d2c8342a22a8f19be414d9f10c33 0 305904618 2
9e47d2c8342a22a8f19be414d9f10c33 0 85392863 1
9e47d2c8342a22a8f19be414d9f10c33 0 302938341 2
9e47d2c8342a22a8f19be414d9f10c33 0 293800396 2
9e47d2c8342a22a8f19be414d9f10c33 0 310309139 1
9e47d2c8342a22a8f19be414d9f10c33 0 135767946 2
9e47d2c8342a22a8f19be414d9f10c33 0 123389715 2
9e47d2c8342a22a8f19be414d9f10c33 0 303974004 1
9e47d2c8342a22a8f19be414d9f10c33 0 122704990 2
9e47d2c8342a22a8f19be414d9f10c33 0 124571900 1
9e47d2c8342a22a8f19be414d9f10c33 0 291438434 2
9e47d2c8342a22a8f19be414d9f10c33 0 136646600 1
9e47d2c8342a22a8f19be414d9f10c33 0 45243956 2
9e47d2c8342a22a8f19be414d9f10c33 0 158742959 2
9e47d2c8342a22a8f19be414d9f10c33 0 305480843 2
9e47d2c8342a22a8f19be414d9f10c33 0 304107115 2
9e47d2c8342a22a8f19be414d9f10c33 0 148231524 1
9e47d2c8342a22a8f19be414d9f10c33 0 298311466 1
9e47d2c8342a22a8f19be414d9f10c33 0 64072371 1
71d9a4b88d17a62c956686dfb02a01fe 0 2706199 2
71d9a4b88d17a62c956686dfb02a01fe 0 291417489 2
71d9a4b88d17a62c956686dfb02a01fe 0 303966649 2
71d9a4b88d17a62c956686dfb02a01fe 0 312668792 2
71d9a4b88d17a62c956686dfb02a01fe 0 19213496 2
71d9a4b88d17a62c956686dfb02a01fe 0 289861725 2
71d9a4b88d17a62c956686dfb02a01fe 0 312533719 2
71d9a4b88d17a62c956686dfb02a01fe 0 303269097 2
71d9a4b88d17a62c956686dfb02a01fe 0 2716578 2
71d9a4b88d17a62c956686dfb02a01fe 0 44009989 0
71d9a4b88d17a62c956686dfb02a01fe 0 26263434 2
71d9a4b88d17a62c956686dfb02a01fe 0 310717664 2
71d9a4b88d17a62c956686dfb02a01fe 0 297431201 2
71d9a4b88d17a62c956686dfb02a01fe 0 2640292 2
71d9a4b88d17a62c956686dfb02a01fe 0 168526535 2
71d9a4b88d17a62c956686dfb02a01fe 0 7796868 2
71d9a4b88d17a62c956686dfb02a01fe 0 78053026 2
71d9a4b88d17a62c956686dfb02a01fe 0 302894857 2
71d9a4b88d17a62c956686dfb02a01fe 0 304977521 2
71d9a4b88d17a62c956686dfb02a01fe 0 2851288 2
71d9a4b88d17a62c956686dfb02a01fe 0 2717393 2
71d9a4b88d17a62c956686dfb02a01fe 0 46756458 2
71d9a4b88d17a62c956686dfb02a01fe 0 301608502 2
71d9a4b88d17a62c956686dfb02a01fe 0 166110608 2
71d9a4b88d17a62c956686dfb02a01fe 0 305611255 2
71d9a4b88d17a62c956686dfb02a01fe 0 285025608 1
71d9a4b88d17a62c956686dfb02a01fe 0 8788868 2
71d9a4b88d17a62c956686dfb02a01fe 0 303269026 2
c3d39be1a3633d49008261165f6058b6 0 96038435 2
c3d39be1a3633d49008261165f6058b6 0 163314769 2
c3d39be1a3633d49008261165f6058b6 0 7796660 2
c3d39be1a3633d49008261165f6058b6 0 44881901 2
c3d39be1a3633d49008261165f6058b6 0 6615750 2
c3d39be1a3633d49008261165f6058b6 0 295660868 2
c3d39be1a3633d49008261165f6058b6 0 149556923 2
c3d39be1a3633d49008261165f6058b6 0 157760460 2
c3d39be1a3633d49008261165f6058b6 0 14041327 2
c3d39be1a3633d49008261165f6058b6 0 122339345 2
c3d39be1a3633d49008261165f6058b6 0 143547502 2
c3d39be1a3633d49008261165f6058b6 0 289557060 2
c3d39be1a3633d49008261165f6058b6 0 153795800 2
c3d39be1a3633d49008261165f6058b6 0 78472507 1
c3d39be1a3633d49008261165f6058b6 0 122359593 2
c3d39be1a3633d49008261165f6058b6 0 68376414 2
c3d39be1a3633d49008261165f6058b6 0 128490926 2
c3d39be1a3633d49008261165f6058b6 0 143426812 2
c3d39be1a3633d49008261165f6058b6 0 75610644 2
c3d39be1a3633d49008261165f6058b6 0 47798982 1
c3d39be1a3633d49008261165f6058b6 0 10929562 2
b60636e15cd1e6f73ecf034caaef6fc3 0 50060246 2
b60636e15cd1e6f73ecf034caaef6fc3 0 301750854 2
b60636e15cd1e6f73ecf034caaef6fc3 0 166045338 2
b60636e15cd1e6f73ecf034caaef6fc3 0 74258612 2
b60636e15cd1e6f73ecf034caaef6fc3 0 36390429 2
b60636e15cd1e6f73ecf034caaef6fc3 0 167816911 2
b60636e15cd1e6f73ecf034caaef6fc3 0 150664873 2
b60636e15cd1e6f73ecf034caaef6fc3 0 9032267 2
b60636e15cd1e6f73ecf034caaef6fc3 0 8848233 2
b60636e15cd1e6f73ecf034caaef6fc3 0 14296421 2
b60636e15cd1e6f73ecf034caaef6fc3 0 1252467 2
b60636e15cd1e6f73ecf034caaef6fc3 0 62921540 2
b60636e15cd1e6f73ecf034caaef6fc3 0 154834771 2
b60636e15cd1e6f73ecf034caaef6fc3 0 67736403 2
b60636e15cd1e6f73ecf034caaef6fc3 0 14308327 2
b60636e15cd1e6f73ecf034caaef6fc3 0 3940790 2
b60636e15cd1e6f73ecf034caaef6fc3 0 37323255 2
b60636e15cd1e6f73ecf034caaef6fc3 0 8990669 2
b60636e15cd1e6f73ecf034caaef6fc3 0 8015780 2
b60636e15cd1e6f73ecf034caaef6fc3 0 276250957 2
b60636e15cd1e6f73ecf034caaef6fc3 0 3803099 2
b60636e15cd1e6f73ecf034caaef6fc3 0 7139190 2
0cdffb4b75ae8f8d562c11598dca0375 0 17794479 2
0cdffb4b75ae8f8d562c11598dca0375 0 5093870 1
0cdffb4b75ae8f8d562c11598dca0375 0 45939024 2
0cdffb4b75ae8f8d562c11598dca0375 0 45939025 2
0cdffb4b75ae8f8d562c11598dca0375 0 19215298 2
0cdffb4b75ae8f8d562c11598dca0375 0 290764222 1
0cdffb4b75ae8f8d562c11598dca0375 0 303202375 1
0cdffb4b75ae8f8d562c11598dca0375 0 231826892 2
0cdffb4b75ae8f8d562c11598dca0375 0 36985010 2
0cdffb4b75ae8f8d562c11598dca0375 0 305613429 2
0cdffb4b75ae8f8d562c11598dca0375 0 304835479 2
0cdffb4b75ae8f8d562c11598dca0375 0 10431188 2
0cdffb4b75ae8f8d562c11598dca0375 0 5118899 1
0cdffb4b75ae8f8d562c11598dca0375 0 85252728 2
0cdffb4b75ae8f8d562c11598dca0375 0 7089774 2
0cdffb4b75ae8f8d562c11598dca0375 0 6706986 1
0cdffb4b75ae8f8d562c11598dca0375 0 8032047 2
0cdffb4b75ae8f8d562c11598dca0375 0 303267777 2
0cdffb4b75ae8f8d562c11598dca0375 0 298913039 2
0cdffb4b75ae8f8d562c11598dca0375 0 139956848 2
0cdffb4b75ae8f8d562c11598dca0375 0 41075431 2
0cdffb4b75ae8f8d562c11598dca0375 0 300358197 1
0cdffb4b75ae8f8d562c11598dca0375 0 154994108 2
0cdffb4b75ae8f8d562c11598dca0375 0 141211629 2
0cdffb4b75ae8f8d562c11598dca0375 0 310270372 2
0cdffb4b75ae8f8d562c11598dca0375 0 156804847 1
0cdffb4b75ae8f8d562c11598dca0375 0 313019392 2
0cdffb4b75ae8f8d562c11598dca0375 0 301688035 2
0cdffb4b75ae8f8d562c11598dca0375 0 126165935 2
5fcf8eb1af05248be1503e13e8940abf 0 310449901 2
5fcf8eb1af05248be1503e13e8940abf 0 313326833 1
5fcf8eb1af05248be1503e13e8940abf 0 304742897 1
5fcf8eb1af05248be1503e13e8940abf 0 291381969 1
5fcf8eb1af05248be1503e13e8940abf 0 37398041 0
5fcf8eb1af05248be1503e13e8940abf 0 287280165 0
5fcf8eb1af05248be1503e13e8940abf 0 38065440 1
5fcf8eb1af05248be1503e13e8940abf 0 302114868 1
5fcf8eb1af05248be1503e13e8940abf 0 85870527 1
5fcf8eb1af05248be1503e13e8940abf 0 293900943 1
5fcf8eb1af05248be1503e13e8940abf 0 157811834 2
5fcf8eb1af05248be1503e13e8940abf 0 306751419 0
5fcf8eb1af05248be1503e13e8940abf 0 41030016 0
5fcf8eb1af05248be1503e13e8940abf 0 299247794 1
5fcf8eb1af05248be1503e13e8940abf 0 274710501 1
5fcf8eb1af05248be1503e13e8940abf 0 46222789 1
5fcf8eb1af05248be1503e13e8940abf 0 85866862 1
5fcf8eb1af05248be1503e13e8940abf 0 85869806 1
5fcf8eb1af05248be1503e13e8940abf 0 165093898 0
5fcf8eb1af05248be1503e13e8940abf 0 292279646 1
5fcf8eb1af05248be1503e13e8940abf 0 310452493 1
5fcf8eb1af05248be1503e13e8940abf 0 29355738 1
5fcf8eb1af05248be1503e13e8940abf 0 293790286 1
42a14fb90b75c5ce037cb9d6acc52b8a 0 292695364 2
42a14fb90b75c5ce037cb9d6acc52b8a 0 160111314 2
42a14fb90b75c5ce037cb9d6acc52b8a 0 26257964 2
42a14fb90b75c5ce037cb9d6acc52b8a 0 2819638 0
42a14fb90b75c5ce037cb9d6acc52b8a 0 298197890 2
42a14fb90b75c5ce037cb9d6acc52b8a 0 129949853 2
42a14fb90b75c5ce037cb9d6acc52b8a 0 137417754 2
42a14fb90b75c5ce037cb9d6acc52b8a 0 33343149 2
42a14fb90b75c5ce037cb9d6acc52b8a 0 290848115 2
42a14fb90b75c5ce037cb9d6acc52b8a 0 299841263 2
42a14fb90b75c5ce037cb9d6acc52b8a 0 145591430 2
42a14fb90b75c5ce037cb9d6acc52b8a 0 51722204 2
42a14fb90b75c5ce037cb9d6acc52b8a 0 148524775 2
42a14fb90b75c5ce037cb9d6acc52b8a 0 75192828 2
42a14fb90b75c5ce037cb9d6acc52b8a 0 169267866 2
42a14fb90b75c5ce037cb9d6acc52b8a 0 44601251 2
42a14fb90b75c5ce037cb9d6acc52b8a 0 302914896 2
42a14fb90b75c5ce037cb9d6acc52b8a 0 168949053 2
42a14fb90b75c5ce037cb9d6acc52b8a 0 145431151 2
42a14fb90b75c5ce037cb9d6acc52b8a 0 126766204 2
42a14fb90b75c5ce037cb9d6acc52b8a 0 129959029 2
42a14fb90b75c5ce037cb9d6acc52b8a 0 6904622 2
2e39ed6d7baf9291ce1ea863044d20e6 0 313515847 1
2e39ed6d7baf9291ce1ea863044d20e6 0 8863896 2
2e39ed6d7baf9291ce1ea863044d20e6 0 15077218 2
2e39ed6d7baf9291ce1ea863044d20e6 0 19587681 2
2e39ed6d7baf9291ce1ea863044d20e6 0 26151708 2
2e39ed6d7baf9291ce1ea863044d20e6 0 289571332 2
2e39ed6d7baf9291ce1ea863044d20e6 0 274845071 2
2e39ed6d7baf9291ce1ea863044d20e6 0 68993799 2
2e39ed6d7baf9291ce1ea863044d20e6 0 275883722 2
2e39ed6d7baf9291ce1ea863044d20e6 0 291447432 1
2e39ed6d7baf9291ce1ea863044d20e6 0 307626476 2
2e39ed6d7baf9291ce1ea863044d20e6 0 123532484 2
2e39ed6d7baf9291ce1ea863044d20e6 0 50061369 2
2e39ed6d7baf9291ce1ea863044d20e6 0 5250612 0
2e39ed6d7baf9291ce1ea863044d20e6 0 291527529 2
2e39ed6d7baf9291ce1ea863044d20e6 0 34101649 2
2e39ed6d7baf9291ce1ea863044d20e6 0 291415388 2
2e39ed6d7baf9291ce1ea863044d20e6 0 290577851 2
2e39ed6d7baf9291ce1ea863044d20e6 0 7053561 2
2e39ed6d7baf9291ce1ea863044d20e6 0 151014639 1
2e39ed6d7baf9291ce1ea863044d20e6 0 303711782 2
2e39ed6d7baf9291ce1ea863044d20e6 0 4452511 2
2e39ed6d7baf9291ce1ea863044d20e6 0 304511231 2
3c5110678151e01be80ecac517c06469 0 302888854 1
3c5110678151e01be80ecac517c06469 0 39052322 1
3c5110678151e01be80ecac517c06469 0 151739125 1
3c5110678151e01be80ecac517c06469 0 294777960 1
3c5110678151e01be80ecac517c06469 0 163215702 1
3c5110678151e01be80ecac517c06469 0 310282303 1
3c5110678151e01be80ecac517c06469 0 276480118 1
3c5110678151e01be80ecac517c06469 0 78383074 0
3c5110678151e01be80ecac517c06469 0 276509188 1
3c5110678151e01be80ecac517c06469 0 85254419 1
3c5110678151e01be80ecac517c06469 0 304036481 1
3c5110678151e01be80ecac517c06469 0 296053280 1
3c5110678151e01be80ecac517c06469 0 302101891 1
3c5110678151e01be80ecac517c06469 0 140786660 1
3c5110678151e01be80ecac517c06469 0 290402596 1
3c5110678151e01be80ecac517c06469 0 304036554 1
3c5110678151e01be80ecac517c06469 0 150785784 1
3c5110678151e01be80ecac517c06469 0 160935193 2
3c5110678151e01be80ecac517c06469 0 132440238 1
3c5110678151e01be80ecac517c06469 0 303688531 1
3c5110678151e01be80ecac517c06469 0 313491434 1
3c5110678151e01be80ecac517c06469 0 78444649 1
3c5110678151e01be80ecac517c06469 0 305683159 1
3c5110678151e01be80ecac517c06469 0 28078607 1
3c5110678151e01be80ecac517c06469 0 17859071 1
f10218c858ed40f612c1888bc8223d2f 0 9047681 0
f10218c858ed40f612c1888bc8223d2f 0 301622038 1
f10218c858ed40f612c1888bc8223d2f 0 296803535 1
f10218c858ed40f612c1888bc8223d2f 0 310887010 1
f10218c858ed40f612c1888bc8223d2f 0 305482876 1
f10218c858ed40f612c1888bc8223d2f 0 66848569 1
f10218c858ed40f612c1888bc8223d2f 0 292112526 1
f10218c858ed40f612c1888bc8223d2f 0 313565050 1
f10218c858ed40f612c1888bc8223d2f 0 310865445 1
f10218c858ed40f612c1888bc8223d2f 0 313308143 1
f10218c858ed40f612c1888bc8223d2f 0 275390066 1
f10218c858ed40f612c1888bc8223d2f 0 299839010 0
f10218c858ed40f612c1888bc8223d2f 0 276474647 1
f10218c858ed40f612c1888bc8223d2f 0 291150178 2
f10218c858ed40f612c1888bc8223d2f 0 13914014 1
f10218c858ed40f612c1888bc8223d2f 0 292659907 2
f10218c858ed40f612c1888bc8223d2f 0 274814130 1
f10218c858ed40f612c1888bc8223d2f 0 310715841 1
f10218c858ed40f612c1888bc8223d2f 0 312670247 1
f10218c858ed40f612c1888bc8223d2f 0 310276976 1
f10218c858ed40f612c1888bc8223d2f 0 71370575 0
f10218c858ed40f612c1888bc8223d2f 0 274734357 1
f10218c858ed40f612c1888bc8223d2f 0 303542735 1
f10218c858ed40f612c1888bc8223d2f 0 293897061 0
f10218c858ed40f612c1888bc8223d2f 0 44761213 1
f10218c858ed40f612c1888bc8223d2f 0 304481678 0
f10218c858ed40f612c1888bc8223d2f 0 312555216 1
f10218c858ed40f612c1888bc8223d2f 0 276253807 1
f10218c858ed40f612c1888bc8223d2f 0 298328886 1
2e9bc31b76b5c3a18da0ba5a0e9e9852 0 309232620 1
2e9bc31b76b5c3a18da0ba5a0e9e9852 0 289553750 0
2e9bc31b76b5c3a18da0ba5a0e9e9852 0 51769022 1
2e9bc31b76b5c3a18da0ba5a0e9e9852 0 25029622 0
2e9bc31b76b5c3a18da0ba5a0e9e9852 0 303984124 0
2e9bc31b76b5c3a18da0ba5a0e9e9852 0 304747023 0
2e9bc31b76b5c3a18da0ba5a0e9e9852 0 297418567 1
2e9bc31b76b5c3a18da0ba5a0e9e9852 0 266992483 0
2e9bc31b76b5c3a18da0ba5a0e9e9852 0 274102198 1
2e9bc31b76b5c3a18da0ba5a0e9e9852 0 8786965 0
2e9bc31b76b5c3a18da0ba5a0e9e9852 0 6606014 0
2e9bc31b76b5c3a18da0ba5a0e9e9852 0 292606051 0
2e9bc31b76b5c3a18da0ba5a0e9e9852 0 289543767 0
2e9bc31b76b5c3a18da0ba5a0e9e9852 0 305756648 0
2e9bc31b76b5c3a18da0ba5a0e9e9852 0 287881434 0
2e9bc31b76b5c3a18da0ba5a0e9e9852 0 302437939 0
2e9bc31b76b5c3a18da0ba5a0e9e9852 0 299592880 1
2e9bc31b76b5c3a18da0ba5a0e9e9852 0 166343802 1
2e9bc31b76b5c3a18da0ba5a0e9e9852 0 168948943 0
2e9bc31b76b5c3a18da0ba5a0e9e9852 0 302733360 0
2e9bc31b76b5c3a18da0ba5a0e9e9852 0 291426425 0
2e9bc31b76b5c3a18da0ba5a0e9e9852 0 308751093 0
2e9bc31b76b5c3a18da0ba5a0e9e9852 0 303230920 0
2e9bc31b76b5c3a18da0ba5a0e9e9852 0 306804051 0
2e9bc31b76b5c3a18da0ba5a0e9e9852 0 266991671 0
2e9bc31b76b5c3a18da0ba5a0e9e9852 0 18459814 0
2e9bc31b76b5c3a18da0ba5a0e9e9852 0 302780817 0
2e9bc31b76b5c3a18da0ba5a0e9e9852 0 129056297 1
2e9bc31b76b5c3a18da0ba5a0e9e9852 0 302871116 0
8a5dc8caebf3359906b2ccd6264982f2 0 302459373 1
8a5dc8caebf3359906b2ccd6264982f2 0 302386679 2
8a5dc8caebf3359906b2ccd6264982f2 0 37882329 1
8a5dc8caebf3359906b2ccd6264982f2 0 291505538 0
8a5dc8caebf3359906b2ccd6264982f2 0 148639231 1
8a5dc8caebf3359906b2ccd6264982f2 0 302894743 0
8a5dc8caebf3359906b2ccd6264982f2 0 305441066 1
8a5dc8caebf3359906b2ccd6264982f2 0 290611128 1
8a5dc8caebf3359906b2ccd6264982f2 0 298357590 1
8a5dc8caebf3359906b2ccd6264982f2 0 276180459 1
8a5dc8caebf3359906b2ccd6264982f2 0 301548168 1
8a5dc8caebf3359906b2ccd6264982f2 0 309161943 0
8a5dc8caebf3359906b2ccd6264982f2 0 303262911 1
8a5dc8caebf3359906b2ccd6264982f2 0 298487537 1
8a5dc8caebf3359906b2ccd6264982f2 0 291479665 1
8a5dc8caebf3359906b2ccd6264982f2 0 305929943 1
8a5dc8caebf3359906b2ccd6264982f2 0 293038391 1
8a5dc8caebf3359906b2ccd6264982f2 0 5477599 1
8a5dc8caebf3359906b2ccd6264982f2 0 304475293 1
8a5dc8caebf3359906b2ccd6264982f2 0 290104926 1
8a5dc8caebf3359906b2ccd6264982f2 0 303219743 0
8a5dc8caebf3359906b2ccd6264982f2 0 301548563 0
8a5dc8caebf3359906b2ccd6264982f2 0 303320692 1
8a5dc8caebf3359906b2ccd6264982f2 0 302914629 1
8a5dc8caebf3359906b2ccd6264982f2 0 308823893 2
8a5dc8caebf3359906b2ccd6264982f2 0 12266191 1
8a5dc8caebf3359906b2ccd6264982f2 0 302075792 1
8a5dc8caebf3359906b2ccd6264982f2 0 289707567 1
8a5dc8caebf3359906b2ccd6264982f2 0 292560193 1
4ed1037709aa13b70fca0575c1c88c48 0 9915239 2
4ed1037709aa13b70fca0575c1c88c48 0 123536263 2
4ed1037709aa13b70fca0575c1c88c48 0 151274369 2
4ed1037709aa13b70fca0575c1c88c48 0 152705919 2
4ed1037709aa13b70fca0575c1c88c48 0 31637564 2
4ed1037709aa13b70fca0575c1c88c48 0 86386411 2
4ed1037709aa13b70fca0575c1c88c48 0 166705320 2
4ed1037709aa13b70fca0575c1c88c48 0 78576736 2
4ed1037709aa13b70fca0575c1c88c48 0 15143570 2
4ed1037709aa13b70fca0575c1c88c48 0 296240475 2
4ed1037709aa13b70fca0575c1c88c48 0 31100170 2
4ed1037709aa13b70fca0575c1c88c48 0 8132062 2
4ed1037709aa13b70fca0575c1c88c48 0 75064845 2
4ed1037709aa13b70fca0575c1c88c48 0 138843487 2
4ed1037709aa13b70fca0575c1c88c48 0 123223670 2
4ed1037709aa13b70fca0575c1c88c48 0 78420899 2
4ed1037709aa13b70fca0575c1c88c48 0 148293520 2
4ed1037709aa13b70fca0575c1c88c48 0 86465735 2
4ed1037709aa13b70fca0575c1c88c48 0 36286139 2
4ed1037709aa13b70fca0575c1c88c48 0 78432878 2
4ed1037709aa13b70fca0575c1c88c48 0 303287470 2
4ed1037709aa13b70fca0575c1c88c48 0 78428937 2
785b9784a0ed573bc3e4c38addb767f5 0 275650567 2
785b9784a0ed573bc3e4c38addb767f5 0 151575203 1
785b9784a0ed573bc3e4c38addb767f5 0 6558205 2
785b9784a0ed573bc3e4c38addb767f5 0 6563207 1
785b9784a0ed573bc3e4c38addb767f5 0 301805197 0
785b9784a0ed573bc3e4c38addb767f5 0 293239752 0
785b9784a0ed573bc3e4c38addb767f5 0 8864605 0
785b9784a0ed573bc3e4c38addb767f5 0 310847796 2
785b9784a0ed573bc3e4c38addb767f5 0 289490820 1
785b9784a0ed573bc3e4c38addb767f5 0 122963509 1
785b9784a0ed573bc3e4c38addb767f5 0 42870621 0
785b9784a0ed573bc3e4c38addb767f5 0 297384335 1
785b9784a0ed573bc3e4c38addb767f5 0 8643139 0
785b9784a0ed573bc3e4c38addb767f5 0 63240308 1
785b9784a0ed573bc3e4c38addb767f5 0 6464012 1
785b9784a0ed573bc3e4c38addb767f5 0 289893538 1
785b9784a0ed573bc3e4c38addb767f5 0 9397628 0
785b9784a0ed573bc3e4c38addb767f5 0 289885864 2
785b9784a0ed573bc3e4c38addb767f5 0 312235329 0
785b9784a0ed573bc3e4c38addb767f5 0 306833299 1
785b9784a0ed573bc3e4c38addb767f5 0 292475149 2
785b9784a0ed573bc3e4c38addb767f5 0 301419916 0
785b9784a0ed573bc3e4c38addb767f5 0 172671100 0
785b9784a0ed573bc3e4c38addb767f5 0 291808769 1
785b9784a0ed573bc3e4c38addb767f5 0 6751442 1
e159a48a232aaf04a668309a7e5ef484 0 6594332 2
e159a48a232aaf04a668309a7e5ef484 0 295856216 2
e159a48a232aaf04a668309a7e5ef484 0 274734451 2
e159a48a232aaf04a668309a7e5ef484 0 8254785 1
e159a48a232aaf04a668309a7e5ef484 0 4760784 1
e159a48a232aaf04a668309a7e5ef484 0 29213492 2
e159a48a232aaf04a668309a7e5ef484 0 36664950 1
e159a48a232aaf04a668309a7e5ef484 0 8697157 1
e159a48a232aaf04a668309a7e5ef484 0 12057581 1
e159a48a232aaf04a668309a7e5ef484 0 8309666 2
e159a48a232aaf04a668309a7e5ef484 0 7984933 2
e159a48a232aaf04a668309a7e5ef484 0 62544280 2
e159a48a232aaf04a668309a7e5ef484 0 299413020 2
e159a48a232aaf04a668309a7e5ef484 0 284113608 1
e159a48a232aaf04a668309a7e5ef484 0 36982271 1
e159a48a232aaf04a668309a7e5ef484 0 161844969 2
e159a48a232aaf04a668309a7e5ef484 0 139605786 2
e159a48a232aaf04a668309a7e5ef484 0 302877450 2
e159a48a232aaf04a668309a7e5ef484 0 238470 2
e159a48a232aaf04a668309a7e5ef484 0 292062362 2
e159a48a232aaf04a668309a7e5ef484 0 39077162 0
e159a48a232aaf04a668309a7e5ef484 0 284468974 2
e159a48a232aaf04a668309a7e5ef484 0 143687222 2
a91d0b9c83e4adc9733dacdbe6141f72 0 128914878 2
a91d0b9c83e4adc9733dacdbe6141f72 0 300703856 2
a91d0b9c83e4adc9733dacdbe6141f72 0 8201614 2
a91d0b9c83e4adc9733dacdbe6141f72 0 9069121 2
a91d0b9c83e4adc9733dacdbe6141f72 0 154687017 2
a91d0b9c83e4adc9733dacdbe6141f72 0 303668146 2
a91d0b9c83e4adc9733dacdbe6141f72 0 45476854 2
a91d0b9c83e4adc9733dacdbe6141f72 0 305436828 2
a91d0b9c83e4adc9733dacdbe6141f72 0 274727756 1
a91d0b9c83e4adc9733dacdbe6141f72 0 302791609 2
a91d0b9c83e4adc9733dacdbe6141f72 0 301683817 2
a91d0b9c83e4adc9733dacdbe6141f72 0 161885356 2
a91d0b9c83e4adc9733dacdbe6141f72 0 302866722 1
a91d0b9c83e4adc9733dacdbe6141f72 0 301684112 2
a91d0b9c83e4adc9733dacdbe6141f72 0 10914468 0
a91d0b9c83e4adc9733dacdbe6141f72 0 8618242 0
a91d0b9c83e4adc9733dacdbe6141f72 0 304072790 2
a91d0b9c83e4adc9733dacdbe6141f72 0 44619047 2
a91d0b9c83e4adc9733dacdbe6141f72 0 302919002 2
a91d0b9c83e4adc9733dacdbe6141f72 0 156969438 2
a91d0b9c83e4adc9733dacdbe6141f72 0 154574935 2
a91d0b9c83e4adc9733dacdbe6141f72 0 191678688 2
a91d0b9c83e4adc9733dacdbe6141f72 0 69313820 1
a91d0b9c83e4adc9733dacdbe6141f72 0 292422969 2
b37968562eae899eeab1c31cb9aaebb9 0 29546912 2
b37968562eae899eeab1c31cb9aaebb9 0 46243814 1
b37968562eae899eeab1c31cb9aaebb9 0 39531239 2
b37968562eae899eeab1c31cb9aaebb9 0 125197671 1
b37968562eae899eeab1c31cb9aaebb9 0 144276483 2
b37968562eae899eeab1c31cb9aaebb9 0 139955037 2
b37968562eae899eeab1c31cb9aaebb9 0 43492195 1
b37968562eae899eeab1c31cb9aaebb9 0 124911742 1
b37968562eae899eeab1c31cb9aaebb9 0 9436724 2
b37968562eae899eeab1c31cb9aaebb9 0 153491478 2
b37968562eae899eeab1c31cb9aaebb9 0 5118155 2
b37968562eae899eeab1c31cb9aaebb9 0 312498048 2
b37968562eae899eeab1c31cb9aaebb9 0 120117751 1
b37968562eae899eeab1c31cb9aaebb9 0 134514258 0
b37968562eae899eeab1c31cb9aaebb9 0 291150167 1
b37968562eae899eeab1c31cb9aaebb9 0 9597175 2
b37968562eae899eeab1c31cb9aaebb9 0 143167152 2
b37968562eae899eeab1c31cb9aaebb9 0 17870224 1
b37968562eae899eeab1c31cb9aaebb9 0 158175703 1
b37968562eae899eeab1c31cb9aaebb9 0 158029514 1
b37968562eae899eeab1c31cb9aaebb9 0 82352375 1
b37968562eae899eeab1c31cb9aaebb9 0 168207075 0
b37968562eae899eeab1c31cb9aaebb9 0 82059013 2
b37968562eae899eeab1c31cb9aaebb9 0 77558344 1
b37968562eae899eeab1c31cb9aaebb9 0 154459546 1
fc456ba65090e69a1d6d146d71bb1031 0 302812424 2
fc456ba65090e69a1d6d146d71bb1031 0 305505341 2
fc456ba65090e69a1d6d146d71bb1031 0 15243653 2
fc456ba65090e69a1d6d146d71bb1031 0 24887786 2
fc456ba65090e69a1d6d146d71bb1031 0 166629701 2
fc456ba65090e69a1d6d146d71bb1031 0 24748111 2
fc456ba65090e69a1d6d146d71bb1031 0 43627034 2
fc456ba65090e69a1d6d146d71bb1031 0 9342351 2
fc456ba65090e69a1d6d146d71bb1031 0 299377023 2
fc456ba65090e69a1d6d146d71bb1031 0 172040600 2
fc456ba65090e69a1d6d146d71bb1031 0 42857036 2
fc456ba65090e69a1d6d146d71bb1031 0 24915702 2
fc456ba65090e69a1d6d146d71bb1031 0 15242582 2
fc456ba65090e69a1d6d146d71bb1031 0 293516334 2
fc456ba65090e69a1d6d146d71bb1031 0 9120434 2
fc456ba65090e69a1d6d146d71bb1031 0 5238716 2
fc456ba65090e69a1d6d146d71bb1031 0 4214697 2
fc456ba65090e69a1d6d146d71bb1031 0 305683387 2
fc456ba65090e69a1d6d146d71bb1031 0 40310044 2
fc456ba65090e69a1d6d146d71bb1031 0 739212 2
ade13b9b007f20c296691dfa10f231fa 0 2501608 2
ade13b9b007f20c296691dfa10f231fa 0 92377398 2
ade13b9b007f20c296691dfa10f231fa 0 22437326 2
ade13b9b007f20c296691dfa10f231fa 0 46225002 2
ade13b9b007f20c296691dfa10f231fa 0 160219841 2
ade13b9b007f20c296691dfa10f231fa 0 5205013 2
ade13b9b007f20c296691dfa10f231fa 0 43369122 2
ade13b9b007f20c296691dfa10f231fa 0 19821754 2
ade13b9b007f20c296691dfa10f231fa 0 129401919 2
ade13b9b007f20c296691dfa10f231fa 0 152224072 2
ade13b9b007f20c296691dfa10f231fa 0 125058737 2
ade13b9b007f20c296691dfa10f231fa 0 8167217 2
ade13b9b007f20c296691dfa10f231fa 0 129765284 2
ade13b9b007f20c296691dfa10f231fa 0 7623340 2
ade13b9b007f20c296691dfa10f231fa 0 86563717 2
ade13b9b007f20c296691dfa10f231fa 0 305448947 2
ade13b9b007f20c296691dfa10f231fa 0 303860507 2
ade13b9b007f20c296691dfa10f231fa 0 138412686 2
ade13b9b007f20c296691dfa10f231fa 0 313309444 2
ade13b9b007f20c296691dfa10f231fa 0 10989346 2
ade13b9b007f20c296691dfa10f231fa 0 19822438 2
ade13b9b007f20c296691dfa10f231fa 0 79343273 2
0da32d60e3d3eb1c1ac82963dd1c3b57 0 26532612 2
0da32d60e3d3eb1c1ac82963dd1c3b57 0 4010769 2
0da32d60e3d3eb1c1ac82963dd1c3b57 0 162806623 2
0da32d60e3d3eb1c1ac82963dd1c3b57 0 303319819 2
0da32d60e3d3eb1c1ac82963dd1c3b57 0 7319343 2
0da32d60e3d3eb1c1ac82963dd1c3b57 0 59964494 2
0da32d60e3d3eb1c1ac82963dd1c3b57 0 152884632 2
0da32d60e3d3eb1c1ac82963dd1c3b57 0 83222586 2
0da32d60e3d3eb1c1ac82963dd1c3b57 0 70032282 2
0da32d60e3d3eb1c1ac82963dd1c3b57 0 168492545 2
0da32d60e3d3eb1c1ac82963dd1c3b57 0 145059220 2
0da32d60e3d3eb1c1ac82963dd1c3b57 0 129959147 2
0da32d60e3d3eb1c1ac82963dd1c3b57 0 70960302 2
0da32d60e3d3eb1c1ac82963dd1c3b57 0 42984357 2
0da32d60e3d3eb1c1ac82963dd1c3b57 0 128421706 2
0da32d60e3d3eb1c1ac82963dd1c3b57 0 130294553 1
0da32d60e3d3eb1c1ac82963dd1c3b57 0 170495221 2
0da32d60e3d3eb1c1ac82963dd1c3b57 0 10962959 2
0da32d60e3d3eb1c1ac82963dd1c3b57 0 134176644 2
0da32d60e3d3eb1c1ac82963dd1c3b57 0 44727002 1
0da32d60e3d3eb1c1ac82963dd1c3b57 0 74710831 2
0da32d60e3d3eb1c1ac82963dd1c3b57 0 69928082 2
0da32d60e3d3eb1c1ac82963dd1c3b57 0 57940269 2
0da32d60e3d3eb1c1ac82963dd1c3b57 0 156921044 1
0da32d60e3d3eb1c1ac82963dd1c3b57 0 152189108 2
34d9a1bb0ba98481c5cc096ca817b7b2 0 5257005 2
34d9a1bb0ba98481c5cc096ca817b7b2 0 2728059 2
34d9a1bb0ba98481c5cc096ca817b7b2 0 154106625 2
34d9a1bb0ba98481c5cc096ca817b7b2 0 158106210 2
34d9a1bb0ba98481c5cc096ca817b7b2 0 275862522 2
34d9a1bb0ba98481c5cc096ca817b7b2 0 140096356 2
34d9a1bb0ba98481c5cc096ca817b7b2 0 84130993 2
34d9a1bb0ba98481c5cc096ca817b7b2 0 84132540 2
34d9a1bb0ba98481c5cc096ca817b7b2 0 313385859 2
34d9a1bb0ba98481c5cc096ca817b7b2 0 168221798 2
34d9a1bb0ba98481c5cc096ca817b7b2 0 8202362 2
34d9a1bb0ba98481c5cc096ca817b7b2 0 8204294 2
34d9a1bb0ba98481c5cc096ca817b7b2 0 17873101 2
34d9a1bb0ba98481c5cc096ca817b7b2 0 70332348 2
34d9a1bb0ba98481c5cc096ca817b7b2 0 123380867 2
34d9a1bb0ba98481c5cc096ca817b7b2 0 122316819 2
34d9a1bb0ba98481c5cc096ca817b7b2 0 129276828 2
34d9a1bb0ba98481c5cc096ca817b7b2 0 149892379 2
394644e02c72db72d75ad72bfe5ee577 0 70962484 2
394644e02c72db72d75ad72bfe5ee577 0 133843850 2
394644e02c72db72d75ad72bfe5ee577 0 309590997 0
394644e02c72db72d75ad72bfe5ee577 0 164390037 2
394644e02c72db72d75ad72bfe5ee577 0 126787517 1
394644e02c72db72d75ad72bfe5ee577 0 6271295 0
394644e02c72db72d75ad72bfe5ee577 0 115459561 2
394644e02c72db72d75ad72bfe5ee577 0 136069651 2
394644e02c72db72d75ad72bfe5ee577 0 296252906 0
394644e02c72db72d75ad72bfe5ee577 0 163167422 1
394644e02c72db72d75ad72bfe5ee577 0 7463558 1
394644e02c72db72d75ad72bfe5ee577 0 129392047 2
394644e02c72db72d75ad72bfe5ee577 0 268366708 1
394644e02c72db72d75ad72bfe5ee577 0 275752065 2
394644e02c72db72d75ad72bfe5ee577 0 70312443 2
394644e02c72db72d75ad72bfe5ee577 0 17936567 2
8aeba6c1289e7013a72730c7d50f0e52 0 9044726 2
8aeba6c1289e7013a72730c7d50f0e52 0 154620313 2
8aeba6c1289e7013a72730c7d50f0e52 0 157586227 1
8aeba6c1289e7013a72730c7d50f0e52 0 138470014 1
8aeba6c1289e7013a72730c7d50f0e52 0 150036688 1
8aeba6c1289e7013a72730c7d50f0e52 0 302487312 2
8aeba6c1289e7013a72730c7d50f0e52 0 47803527 1
8aeba6c1289e7013a72730c7d50f0e52 0 83502555 2
8aeba6c1289e7013a72730c7d50f0e52 0 295467937 2
8aeba6c1289e7013a72730c7d50f0e52 0 162212423 2
8aeba6c1289e7013a72730c7d50f0e52 0 133679304 2
8aeba6c1289e7013a72730c7d50f0e52 0 27015274 0
8aeba6c1289e7013a72730c7d50f0e52 0 128621220 2
8aeba6c1289e7013a72730c7d50f0e52 0 78559314 2
8aeba6c1289e7013a72730c7d50f0e52 0 307626845 2
8aeba6c1289e7013a72730c7d50f0e52 0 295489627 2
8aeba6c1289e7013a72730c7d50f0e52 0 157954199 1
8aeba6c1289e7013a72730c7d50f0e52 0 145726945 1
8aeba6c1289e7013a72730c7d50f0e52 0 7949877 2
8aeba6c1289e7013a72730c7d50f0e52 0 143023474 2
8aeba6c1289e7013a72730c7d50f0e52 0 313710146 2
8aeba6c1289e7013a72730c7d50f0e52 0 133317778 2
de68cd9447f8e287aca0fd9909843e62 0 146734826 2
de68cd9447f8e287aca0fd9909843e62 0 300356597 2
de68cd9447f8e287aca0fd9909843e62 0 301353507 2
de68cd9447f8e287aca0fd9909843e62 0 4574652 2
de68cd9447f8e287aca0fd9909843e62 0 35799368 2
de68cd9447f8e287aca0fd9909843e62 0 269022325 2
de68cd9447f8e287aca0fd9909843e62 0 299791198 1
de68cd9447f8e287aca0fd9909843e62 0 303799090 2
de68cd9447f8e287aca0fd9909843e62 0 10566973 1
de68cd9447f8e287aca0fd9909843e62 0 9040717 2
de68cd9447f8e287aca0fd9909843e62 0 291350907 1
de68cd9447f8e287aca0fd9909843e62 0 239076 2
de68cd9447f8e287aca0fd9909843e62 0 290069630 2
de68cd9447f8e287aca0fd9909843e62 0 33664361 1
de68cd9447f8e287aca0fd9909843e62 0 308903279 2
de68cd9447f8e287aca0fd9909843e62 0 40091326 2
de68cd9447f8e287aca0fd9909843e62 0 33907543 1
de68cd9447f8e287aca0fd9909843e62 0 171832508 2
de68cd9447f8e287aca0fd9909843e62 0 62442030 2
de68cd9447f8e287aca0fd9909843e62 0 128086794 1
de68cd9447f8e287aca0fd9909843e62 0 312269174 2
de68cd9447f8e287aca0fd9909843e62 0 71266087 2
de68cd9447f8e287aca0fd9909843e62 0 140382219 2
de68cd9447f8e287aca0fd9909843e62 0 158073129 1
de68cd9447f8e287aca0fd9909843e62 0 121262562 2
de68cd9447f8e287aca0fd9909843e62 0 311669879 1
de68cd9447f8e287aca0fd9909843e62 0 81940343 2
de68cd9447f8e287aca0fd9909843e62 0 301776175 1
de68cd9447f8e287aca0fd9909843e62 0 291035620 2
de68cd9447f8e287aca0fd9909843e62 0 9589211 2
81a8aee94001d9b79f7a0c75722fec3e 0 274812413 2
81a8aee94001d9b79f7a0c75722fec3e 0 291518664 2
81a8aee94001d9b79f7a0c75722fec3e 0 302854185 2
81a8aee94001d9b79f7a0c75722fec3e 0 11310862 2
81a8aee94001d9b79f7a0c75722fec3e 0 290424874 1
81a8aee94001d9b79f7a0c75722fec3e 0 158170237 2
81a8aee94001d9b79f7a0c75722fec3e 0 312631386 2
81a8aee94001d9b79f7a0c75722fec3e 0 17806679 1
81a8aee94001d9b79f7a0c75722fec3e 0 129529310 1
81a8aee94001d9b79f7a0c75722fec3e 0 313862323 1
81a8aee94001d9b79f7a0c75722fec3e 0 304356172 2
81a8aee94001d9b79f7a0c75722fec3e 0 291102366 2
81a8aee94001d9b79f7a0c75722fec3e 0 310984286 2
81a8aee94001d9b79f7a0c75722fec3e 0 301009229 2
81a8aee94001d9b79f7a0c75722fec3e 0 292538710 1
81a8aee94001d9b79f7a0c75722fec3e 0 310798257 2
81a8aee94001d9b79f7a0c75722fec3e 0 303901588 2
81a8aee94001d9b79f7a0c75722fec3e 0 298127169 2
81a8aee94001d9b79f7a0c75722fec3e 0 291844034 2
81a8aee94001d9b79f7a0c75722fec3e 0 298357217 2
81a8aee94001d9b79f7a0c75722fec3e 0 310676446 2
81a8aee94001d9b79f7a0c75722fec3e 0 301213461 2
81a8aee94001d9b79f7a0c75722fec3e 0 313118650 2
81a8aee94001d9b79f7a0c75722fec3e 0 156526865 1
81a8aee94001d9b79f7a0c75722fec3e 0 297513629 1
81a8aee94001d9b79f7a0c75722fec3e 0 274114771 2
81a8aee94001d9b79f7a0c75722fec3e 0 171800880 2
81a8aee94001d9b79f7a0c75722fec3e 0 298123172 2
81a8aee94001d9b79f7a0c75722fec3e 0 310959266 2
81a8aee94001d9b79f7a0c75722fec3e 0 313670485 2
c3d5d202f8ab3d130a90684fd7308f64 0 29515219 0
c3d5d202f8ab3d130a90684fd7308f64 0 235654730 1
c3d5d202f8ab3d130a90684fd7308f64 0 298359677 0
c3d5d202f8ab3d130a90684fd7308f64 0 303217637 0
c3d5d202f8ab3d130a90684fd7308f64 0 289722327 0
c3d5d202f8ab3d130a90684fd7308f64 0 302871638 0
c3d5d202f8ab3d130a90684fd7308f64 0 42998767 0
c3d5d202f8ab3d130a90684fd7308f64 0 284479426 0
c3d5d202f8ab3d130a90684fd7308f64 0 312186069 0
c3d5d202f8ab3d130a90684fd7308f64 0 292474475 0
c3d5d202f8ab3d130a90684fd7308f64 0 308798473 2
c3d5d202f8ab3d130a90684fd7308f64 0 308747302 0
c3d5d202f8ab3d130a90684fd7308f64 0 61428911 1
c3d5d202f8ab3d130a90684fd7308f64 0 290296163 0
c3d5d202f8ab3d130a90684fd7308f64 0 312538174 0
c3d5d202f8ab3d130a90684fd7308f64 0 308894235 0
c3d5d202f8ab3d130a90684fd7308f64 0 298663686 0
c3d5d202f8ab3d130a90684fd7308f64 0 302072551 0
c3d5d202f8ab3d130a90684fd7308f64 0 303668150 0
c3d5d202f8ab3d130a90684fd7308f64 0 46017071 0
c3d5d202f8ab3d130a90684fd7308f64 0 289816525 0
c3d5d202f8ab3d130a90684fd7308f64 0 298663733 0
c3d5d202f8ab3d130a90684fd7308f64 0 45497706 0
c3d5d202f8ab3d130a90684fd7308f64 0 42537773 0
c3d5d202f8ab3d130a90684fd7308f64 0 302967492 0
c3d5d202f8ab3d130a90684fd7308f64 0 298663728 1
c3d5d202f8ab3d130a90684fd7308f64 0 50140079 1
c3d5d202f8ab3d130a90684fd7308f64 0 305449437 0
c3d5d202f8ab3d130a90684fd7308f64 0 10909451 0
c3d5d202f8ab3d130a90684fd7308f64 0 276806635 0
b37550803cd237fc3755efc186a453cc 0 296165688 2
b37550803cd237fc3755efc186a453cc 0 311156624 2
b37550803cd237fc3755efc186a453cc 0 299888559 2
b37550803cd237fc3755efc186a453cc 0 313858454 1
b37550803cd237fc3755efc186a453cc 0 23063757 1
b37550803cd237fc3755efc186a453cc 0 23066199 0
b37550803cd237fc3755efc186a453cc 0 153950623 1
b37550803cd237fc3755efc186a453cc 0 8791781 2
b37550803cd237fc3755efc186a453cc 0 276607651 0
b37550803cd237fc3755efc186a453cc 0 132314742 1
b37550803cd237fc3755efc186a453cc 0 312808292 1
b37550803cd237fc3755efc186a453cc 0 23064257 0
b37550803cd237fc3755efc186a453cc 0 295100882 2
b37550803cd237fc3755efc186a453cc 0 23063672 1
b37550803cd237fc3755efc186a453cc 0 23063719 0
b37550803cd237fc3755efc186a453cc 0 147664190 1
b37550803cd237fc3755efc186a453cc 0 8864927 2
b37550803cd237fc3755efc186a453cc 0 306566039 2
b37550803cd237fc3755efc186a453cc 0 298350354 2
b37550803cd237fc3755efc186a453cc 0 62993493 0
b37550803cd237fc3755efc186a453cc 0 81753459 1
b37550803cd237fc3755efc186a453cc 0 305477091 1
b37550803cd237fc3755efc186a453cc 0 296315396 1
07635bd80ac655d36cc82d396b093f4a 0 28768853 2
07635bd80ac655d36cc82d396b093f4a 0 33490088 2
07635bd80ac655d36cc82d396b093f4a 0 18394029 2
07635bd80ac655d36cc82d396b093f4a 0 145406176 1
07635bd80ac655d36cc82d396b093f4a 0 305707765 2
07635bd80ac655d36cc82d396b093f4a 0 9557067 1
07635bd80ac655d36cc82d396b093f4a 0 298860504 1
07635bd80ac655d36cc82d396b093f4a 0 78256748 1
07635bd80ac655d36cc82d396b093f4a 0 304489380 2
07635bd80ac655d36cc82d396b093f4a 0 305422186 2
07635bd80ac655d36cc82d396b093f4a 0 4233528 2
07635bd80ac655d36cc82d396b093f4a 0 16094829 2
07635bd80ac655d36cc82d396b093f4a 0 7140271 2
07635bd80ac655d36cc82d396b093f4a 0 71117464 2
07635bd80ac655d36cc82d396b093f4a 0 297076429 2
07635bd80ac655d36cc82d396b093f4a 0 2507777 1
07635bd80ac655d36cc82d396b093f4a 0 51735275 2
07635bd80ac655d36cc82d396b093f4a 0 302071136 1
07635bd80ac655d36cc82d396b093f4a 0 162352140 2
07635bd80ac655d36cc82d396b093f4a 0 60256925 2
4167db3ceb4e698b81750084e926f71c 0 70310374 2
4167db3ceb4e698b81750084e926f71c 0 276732479 2
4167db3ceb4e698b81750084e926f71c 0 148650885 2
4167db3ceb4e698b81750084e926f71c 0 120093878 2
4167db3ceb4e698b81750084e926f71c 0 160930045 2
4167db3ceb4e698b81750084e926f71c 0 17813561 1
4167db3ceb4e698b81750084e926f71c 0 290102884 2
4167db3ceb4e698b81750084e926f71c 0 165155967 2
4167db3ceb4e698b81750084e926f71c 0 171415830 2
4167db3ceb4e698b81750084e926f71c 0 125805422 2
4167db3ceb4e698b81750084e926f71c 0 19211430 2
4167db3ceb4e698b81750084e926f71c 0 274999644 2
4167db3ceb4e698b81750084e926f71c 0 86681385 2
4167db3ceb4e698b81750084e926f71c 0 99035279 2
4167db3ceb4e698b81750084e926f71c 0 46756261 2
4167db3ceb4e698b81750084e926f71c 0 40687309 2
4167db3ceb4e698b81750084e926f71c 0 160651189 1
4167db3ceb4e698b81750084e926f71c 0 25479068 2
4167db3ceb4e698b81750084e926f71c 0 149579371 2
4167db3ceb4e698b81750084e926f71c 0 150323453 2
4167db3ceb4e698b81750084e926f71c 0 37999207 2
4167db3ceb4e698b81750084e926f71c 0 10899223 2
4167db3ceb4e698b81750084e926f71c 0 132453160 2
4167db3ceb4e698b81750084e926f71c 0 144975754 2
e7af2cc348367123486adf9fed0809bc 0 292280467 1
e7af2cc348367123486adf9fed0809bc 0 313281133 1
e7af2cc348367123486adf9fed0809bc 0 296714337 1
e7af2cc348367123486adf9fed0809bc 0 304492762 1
e7af2cc348367123486adf9fed0809bc 0 268298449 2
e7af2cc348367123486adf9fed0809bc 0 305481943 1
e7af2cc348367123486adf9fed0809bc 0 159565350 1
e7af2cc348367123486adf9fed0809bc 0 289835640 1
e7af2cc348367123486adf9fed0809bc 0 125649981 0
e7af2cc348367123486adf9fed0809bc 0 166309652 0
e7af2cc348367123486adf9fed0809bc 0 136819996 1
e7af2cc348367123486adf9fed0809bc 0 154036453 0
e7af2cc348367123486adf9fed0809bc 0 291487336 1
e7af2cc348367123486adf9fed0809bc 0 161684390 0
e7af2cc348367123486adf9fed0809bc 0 155028300 1
e7af2cc348367123486adf9fed0809bc 0 2353507 1
e7af2cc348367123486adf9fed0809bc 0 158458828 1
e7af2cc348367123486adf9fed0809bc 0 145600292 1
e7af2cc348367123486adf9fed0809bc 0 291388993 0
e7af2cc348367123486adf9fed0809bc 0 155414283 2
e7af2cc348367123486adf9fed0809bc 0 263264775 1
e7af2cc348367123486adf9fed0809bc 0 157246772 1
e7af2cc348367123486adf9fed0809bc 0 160027017 1
e7af2cc348367123486adf9fed0809bc 0 152223907 1
e7af2cc348367123486adf9fed0809bc 0 303869002 1
e7af2cc348367123486adf9fed0809bc 0 309156934 2
db52618a747e9666d52ca269003f924e 0 129023319 1
db52618a747e9666d52ca269003f924e 0 129967807 2
db52618a747e9666d52ca269003f924e 0 71489690 1
db52618a747e9666d52ca269003f924e 0 37535575 2
db52618a747e9666d52ca269003f924e 0 5070262 2
db52618a747e9666d52ca269003f924e 0 212013 2
db52618a747e9666d52ca269003f924e 0 39322231 1
db52618a747e9666d52ca269003f924e 0 131422060 2
db52618a747e9666d52ca269003f924e 0 125822285 2
db52618a747e9666d52ca269003f924e 0 70351364 2
db52618a747e9666d52ca269003f924e 0 71489720 2
db52618a747e9666d52ca269003f924e 0 74691979 2
db52618a747e9666d52ca269003f924e 0 13976752 2
db52618a747e9666d52ca269003f924e 0 5069986 2
db52618a747e9666d52ca269003f924e 0 83935650 2
db52618a747e9666d52ca269003f924e 0 168555696 2
db52618a747e9666d52ca269003f924e 0 159489750 1
db52618a747e9666d52ca269003f924e 0 100903822 2
8fffdb258af07c0aea5b3c1a391ff6f7 0 276254341 2
8fffdb258af07c0aea5b3c1a391ff6f7 0 6929026 2
8fffdb258af07c0aea5b3c1a391ff6f7 0 289701225 2
8fffdb258af07c0aea5b3c1a391ff6f7 0 303561659 2
8fffdb258af07c0aea5b3c1a391ff6f7 0 8058738 1
8fffdb258af07c0aea5b3c1a391ff6f7 0 85864542 2
8fffdb258af07c0aea5b3c1a391ff6f7 0 305544359 2
8fffdb258af07c0aea5b3c1a391ff6f7 0 291890459 2
8fffdb258af07c0aea5b3c1a391ff6f7 0 305656325 2
8fffdb258af07c0aea5b3c1a391ff6f7 0 311852775 2
8fffdb258af07c0aea5b3c1a391ff6f7 0 312441564 2
8fffdb258af07c0aea5b3c1a391ff6f7 0 2714042 2
8fffdb258af07c0aea5b3c1a391ff6f7 0 38495474 1
8fffdb258af07c0aea5b3c1a391ff6f7 0 2608262 1
8fffdb258af07c0aea5b3c1a391ff6f7 0 304992566 2
8fffdb258af07c0aea5b3c1a391ff6f7 0 311754958 2
8fffdb258af07c0aea5b3c1a391ff6f7 0 46665936 2
8fffdb258af07c0aea5b3c1a391ff6f7 0 300875358 2
8fffdb258af07c0aea5b3c1a391ff6f7 0 2659269 2
8fffdb258af07c0aea5b3c1a391ff6f7 0 85864403 2
8fffdb258af07c0aea5b3c1a391ff6f7 0 19214963 2
8fffdb258af07c0aea5b3c1a391ff6f7 0 40778740 2
8fffdb258af07c0aea5b3c1a391ff6f7 0 303807333 2
8fffdb258af07c0aea5b3c1a391ff6f7 0 2848257 2
8fffdb258af07c0aea5b3c1a391ff6f7 0 85867532 2
8fffdb258af07c0aea5b3c1a391ff6f7 0 298684886 2
2a6cbdaebcd9a4eb732ae5a999f093e7 0 312808954 2
2a6cbdaebcd9a4eb732ae5a999f093e7 0 169306686 1
2a6cbdaebcd9a4eb732ae5a999f093e7 0 9077236 2
2a6cbdaebcd9a4eb732ae5a999f093e7 0 302981247 2
2a6cbdaebcd9a4eb732ae5a999f093e7 0 12058833 0
2a6cbdaebcd9a4eb732ae5a999f093e7 0 171125996 1
2a6cbdaebcd9a4eb732ae5a999f093e7 0 154333495 2
2a6cbdaebcd9a4eb732ae5a999f093e7 0 107272127 2
2a6cbdaebcd9a4eb732ae5a999f093e7 0 304041756 1
2a6cbdaebcd9a4eb732ae5a999f093e7 0 291588327 2
2a6cbdaebcd9a4eb732ae5a999f093e7 0 36996638 1
2a6cbdaebcd9a4eb732ae5a999f093e7 0 162745116 1
2a6cbdaebcd9a4eb732ae5a999f093e7 0 63341980 1
2a6cbdaebcd9a4eb732ae5a999f093e7 0 85942413 2
2a6cbdaebcd9a4eb732ae5a999f093e7 0 46020686 2
2a6cbdaebcd9a4eb732ae5a999f093e7 0 44862296 1
2a6cbdaebcd9a4eb732ae5a999f093e7 0 289891395 2
2a6cbdaebcd9a4eb732ae5a999f093e7 0 169294839 2
2a6cbdaebcd9a4eb732ae5a999f093e7 0 12043762 1
2a6cbdaebcd9a4eb732ae5a999f093e7 0 169307248 2
2a6cbdaebcd9a4eb732ae5a999f093e7 0 289889052 2
2a6cbdaebcd9a4eb732ae5a999f093e7 0 312995265 0
2a6cbdaebcd9a4eb732ae5a999f093e7 0 302767444 1
2a6cbdaebcd9a4eb732ae5a999f093e7 0 5987896 1
4ada95d9cb95308ff0c7410e88da3d72 0 122319811 2
4ada95d9cb95308ff0c7410e88da3d72 0 126669058 2
4ada95d9cb95308ff0c7410e88da3d72 0 126977425 2
4ada95d9cb95308ff0c7410e88da3d72 0 292433311 2
4ada95d9cb95308ff0c7410e88da3d72 0 47738028 2
4ada95d9cb95308ff0c7410e88da3d72 0 8752775 2
4ada95d9cb95308ff0c7410e88da3d72 0 6377000 2
4ada95d9cb95308ff0c7410e88da3d72 0 141747343 2
4ada95d9cb95308ff0c7410e88da3d72 0 303790137 2
4ada95d9cb95308ff0c7410e88da3d72 0 134355414 2
4ada95d9cb95308ff0c7410e88da3d72 0 2616605 2
4ada95d9cb95308ff0c7410e88da3d72 0 129954649 1
4ada95d9cb95308ff0c7410e88da3d72 0 8753059 2
4ada95d9cb95308ff0c7410e88da3d72 0 26257527 2
4ada95d9cb95308ff0c7410e88da3d72 0 275751949 2
4ada95d9cb95308ff0c7410e88da3d72 0 70300223 2
4ada95d9cb95308ff0c7410e88da3d72 0 304978420 2
4ada95d9cb95308ff0c7410e88da3d72 0 293019702 2
4ada95d9cb95308ff0c7410e88da3d72 0 7563121 2
4ada95d9cb95308ff0c7410e88da3d72 0 45594497 2
4ada95d9cb95308ff0c7410e88da3d72 0 5174603 2
4ada95d9cb95308ff0c7410e88da3d72 0 2576185 2
4ada95d9cb95308ff0c7410e88da3d72 0 51540364 2
4ada95d9cb95308ff0c7410e88da3d72 0 7025224 2
4ada95d9cb95308ff0c7410e88da3d72 0 78428937 2
4ada95d9cb95308ff0c7410e88da3d72 0 43530615 2
4ada95d9cb95308ff0c7410e88da3d72 0 70331800 2
2e12172efa17235944608f55b1b7fce0 0 33147701 1
2e12172efa17235944608f55b1b7fce0 0 67185455 2
2e12172efa17235944608f55b1b7fce0 0 162318114 2
2e12172efa17235944608f55b1b7fce0 0 308963807 2
2e12172efa17235944608f55b1b7fce0 0 57161877 2
2e12172efa17235944608f55b1b7fce0 0 57919090 2
2e12172efa17235944608f55b1b7fce0 0 63010817 1
2e12172efa17235944608f55b1b7fce0 0 158040585 2
2e12172efa17235944608f55b1b7fce0 0 70322216 2
2e12172efa17235944608f55b1b7fce0 0 165117884 2
2e12172efa17235944608f55b1b7fce0 0 45244394 2
2e12172efa17235944608f55b1b7fce0 0 37653757 2
2e12172efa17235944608f55b1b7fce0 0 40145583 1
2e12172efa17235944608f55b1b7fce0 0 18510048 2
2e12172efa17235944608f55b1b7fce0 0 18955150 2
2e12172efa17235944608f55b1b7fce0 0 80787540 2
2e12172efa17235944608f55b1b7fce0 0 37908800 2
2e12172efa17235944608f55b1b7fce0 0 7948388 2
2e12172efa17235944608f55b1b7fce0 0 158519111 2
2e12172efa17235944608f55b1b7fce0 0 168556514 2
73bc7287303fb97921389ffba0266c13 0 127143726 2
73bc7287303fb97921389ffba0266c13 0 15176279 2
73bc7287303fb97921389ffba0266c13 0 311538900 2
73bc7287303fb97921389ffba0266c13 0 85444178 2
73bc7287303fb97921389ffba0266c13 0 71785725 2
73bc7287303fb97921389ffba0266c13 0 164422775 2
73bc7287303fb97921389ffba0266c13 0 86036148 2
73bc7287303fb97921389ffba0266c13 0 129945200 1
73bc7287303fb97921389ffba0266c13 0 300699096 2
73bc7287303fb97921389ffba0266c13 0 298411316 2
73bc7287303fb97921389ffba0266c13 0 77300476 2
73bc7287303fb97921389ffba0266c13 0 300699021 2
73bc7287303fb97921389ffba0266c13 0 69291129 2
73bc7287303fb97921389ffba0266c13 0 160762837 1
73bc7287303fb97921389ffba0266c13 0 71261554 2
73bc7287303fb97921389ffba0266c13 0 9983502 2
73bc7287303fb97921389ffba0266c13 0 70354166 2
73bc7287303fb97921389ffba0266c13 0 292832360 2
73bc7287303fb97921389ffba0266c13 0 270420 1
73bc7287303fb97921389ffba0266c13 0 145047528 2
73bc7287303fb97921389ffba0266c13 0 303526972 2
73bc7287303fb97921389ffba0266c13 0 138296719 2
5b9e5bfa057195e7f937fca05ff3ab83 0 39700804 1
5b9e5bfa057195e7f937fca05ff3ab83 0 275726592 1
5b9e5bfa057195e7f937fca05ff3ab83 0 302918620 1
5b9e5bfa057195e7f937fca05ff3ab83 0 157343491 1
5b9e5bfa057195e7f937fca05ff3ab83 0 155261326 1
5b9e5bfa057195e7f937fca05ff3ab83 0 289579033 1
5b9e5bfa057195e7f937fca05ff3ab83 0 4866298 2
5b9e5bfa057195e7f937fca05ff3ab83 0 302436626 2
5b9e5bfa057195e7f937fca05ff3ab83 0 310843383 1
5b9e5bfa057195e7f937fca05ff3ab83 0 313326751 0
5b9e5bfa057195e7f937fca05ff3ab83 0 308814364 2
5b9e5bfa057195e7f937fca05ff3ab83 0 308351363 1
5b9e5bfa057195e7f937fca05ff3ab83 0 275809110 1
5b9e5bfa057195e7f937fca05ff3ab83 0 305596740 0
5b9e5bfa057195e7f937fca05ff3ab83 0 276253228 0
5b9e5bfa057195e7f937fca05ff3ab83 0 285036316 0
5b9e5bfa057195e7f937fca05ff3ab83 0 31274082 1
5b9e5bfa057195e7f937fca05ff3ab83 0 59421014 0
5b9e5bfa057195e7f937fca05ff3ab83 0 164925409 2
5b9e5bfa057195e7f937fca05ff3ab83 0 313009756 1
5b9e5bfa057195e7f937fca05ff3ab83 0 295442758 1
5b9e5bfa057195e7f937fca05ff3ab83 0 300142872 1
5b9e5bfa057195e7f937fca05ff3ab83 0 290410145 2
5b9e5bfa057195e7f937fca05ff3ab83 0 304479042 1
5b9e5bfa057195e7f937fca05ff3ab83 0 164953710 1
5b9e5bfa057195e7f937fca05ff3ab83 0 160024340 1
5b9e5bfa057195e7f937fca05ff3ab83 0 289590784 1
5b9e5bfa057195e7f937fca05ff3ab83 0 8790578 1
5b9e5bfa057195e7f937fca05ff3ab83 0 301803886 1
5b9e5bfa057195e7f937fca05ff3ab83 0 309667206 1
6d8e8990e464b9bfbe52609cd40ac00b 0 151060569 2
6d8e8990e464b9bfbe52609cd40ac00b 0 24517458 2
6d8e8990e464b9bfbe52609cd40ac00b 0 11451177 2
6d8e8990e464b9bfbe52609cd40ac00b 0 24517388 2
6d8e8990e464b9bfbe52609cd40ac00b 0 275022334 2
6d8e8990e464b9bfbe52609cd40ac00b 0 43127494 2
6d8e8990e464b9bfbe52609cd40ac00b 0 54696749 2
6d8e8990e464b9bfbe52609cd40ac00b 0 108216258 2
6d8e8990e464b9bfbe52609cd40ac00b 0 24517385 2
6d8e8990e464b9bfbe52609cd40ac00b 0 62725348 2
6d8e8990e464b9bfbe52609cd40ac00b 0 129957273 2
6d8e8990e464b9bfbe52609cd40ac00b 0 133921249 2
6d8e8990e464b9bfbe52609cd40ac00b 0 136045420 1
6d8e8990e464b9bfbe52609cd40ac00b 0 83523983 2
6d8e8990e464b9bfbe52609cd40ac00b 0 24517469 2
6d8e8990e464b9bfbe52609cd40ac00b 0 308751370 2
6d8e8990e464b9bfbe52609cd40ac00b 0 21012273 2
6d8e8990e464b9bfbe52609cd40ac00b 0 24517372 1
6d8e8990e464b9bfbe52609cd40ac00b 0 4372685 2
6d8e8990e464b9bfbe52609cd40ac00b 0 24518037 1
6d8e8990e464b9bfbe52609cd40ac00b 0 6927485 2
8ca4df85def77168d7d823c10b4e9508 0 4223266 2
8ca4df85def77168d7d823c10b4e9508 0 292044252 2
8ca4df85def77168d7d823c10b4e9508 0 297490438 2
8ca4df85def77168d7d823c10b4e9508 0 18388170 2
8ca4df85def77168d7d823c10b4e9508 0 233560 2
8ca4df85def77168d7d823c10b4e9508 0 299264523 2
8ca4df85def77168d7d823c10b4e9508 0 10145790 2
8ca4df85def77168d7d823c10b4e9508 0 11988777 2
8ca4df85def77168d7d823c10b4e9508 0 8388171 1
8ca4df85def77168d7d823c10b4e9508 0 290977915 2
8ca4df85def77168d7d823c10b4e9508 0 31617727 2
8ca4df85def77168d7d823c10b4e9508 0 292711402 2
8ca4df85def77168d7d823c10b4e9508 0 31611655 2
8ca4df85def77168d7d823c10b4e9508 0 297167225 2
8ca4df85def77168d7d823c10b4e9508 0 40553080 1
8ca4df85def77168d7d823c10b4e9508 0 300421063 2
8ca4df85def77168d7d823c10b4e9508 0 45222929 1
8ca4df85def77168d7d823c10b4e9508 0 231789067 2
a681a45c56438f13b7dfeca913f133e3 0 38937132 2
a681a45c56438f13b7dfeca913f133e3 0 296824053 2
a681a45c56438f13b7dfeca913f133e3 0 301959655 2
a681a45c56438f13b7dfeca913f133e3 0 303215581 1
a681a45c56438f13b7dfeca913f133e3 0 54730207 1
a681a45c56438f13b7dfeca913f133e3 0 6851360 1
a681a45c56438f13b7dfeca913f133e3 0 311516529 2
a681a45c56438f13b7dfeca913f133e3 0 308832078 2
a681a45c56438f13b7dfeca913f133e3 0 48123982 2
a681a45c56438f13b7dfeca913f133e3 0 308395716 2
a681a45c56438f13b7dfeca913f133e3 0 161770726 1
a681a45c56438f13b7dfeca913f133e3 0 302795832 2
a681a45c56438f13b7dfeca913f133e3 0 297367426 2
a681a45c56438f13b7dfeca913f133e3 0 4057547 2
a681a45c56438f13b7dfeca913f133e3 0 297971049 2
a681a45c56438f13b7dfeca913f133e3 0 69230490 2
a681a45c56438f13b7dfeca913f133e3 0 41009353 2
a681a45c56438f13b7dfeca913f133e3 0 305269093 2
a681a45c56438f13b7dfeca913f133e3 0 303374736 2
a681a45c56438f13b7dfeca913f133e3 0 295827779 2
a681a45c56438f13b7dfeca913f133e3 0 232127552 2
572eb6a74d192c4730b21f32b62e4741 0 291413454 2
572eb6a74d192c4730b21f32b62e4741 0 292919778 2
572eb6a74d192c4730b21f32b62e4741 0 43229853 2
572eb6a74d192c4730b21f32b62e4741 0 960588 1
572eb6a74d192c4730b21f32b62e4741 0 292802124 2
572eb6a74d192c4730b21f32b62e4741 0 299028936 2
572eb6a74d192c4730b21f32b62e4741 0 30099700 2
572eb6a74d192c4730b21f32b62e4741 0 5498518 2
572eb6a74d192c4730b21f32b62e4741 0 71355188 2
572eb6a74d192c4730b21f32b62e4741 0 305778307 2
572eb6a74d192c4730b21f32b62e4741 0 15625240 2
572eb6a74d192c4730b21f32b62e4741 0 172786835 2
572eb6a74d192c4730b21f32b62e4741 0 47151680 1
572eb6a74d192c4730b21f32b62e4741 0 2709525 2
572eb6a74d192c4730b21f32b62e4741 0 85860044 2
572eb6a74d192c4730b21f32b62e4741 0 62317368 1
572eb6a74d192c4730b21f32b62e4741 0 7186847 1
572eb6a74d192c4730b21f32b62e4741 0 4355793 2
572eb6a74d192c4730b21f32b62e4741 0 296164901 2
572eb6a74d192c4730b21f32b62e4741 0 311849940 2
572eb6a74d192c4730b21f32b62e4741 0 301131333 2
572eb6a74d192c4730b21f32b62e4741 0 275834851 2
572eb6a74d192c4730b21f32b62e4741 0 4245612 2
572eb6a74d192c4730b21f32b62e4741 0 292616498 2
572eb6a74d192c4730b21f32b62e4741 0 302002238 2
572eb6a74d192c4730b21f32b62e4741 0 166719353 1
572eb6a74d192c4730b21f32b62e4741 0 292067955 2
4627d57561793b7e8b4d458a16554ae7 0 69362069 2
4627d57561793b7e8b4d458a16554ae7 0 8813974 2
4627d57561793b7e8b4d458a16554ae7 0 70307495 2
4627d57561793b7e8b4d458a16554ae7 0 164502650 2
4627d57561793b7e8b4d458a16554ae7 0 128642673 2
4627d57561793b7e8b4d458a16554ae7 0 44458997 2
4627d57561793b7e8b4d458a16554ae7 0 74724171 2
4627d57561793b7e8b4d458a16554ae7 0 85661964 2
4627d57561793b7e8b4d458a16554ae7 0 121962297 2
4627d57561793b7e8b4d458a16554ae7 0 70479035 2
4627d57561793b7e8b4d458a16554ae7 0 27635129 2
4627d57561793b7e8b4d458a16554ae7 0 63068533 2
4627d57561793b7e8b4d458a16554ae7 0 70319883 2
4627d57561793b7e8b4d458a16554ae7 0 138181099 2
4627d57561793b7e8b4d458a16554ae7 0 151013635 2
4627d57561793b7e8b4d458a16554ae7 0 70351960 2
4627d57561793b7e8b4d458a16554ae7 0 122364357 2
4627d57561793b7e8b4d458a16554ae7 0 25362491 2
4627d57561793b7e8b4d458a16554ae7 0 71117890 2
4627d57561793b7e8b4d458a16554ae7 0 70352672 2
4627d57561793b7e8b4d458a16554ae7 0 11385868 1
4627d57561793b7e8b4d458a16554ae7 0 109802217 2
4627d57561793b7e8b4d458a16554ae7 0 131424907 2
4627d57561793b7e8b4d458a16554ae7 0 127820690 2
e9527aec68523b8ceb74e12b8685b96a 0 149998889 2
e9527aec68523b8ceb74e12b8685b96a 0 137964465 2
e9527aec68523b8ceb74e12b8685b96a 0 149998698 2
e9527aec68523b8ceb74e12b8685b96a 0 298724878 2
e9527aec68523b8ceb74e12b8685b96a 0 11346868 2
e9527aec68523b8ceb74e12b8685b96a 0 159322990 2
e9527aec68523b8ceb74e12b8685b96a 0 159482712 2
e9527aec68523b8ceb74e12b8685b96a 0 160732113 2
e9527aec68523b8ceb74e12b8685b96a 0 46034502 2
e9527aec68523b8ceb74e12b8685b96a 0 275761846 2
e9527aec68523b8ceb74e12b8685b96a 0 160732695 2
e9527aec68523b8ceb74e12b8685b96a 0 160830767 2
e9527aec68523b8ceb74e12b8685b96a 0 148239389 2
e9527aec68523b8ceb74e12b8685b96a 0 68383861 2
e9527aec68523b8ceb74e12b8685b96a 0 40558764 2
e9527aec68523b8ceb74e12b8685b96a 0 168219686 2
e9527aec68523b8ceb74e12b8685b96a 0 291425249 2
e9527aec68523b8ceb74e12b8685b96a 0 170298257 2
e9527aec68523b8ceb74e12b8685b96a 0 59191133 2
e9527aec68523b8ceb74e12b8685b96a 0 157818308 2
e9527aec68523b8ceb74e12b8685b96a 0 168219822 2
e9527aec68523b8ceb74e12b8685b96a 0 166775834 2
e9527aec68523b8ceb74e12b8685b96a 0 138171344 2
8fd57bca3d2dee0fb125a322eb8da004 0 304478751 2
8fd57bca3d2dee0fb125a322eb8da004 0 62528051 2
8fd57bca3d2dee0fb125a322eb8da004 0 18061493 2
8fd57bca3d2dee0fb125a322eb8da004 0 40374618 1
8fd57bca3d2dee0fb125a322eb8da004 0 31253940 1
8fd57bca3d2dee0fb125a322eb8da004 0 164534526 1
8fd57bca3d2dee0fb125a322eb8da004 0 158278442 1
8fd57bca3d2dee0fb125a322eb8da004 0 6502265 2
8fd57bca3d2dee0fb125a322eb8da004 0 2535767 1
8fd57bca3d2dee0fb125a322eb8da004 0 156627399 2
8fd57bca3d2dee0fb125a322eb8da004 0 300995741 2
8fd57bca3d2dee0fb125a322eb8da004 0 290843893 1
8fd57bca3d2dee0fb125a322eb8da004 0 313585115 2
8fd57bca3d2dee0fb125a322eb8da004 0 6586951 1
8fd57bca3d2dee0fb125a322eb8da004 0 2482387 0
8fd57bca3d2dee0fb125a322eb8da004 0 6560608 1
8fd57bca3d2dee0fb125a322eb8da004 0 5116990 2
8fd57bca3d2dee0fb125a322eb8da004 0 17197825 1
8fd57bca3d2dee0fb125a322eb8da004 0 5178534 2
8fd57bca3d2dee0fb125a322eb8da004 0 7795732 1
8fd57bca3d2dee0fb125a322eb8da004 0 295663454 2
8fd57bca3d2dee0fb125a322eb8da004 0 309735995 2
8fd57bca3d2dee0fb125a322eb8da004 0 292670700 1
8fd57bca3d2dee0fb125a322eb8da004 0 296673324 0
8fd57bca3d2dee0fb125a322eb8da004 0 2351766 0
8fd57bca3d2dee0fb125a322eb8da004 0 291229158 2
8fd57bca3d2dee0fb125a322eb8da004 0 146471447 0
8fd57bca3d2dee0fb125a322eb8da004 0 303267229 1
8fd57bca3d2dee0fb125a322eb8da004 0 2581594 1
0d38b85b84ac7195f3ee3c951302499a 0 66690938 2
0d38b85b84ac7195f3ee3c951302499a 0 302975725 2
0d38b85b84ac7195f3ee3c951302499a 0 304951933 1
0d38b85b84ac7195f3ee3c951302499a 0 298036613 2
0d38b85b84ac7195f3ee3c951302499a 0 301535806 2
0d38b85b84ac7195f3ee3c951302499a 0 300696039 1
0d38b85b84ac7195f3ee3c951302499a 0 71339825 2
0d38b85b84ac7195f3ee3c951302499a 0 8016184 2
0d38b85b84ac7195f3ee3c951302499a 0 303287327 2
0d38b85b84ac7195f3ee3c951302499a 0 88963402 1
0d38b85b84ac7195f3ee3c951302499a 0 51087383 2
0d38b85b84ac7195f3ee3c951302499a 0 153806948 2
0d38b85b84ac7195f3ee3c951302499a 0 48202527 1
0d38b85b84ac7195f3ee3c951302499a 0 305015227 2
0d38b85b84ac7195f3ee3c951302499a 0 46435236 1
0d38b85b84ac7195f3ee3c951302499a 0 304395947 2
0d38b85b84ac7195f3ee3c951302499a 0 7774680 2
0d38b85b84ac7195f3ee3c951302499a 0 29215350 1
0d38b85b84ac7195f3ee3c951302499a 0 293573280 2
0d38b85b84ac7195f3ee3c951302499a 0 50722070 2
0d38b85b84ac7195f3ee3c951302499a 0 10357846 1
4d7b5816864a9cbbda5736d6b8811ca6 0 146203423 1
4d7b5816864a9cbbda5736d6b8811ca6 0 132637109 1
4d7b5816864a9cbbda5736d6b8811ca6 0 4864052 0
4d7b5816864a9cbbda5736d6b8811ca6 0 304287379 1
4d7b5816864a9cbbda5736d6b8811ca6 0 173788611 1
4d7b5816864a9cbbda5736d6b8811ca6 0 297477100 2
4d7b5816864a9cbbda5736d6b8811ca6 0 157026450 1
4d7b5816864a9cbbda5736d6b8811ca6 0 304384033 1
4d7b5816864a9cbbda5736d6b8811ca6 0 39970203 1
4d7b5816864a9cbbda5736d6b8811ca6 0 291505607 1
4d7b5816864a9cbbda5736d6b8811ca6 0 41070042 1
4d7b5816864a9cbbda5736d6b8811ca6 0 302875732 1
4d7b5816864a9cbbda5736d6b8811ca6 0 303524744 2
4d7b5816864a9cbbda5736d6b8811ca6 0 42862005 1
4d7b5816864a9cbbda5736d6b8811ca6 0 291234642 2
4d7b5816864a9cbbda5736d6b8811ca6 0 291384224 1
4d7b5816864a9cbbda5736d6b8811ca6 0 2395216 1
4d7b5816864a9cbbda5736d6b8811ca6 0 62636897 1
4d7b5816864a9cbbda5736d6b8811ca6 0 149594434 2
4d7b5816864a9cbbda5736d6b8811ca6 0 305722324 0
4d7b5816864a9cbbda5736d6b8811ca6 0 159741928 0
4d7b5816864a9cbbda5736d6b8811ca6 0 304993621 1
4d7b5816864a9cbbda5736d6b8811ca6 0 312966390 1
4d7b5816864a9cbbda5736d6b8811ca6 0 302037995 1
4d7b5816864a9cbbda5736d6b8811ca6 0 293024852 0
4d7b5816864a9cbbda5736d6b8811ca6 0 303981172 2
4d7b5816864a9cbbda5736d6b8811ca6 0 303391798 1
4d7b5816864a9cbbda5736d6b8811ca6 0 305920807 2
c1b455cf331dc5b1058e63bf0dee8e14 0 39948274 2
c1b455cf331dc5b1058e63bf0dee8e14 0 7075538 2
c1b455cf331dc5b1058e63bf0dee8e14 0 6904912 2
c1b455cf331dc5b1058e63bf0dee8e14 0 36649693 2
c1b455cf331dc5b1058e63bf0dee8e14 0 82917585 2
c1b455cf331dc5b1058e63bf0dee8e14 0 297165863 2
c1b455cf331dc5b1058e63bf0dee8e14 0 137870853 2
c1b455cf331dc5b1058e63bf0dee8e14 0 238665015 2
c1b455cf331dc5b1058e63bf0dee8e14 0 10113633 2
c1b455cf331dc5b1058e63bf0dee8e14 0 38320542 2
c1b455cf331dc5b1058e63bf0dee8e14 0 36984288 2
c1b455cf331dc5b1058e63bf0dee8e14 0 10105308 2
c1b455cf331dc5b1058e63bf0dee8e14 0 132373171 2
c1b455cf331dc5b1058e63bf0dee8e14 0 276101069 2
c1b455cf331dc5b1058e63bf0dee8e14 0 2518900 2
c1b455cf331dc5b1058e63bf0dee8e14 0 5179479 2
c1b455cf331dc5b1058e63bf0dee8e14 0 149184502 1
c1b455cf331dc5b1058e63bf0dee8e14 0 127427279 2
c1b455cf331dc5b1058e63bf0dee8e14 0 8766978 2
c1b455cf331dc5b1058e63bf0dee8e14 0 310785587 2
c1b455cf331dc5b1058e63bf0dee8e14 0 308727780 2
c1b455cf331dc5b1058e63bf0dee8e14 0 107196690 2
c1b455cf331dc5b1058e63bf0dee8e14 0 24926189 2
c1b455cf331dc5b1058e63bf0dee8e14 0 310823721 2
580520dc9b3161d0f2cbb317f8e17f73 0 37000616 2
580520dc9b3161d0f2cbb317f8e17f73 0 310798095 2
580520dc9b3161d0f2cbb317f8e17f73 0 313858167 2
580520dc9b3161d0f2cbb317f8e17f73 0 301649230 2
580520dc9b3161d0f2cbb317f8e17f73 0 292041734 2
580520dc9b3161d0f2cbb317f8e17f73 0 37995931 2
580520dc9b3161d0f2cbb317f8e17f73 0 86386411 2
580520dc9b3161d0f2cbb317f8e17f73 0 166705320 2
580520dc9b3161d0f2cbb317f8e17f73 0 128014901 2
580520dc9b3161d0f2cbb317f8e17f73 0 299087721 2
580520dc9b3161d0f2cbb317f8e17f73 0 51961694 2
580520dc9b3161d0f2cbb317f8e17f73 0 129355772 2
580520dc9b3161d0f2cbb317f8e17f73 0 133043037 2
580520dc9b3161d0f2cbb317f8e17f73 0 296240876 2
580520dc9b3161d0f2cbb317f8e17f73 0 31100170 2
580520dc9b3161d0f2cbb317f8e17f73 0 312354673 2
580520dc9b3161d0f2cbb317f8e17f73 0 63319122 2
580520dc9b3161d0f2cbb317f8e17f73 0 148342890 2
580520dc9b3161d0f2cbb317f8e17f73 0 138843487 2
580520dc9b3161d0f2cbb317f8e17f73 0 304990313 2
580520dc9b3161d0f2cbb317f8e17f73 0 78588065 2
580520dc9b3161d0f2cbb317f8e17f73 0 78420899 2
580520dc9b3161d0f2cbb317f8e17f73 0 36286139 2
580520dc9b3161d0f2cbb317f8e17f73 0 78432878 2
580520dc9b3161d0f2cbb317f8e17f73 0 37995978 2
580520dc9b3161d0f2cbb317f8e17f73 0 168359429 1
580520dc9b3161d0f2cbb317f8e17f73 0 78428937 2
68fbde16e52e4b35607d536ca647192d 0 293853294 1
68fbde16e52e4b35607d536ca647192d 0 19212598 2
68fbde16e52e4b35607d536ca647192d 0 291448623 2
68fbde16e52e4b35607d536ca647192d 0 44149538 2
68fbde16e52e4b35607d536ca647192d 0 292647481 2
68fbde16e52e4b35607d536ca647192d 0 292263630 2
68fbde16e52e4b35607d536ca647192d 0 147663730 1
68fbde16e52e4b35607d536ca647192d 0 15102481 1
68fbde16e52e4b35607d536ca647192d 0 302095465 2
68fbde16e52e4b35607d536ca647192d 0 309038708 2
68fbde16e52e4b35607d536ca647192d 0 306588993 1
68fbde16e52e4b35607d536ca647192d 0 292556479 2
68fbde16e52e4b35607d536ca647192d 0 50471488 2
68fbde16e52e4b35607d536ca647192d 0 164745705 2
68fbde16e52e4b35607d536ca647192d 0 290014330 2
68fbde16e52e4b35607d536ca647192d 0 46943928 2
68fbde16e52e4b35607d536ca647192d 0 302019932 2
68fbde16e52e4b35607d536ca647192d 0 70959847 1
68fbde16e52e4b35607d536ca647192d 0 19216109 1
68fbde16e52e4b35607d536ca647192d 0 293430327 2
68fbde16e52e4b35607d536ca647192d 0 70425633 2
68fbde16e52e4b35607d536ca647192d 0 9464191 1
68fbde16e52e4b35607d536ca647192d 0 51486638 2
68fbde16e52e4b35607d536ca647192d 0 136825044 1
68fbde16e52e4b35607d536ca647192d 0 19123300 2
68fbde16e52e4b35607d536ca647192d 0 154075817 2
68fbde16e52e4b35607d536ca647192d 0 66499884 2
b6e06b28a92115be99a5174a293a288a 0 132454684 2
b6e06b28a92115be99a5174a293a288a 0 19481919 2
b6e06b28a92115be99a5174a293a288a 0 52957942 2
b6e06b28a92115be99a5174a293a288a 0 17896996 2
b6e06b28a92115be99a5174a293a288a 0 18992027 2
b6e06b28a92115be99a5174a293a288a 0 128865712 2
b6e06b28a92115be99a5174a293a288a 0 305642074 1
b6e06b28a92115be99a5174a293a288a 0 305679365 2
b6e06b28a92115be99a5174a293a288a 0 62448891 2
b6e06b28a92115be99a5174a293a288a 0 149185561 2
b6e06b28a92115be99a5174a293a288a 0 16088450 2
b6e06b28a92115be99a5174a293a288a 0 17935987 2
b6e06b28a92115be99a5174a293a288a 0 160617355 2
b6e06b28a92115be99a5174a293a288a 0 146428732 2
b6e06b28a92115be99a5174a293a288a 0 139955713 2
b6e06b28a92115be99a5174a293a288a 0 313009604 2
b6e06b28a92115be99a5174a293a288a 0 33067355 2
b6e06b28a92115be99a5174a293a288a 0 304162196 2
b6e06b28a92115be99a5174a293a288a 0 52957859 2
5e6ebb6a62cc855b8ec6ae10827af8f1 0 149926114 1
5e6ebb6a62cc855b8ec6ae10827af8f1 0 297445053 0
5e6ebb6a62cc855b8ec6ae10827af8f1 0 38594659 1
5e6ebb6a62cc855b8ec6ae10827af8f1 0 291374987 0
5e6ebb6a62cc855b8ec6ae10827af8f1 0 308745130 0
5e6ebb6a62cc855b8ec6ae10827af8f1 0 168948551 1
5e6ebb6a62cc855b8ec6ae10827af8f1 0 25144992 0
5e6ebb6a62cc855b8ec6ae10827af8f1 0 38590904 1
5e6ebb6a62cc855b8ec6ae10827af8f1 0 305450941 1
5e6ebb6a62cc855b8ec6ae10827af8f1 0 7122779 1
5e6ebb6a62cc855b8ec6ae10827af8f1 0 11787321 1
5e6ebb6a62cc855b8ec6ae10827af8f1 0 149926663 1
5e6ebb6a62cc855b8ec6ae10827af8f1 0 33894565 0
5e6ebb6a62cc855b8ec6ae10827af8f1 0 301764326 1
5e6ebb6a62cc855b8ec6ae10827af8f1 0 147060087 1
5e6ebb6a62cc855b8ec6ae10827af8f1 0 294828458 0
5e6ebb6a62cc855b8ec6ae10827af8f1 0 51510483 1
5e6ebb6a62cc855b8ec6ae10827af8f1 0 308747800 0
5e6ebb6a62cc855b8ec6ae10827af8f1 0 8753233 1
5e6ebb6a62cc855b8ec6ae10827af8f1 0 292480258 1
5e6ebb6a62cc855b8ec6ae10827af8f1 0 69180173 1
5e6ebb6a62cc855b8ec6ae10827af8f1 0 44177749 1
5e6ebb6a62cc855b8ec6ae10827af8f1 0 8375631 1
5e6ebb6a62cc855b8ec6ae10827af8f1 0 8703514 1
699de647eba43f9efb7cd502b205b150 0 162670713 2
699de647eba43f9efb7cd502b205b150 0 289556074 2
699de647eba43f9efb7cd502b205b150 0 71364724 1
699de647eba43f9efb7cd502b205b150 0 10130113 1
699de647eba43f9efb7cd502b205b150 0 9047215 2
699de647eba43f9efb7cd502b205b150 0 291430160 2
699de647eba43f9efb7cd502b205b150 0 85862126 2
699de647eba43f9efb7cd502b205b150 0 162438705 2
699de647eba43f9efb7cd502b205b150 0 295416731 2
699de647eba43f9efb7cd502b205b150 0 292348002 2
699de647eba43f9efb7cd502b205b150 0 71365708 2
699de647eba43f9efb7cd502b205b150 0 4000984 2
699de647eba43f9efb7cd502b205b150 0 303344934 2
699de647eba43f9efb7cd502b205b150 0 78495619 2
699de647eba43f9efb7cd502b205b150 0 43414474 2
699de647eba43f9efb7cd502b205b150 0 301803249 2
699de647eba43f9efb7cd502b205b150 0 302432819 2
699de647eba43f9efb7cd502b205b150 0 153806574 2
699de647eba43f9efb7cd502b205b150 0 291433921 2
699de647eba43f9efb7cd502b205b150 0 159808490 2
699de647eba43f9efb7cd502b205b150 0 26706349 2
699de647eba43f9efb7cd502b205b150 0 42463746 2
699de647eba43f9efb7cd502b205b150 0 159808448 2
8563a9d294a5cbb4e837f30028ce6a6d 0 9536868 0
8563a9d294a5cbb4e837f30028ce6a6d 0 287230304 2
8563a9d294a5cbb4e837f30028ce6a6d 0 276608338 2
8563a9d294a5cbb4e837f30028ce6a6d 0 4228533 2
8563a9d294a5cbb4e837f30028ce6a6d 0 300439640 2
8563a9d294a5cbb4e837f30028ce6a6d 0 8620701 2
8563a9d294a5cbb4e837f30028ce6a6d 0 2593242 2
8563a9d294a5cbb4e837f30028ce6a6d 0 127548686 2
8563a9d294a5cbb4e837f30028ce6a6d 0 302476084 2
8563a9d294a5cbb4e837f30028ce6a6d 0 8608413 2
8563a9d294a5cbb4e837f30028ce6a6d 0 2523717 2
8563a9d294a5cbb4e837f30028ce6a6d 0 2696520 2
8563a9d294a5cbb4e837f30028ce6a6d 0 2525374 2
8563a9d294a5cbb4e837f30028ce6a6d 0 7919888 2
8563a9d294a5cbb4e837f30028ce6a6d 0 22855208 2
8563a9d294a5cbb4e837f30028ce6a6d 0 7985908 2
8563a9d294a5cbb4e837f30028ce6a6d 0 11821789 2
8563a9d294a5cbb4e837f30028ce6a6d 0 310982171 2
8563a9d294a5cbb4e837f30028ce6a6d 0 305416943 2
8563a9d294a5cbb4e837f30028ce6a6d 0 63169167 2
8563a9d294a5cbb4e837f30028ce6a6d 0 303398681 2
8563a9d294a5cbb4e837f30028ce6a6d 0 292410083 2
8563a9d294a5cbb4e837f30028ce6a6d 0 135075829 2
8563a9d294a5cbb4e837f30028ce6a6d 0 228151468 2
8563a9d294a5cbb4e837f30028ce6a6d 0 19214752 2
8563a9d294a5cbb4e837f30028ce6a6d 0 19213591 2
6dc135911c7777c35b1eb8e83c839b97 0 120399877 2
6dc135911c7777c35b1eb8e83c839b97 0 159497948 2
6dc135911c7777c35b1eb8e83c839b97 0 70331729 2
6dc135911c7777c35b1eb8e83c839b97 0 70332822 2
6dc135911c7777c35b1eb8e83c839b97 0 70332678 1
6dc135911c7777c35b1eb8e83c839b97 0 58949946 2
6dc135911c7777c35b1eb8e83c839b97 0 133372002 2
6dc135911c7777c35b1eb8e83c839b97 0 166840645 2
6dc135911c7777c35b1eb8e83c839b97 0 128452957 2
6dc135911c7777c35b1eb8e83c839b97 0 129964293 1
6dc135911c7777c35b1eb8e83c839b97 0 145156137 2
6dc135911c7777c35b1eb8e83c839b97 0 57060601 2
6dc135911c7777c35b1eb8e83c839b97 0 8011668 2
6dc135911c7777c35b1eb8e83c839b97 0 70331612 2
6dc135911c7777c35b1eb8e83c839b97 0 71116335 2
6dc135911c7777c35b1eb8e83c839b97 0 129963364 2
6dc135911c7777c35b1eb8e83c839b97 0 100255651 2
6dc135911c7777c35b1eb8e83c839b97 0 74211587 1
6dc135911c7777c35b1eb8e83c839b97 0 88923760 2
6dc135911c7777c35b1eb8e83c839b97 0 58961179 2
6dc135911c7777c35b1eb8e83c839b97 0 150665984 2
6dc135911c7777c35b1eb8e83c839b97 0 70332746 2
6dc135911c7777c35b1eb8e83c839b97 0 143168764 2
6dc135911c7777c35b1eb8e83c839b97 0 97032162 1
6dc135911c7777c35b1eb8e83c839b97 0 129624867 2
6dc135911c7777c35b1eb8e83c839b97 0 10877246 2
6dc135911c7777c35b1eb8e83c839b97 0 144557929 2
ed3ef04dd26e030176c7021315e73c76 0 309223591 1
ed3ef04dd26e030176c7021315e73c76 0 245247684 2
ed3ef04dd26e030176c7021315e73c76 0 305682694 1
ed3ef04dd26e030176c7021315e73c76 0 305666772 0
ed3ef04dd26e030176c7021315e73c76 0 301783766 1
ed3ef04dd26e030176c7021315e73c76 0 309325155 2
ed3ef04dd26e030176c7021315e73c76 0 291621382 1
ed3ef04dd26e030176c7021315e73c76 0 44151418 1
ed3ef04dd26e030176c7021315e73c76 0 274710129 2
ed3ef04dd26e030176c7021315e73c76 0 295409980 2
ed3ef04dd26e030176c7021315e73c76 0 298623842 0
ed3ef04dd26e030176c7021315e73c76 0 304470628 1
ed3ef04dd26e030176c7021315e73c76 0 305712906 2
ed3ef04dd26e030176c7021315e73c76 0 304993759 1
ed3ef04dd26e030176c7021315e73c76 0 290841742 2
ed3ef04dd26e030176c7021315e73c76 0 289578963 1
ed3ef04dd26e030176c7021315e73c76 0 304885032 0
ed3ef04dd26e030176c7021315e73c76 0 85859941 0
ed3ef04dd26e030176c7021315e73c76 0 293008007 1
ed3ef04dd26e030176c7021315e73c76 0 291374765 1
ed3ef04dd26e030176c7021315e73c76 0 305618480 1
ed3ef04dd26e030176c7021315e73c76 0 303536195 1
ed3ef04dd26e030176c7021315e73c76 0 85863196 0
ed3ef04dd26e030176c7021315e73c76 0 156511135 2
ed3ef04dd26e030176c7021315e73c76 0 313632609 2
ed3ef04dd26e030176c7021315e73c76 0 158156096 2
ed3ef04dd26e030176c7021315e73c76 0 29399817 2
ed3ef04dd26e030176c7021315e73c76 0 305596645 0
ed3ef04dd26e030176c7021315e73c76 0 310785664 2
8b3d687daee528cc43fc6bf300117dd6 0 276814552 2
8b3d687daee528cc43fc6bf300117dd6 0 7965961 2
8b3d687daee528cc43fc6bf300117dd6 0 46550041 2
8b3d687daee528cc43fc6bf300117dd6 0 17814526 1
8b3d687daee528cc43fc6bf300117dd6 0 160571709 2
8b3d687daee528cc43fc6bf300117dd6 0 291886962 2
8b3d687daee528cc43fc6bf300117dd6 0 140078728 2
8b3d687daee528cc43fc6bf300117dd6 0 84788679 2
8b3d687daee528cc43fc6bf300117dd6 0 77344804 2
8b3d687daee528cc43fc6bf300117dd6 0 11435228 2
8b3d687daee528cc43fc6bf300117dd6 0 83499972 2
8b3d687daee528cc43fc6bf300117dd6 0 172741260 2
8b3d687daee528cc43fc6bf300117dd6 0 150276646 2
8b3d687daee528cc43fc6bf300117dd6 0 162370235 2
8b3d687daee528cc43fc6bf300117dd6 0 168037876 2
8b3d687daee528cc43fc6bf300117dd6 0 22560565 2
8b3d687daee528cc43fc6bf300117dd6 0 85872300 2
8b3d687daee528cc43fc6bf300117dd6 0 129962855 1
8b3d687daee528cc43fc6bf300117dd6 0 98801782 1
8b3d687daee528cc43fc6bf300117dd6 0 292494072 2
8b3d687daee528cc43fc6bf300117dd6 0 301567016 2
8b3d687daee528cc43fc6bf300117dd6 0 122910904 2
8b3d687daee528cc43fc6bf300117dd6 0 160916694 1
8b3d687daee528cc43fc6bf300117dd6 0 163239813 2
8b3d687daee528cc43fc6bf300117dd6 0 299431678 2
8b3d687daee528cc43fc6bf300117dd6 0 156120924 2
8b3d687daee528cc43fc6bf300117dd6 0 294788378 2
90f745bb104505301fc4ed816be0938c 0 70335127 2
90f745bb104505301fc4ed816be0938c 0 46249606 2
90f745bb104505301fc4ed816be0938c 0 128984119 1
90f745bb104505301fc4ed816be0938c 0 130181996 2
90f745bb104505301fc4ed816be0938c 0 308758489 2
90f745bb104505301fc4ed816be0938c 0 70317707 2
90f745bb104505301fc4ed816be0938c 0 7966139 2
90f745bb104505301fc4ed816be0938c 0 3103596 2
90f745bb104505301fc4ed816be0938c 0 298303680 2
90f745bb104505301fc4ed816be0938c 0 293023970 2
90f745bb104505301fc4ed816be0938c 0 85392833 2
90f745bb104505301fc4ed816be0938c 0 69358078 2
90f745bb104505301fc4ed816be0938c 0 71682708 2
90f745bb104505301fc4ed816be0938c 0 51876886 1
90f745bb104505301fc4ed816be0938c 0 69989032 2
90f745bb104505301fc4ed816be0938c 0 44978360 2
90f745bb104505301fc4ed816be0938c 0 70483688 2
90f745bb104505301fc4ed816be0938c 0 136464102 2
90f745bb104505301fc4ed816be0938c 0 136057224 1
90f745bb104505301fc4ed816be0938c 0 28390103 2
90f745bb104505301fc4ed816be0938c 0 2652201 2
90f745bb104505301fc4ed816be0938c 0 132637164 2
90f745bb104505301fc4ed816be0938c 0 85425975 2
90f745bb104505301fc4ed816be0938c 0 27637653 2
b3daf114c3b41aae4aa05d2a16a07e68 0 168225633 1
b3daf114c3b41aae4aa05d2a16a07e68 0 3786657 2
b3daf114c3b41aae4aa05d2a16a07e68 0 170491194 2
b3daf114c3b41aae4aa05d2a16a07e68 0 11241935 2
b3daf114c3b41aae4aa05d2a16a07e68 0 62558170 0
b3daf114c3b41aae4aa05d2a16a07e68 0 58982383 0
b3daf114c3b41aae4aa05d2a16a07e68 0 42843633 0
b3daf114c3b41aae4aa05d2a16a07e68 0 297944959 1
b3daf114c3b41aae4aa05d2a16a07e68 0 305753220 1
b3daf114c3b41aae4aa05d2a16a07e68 0 6852322 2
b3daf114c3b41aae4aa05d2a16a07e68 0 168413663 2
b3daf114c3b41aae4aa05d2a16a07e68 0 139771109 0
b3daf114c3b41aae4aa05d2a16a07e68 0 291423993 2
b3daf114c3b41aae4aa05d2a16a07e68 0 297175261 0
b3daf114c3b41aae4aa05d2a16a07e68 0 310851349 0
b3daf114c3b41aae4aa05d2a16a07e68 0 9319609 1
b3daf114c3b41aae4aa05d2a16a07e68 0 126345417 0
b3daf114c3b41aae4aa05d2a16a07e68 0 300733349 0
b3daf114c3b41aae4aa05d2a16a07e68 0 13754717 2
b3daf114c3b41aae4aa05d2a16a07e68 0 42884907 2
b3daf114c3b41aae4aa05d2a16a07e68 0 334727 1
b3daf114c3b41aae4aa05d2a16a07e68 0 127229308 0
b3daf114c3b41aae4aa05d2a16a07e68 0 298930095 2
d19e7b4de358bcfeb89e06095dc26419 0 12207138 1
d19e7b4de358bcfeb89e06095dc26419 0 314853924 1
d19e7b4de358bcfeb89e06095dc26419 0 31507020 1
d19e7b4de358bcfeb89e06095dc26419 0 11872345 1
d19e7b4de358bcfeb89e06095dc26419 0 42981054 1
d19e7b4de358bcfeb89e06095dc26419 0 312207978 2
d19e7b4de358bcfeb89e06095dc26419 0 70999074 1
d19e7b4de358bcfeb89e06095dc26419 0 83115587 0
d19e7b4de358bcfeb89e06095dc26419 0 568397 2
d19e7b4de358bcfeb89e06095dc26419 0 299801805 1
d19e7b4de358bcfeb89e06095dc26419 0 300892348 1
d19e7b4de358bcfeb89e06095dc26419 0 301010747 2
d19e7b4de358bcfeb89e06095dc26419 0 36991363 1
d19e7b4de358bcfeb89e06095dc26419 0 6543501 2
d19e7b4de358bcfeb89e06095dc26419 0 310165846 1
d19e7b4de358bcfeb89e06095dc26419 0 26257622 1
d19e7b4de358bcfeb89e06095dc26419 0 308897150 2
d19e7b4de358bcfeb89e06095dc26419 0 16182788 1
d19e7b4de358bcfeb89e06095dc26419 0 305640847 1
d19e7b4de358bcfeb89e06095dc26419 0 946320 2
d19e7b4de358bcfeb89e06095dc26419 0 687220 2
d19e7b4de358bcfeb89e06095dc26419 0 17804393 1
d19e7b4de358bcfeb89e06095dc26419 0 33894675 2
d19e7b4de358bcfeb89e06095dc26419 0 16116567 2
d19e7b4de358bcfeb89e06095dc26419 0 8203466 2
d19e7b4de358bcfeb89e06095dc26419 0 8681037 1
bdabca89a6c2f25642937da35f8f944a 0 63279831 1
bdabca89a6c2f25642937da35f8f944a 0 69437213 1
bdabca89a6c2f25642937da35f8f944a 0 308775420 1
bdabca89a6c2f25642937da35f8f944a 0 63045273 0
bdabca89a6c2f25642937da35f8f944a 0 160459555 2
bdabca89a6c2f25642937da35f8f944a 0 301841794 0
bdabca89a6c2f25642937da35f8f944a 0 301841674 2
bdabca89a6c2f25642937da35f8f944a 0 61716558 1
bdabca89a6c2f25642937da35f8f944a 0 27322946 1
bdabca89a6c2f25642937da35f8f944a 0 131186370 1
bdabca89a6c2f25642937da35f8f944a 0 9085219 2
bdabca89a6c2f25642937da35f8f944a 0 28441293 1
bdabca89a6c2f25642937da35f8f944a 0 80483224 1
bdabca89a6c2f25642937da35f8f944a 0 80087015 2
30662a82cca7c82d5b28b4a2b31749ea 0 302845202 2
30662a82cca7c82d5b28b4a2b31749ea 0 305711802 2
30662a82cca7c82d5b28b4a2b31749ea 0 274847219 1
30662a82cca7c82d5b28b4a2b31749ea 0 303323322 2
30662a82cca7c82d5b28b4a2b31749ea 0 43413660 2
30662a82cca7c82d5b28b4a2b31749ea 0 302947451 2
30662a82cca7c82d5b28b4a2b31749ea 0 295386919 2
30662a82cca7c82d5b28b4a2b31749ea 0 298679592 2
30662a82cca7c82d5b28b4a2b31749ea 0 297909429 2
30662a82cca7c82d5b28b4a2b31749ea 0 290844532 2
30662a82cca7c82d5b28b4a2b31749ea 0 149926245 2
30662a82cca7c82d5b28b4a2b31749ea 0 289578539 2
30662a82cca7c82d5b28b4a2b31749ea 0 290850278 2
30662a82cca7c82d5b28b4a2b31749ea 0 85857081 2
30662a82cca7c82d5b28b4a2b31749ea 0 155707277 2
30662a82cca7c82d5b28b4a2b31749ea 0 290468779 2
30662a82cca7c82d5b28b4a2b31749ea 0 297904763 2
30662a82cca7c82d5b28b4a2b31749ea 0 78282327 2
30662a82cca7c82d5b28b4a2b31749ea 0 303382988 2
30662a82cca7c82d5b28b4a2b31749ea 0 305621787 1
30662a82cca7c82d5b28b4a2b31749ea 0 39982011 2
30662a82cca7c82d5b28b4a2b31749ea 0 289784125 2
30662a82cca7c82d5b28b4a2b31749ea 0 274841842 1
30662a82cca7c82d5b28b4a2b31749ea 0 297370949 2
30662a82cca7c82d5b28b4a2b31749ea 0 149556392 2
30662a82cca7c82d5b28b4a2b31749ea 0 39474996 2
30662a82cca7c82d5b28b4a2b31749ea 0 301932446 2
30662a82cca7c82d5b28b4a2b31749ea 0 276520523 2
30662a82cca7c82d5b28b4a2b31749ea 0 274842335 2
ed4ab7c72b4729237533df75b6d49ba9 0 291375537 0
ed4ab7c72b4729237533df75b6d49ba9 0 295055145 1
ed4ab7c72b4729237533df75b6d49ba9 0 158269569 0
ed4ab7c72b4729237533df75b6d49ba9 0 312922639 1
ed4ab7c72b4729237533df75b6d49ba9 0 82917754 1
ed4ab7c72b4729237533df75b6d49ba9 0 75487179 0
ed4ab7c72b4729237533df75b6d49ba9 0 2564654 1
ed4ab7c72b4729237533df75b6d49ba9 0 36996990 1
ed4ab7c72b4729237533df75b6d49ba9 0 2637786 1
ed4ab7c72b4729237533df75b6d49ba9 0 71488346 1
ed4ab7c72b4729237533df75b6d49ba9 0 142514726 0
ed4ab7c72b4729237533df75b6d49ba9 0 19818828 0
ed4ab7c72b4729237533df75b6d49ba9 0 2702731 0
ed4ab7c72b4729237533df75b6d49ba9 0 158291957 1
ed4ab7c72b4729237533df75b6d49ba9 0 303401358 1
ed4ab7c72b4729237533df75b6d49ba9 0 44742572 0
ed4ab7c72b4729237533df75b6d49ba9 0 296402444 2
ed4ab7c72b4729237533df75b6d49ba9 0 19429517 1
ed4ab7c72b4729237533df75b6d49ba9 0 98804373 1
ed4ab7c72b4729237533df75b6d49ba9 0 51733139 1
ed4ab7c72b4729237533df75b6d49ba9 0 305142111 1
ed4ab7c72b4729237533df75b6d49ba9 0 305929967 0
ed4ab7c72b4729237533df75b6d49ba9 0 132687063 0
ed4ab7c72b4729237533df75b6d49ba9 0 298904829 1
ed4ab7c72b4729237533df75b6d49ba9 0 309787220 0
f62685636ac62d31531f6ddf49d0a0df 0 17813561 2
f62685636ac62d31531f6ddf49d0a0df 0 301687560 2
f62685636ac62d31531f6ddf49d0a0df 0 171990079 0
f62685636ac62d31531f6ddf49d0a0df 0 308699301 2
f62685636ac62d31531f6ddf49d0a0df 0 61593354 2
f62685636ac62d31531f6ddf49d0a0df 0 17807113 2
f62685636ac62d31531f6ddf49d0a0df 0 17803426 2
f62685636ac62d31531f6ddf49d0a0df 0 100093375 2
f62685636ac62d31531f6ddf49d0a0df 0 84295238 2
f62685636ac62d31531f6ddf49d0a0df 0 149998872 1
f62685636ac62d31531f6ddf49d0a0df 0 122667804 2
f62685636ac62d31531f6ddf49d0a0df 0 160410426 1
f62685636ac62d31531f6ddf49d0a0df 0 232787986 0
f62685636ac62d31531f6ddf49d0a0df 0 310364411 2
f62685636ac62d31531f6ddf49d0a0df 0 40321013 0
f62685636ac62d31531f6ddf49d0a0df 0 165117884 0
f62685636ac62d31531f6ddf49d0a0df 0 290973913 2
f62685636ac62d31531f6ddf49d0a0df 0 274735836 2
f62685636ac62d31531f6ddf49d0a0df 0 132453160 2
9adcf4e727570649a8eb6bfb46ec4b6f 0 8016353 2
9adcf4e727570649a8eb6bfb46ec4b6f 0 17595587 2
9adcf4e727570649a8eb6bfb46ec4b6f 0 311170353 2
9adcf4e727570649a8eb6bfb46ec4b6f 0 290933012 2
9adcf4e727570649a8eb6bfb46ec4b6f 0 301916364 2
9adcf4e727570649a8eb6bfb46ec4b6f 0 301544988 2
9adcf4e727570649a8eb6bfb46ec4b6f 0 62546397 2
9adcf4e727570649a8eb6bfb46ec4b6f 0 12114722 2
9adcf4e727570649a8eb6bfb46ec4b6f 0 2974827 1
9adcf4e727570649a8eb6bfb46ec4b6f 0 310760739 2
9adcf4e727570649a8eb6bfb46ec4b6f 0 311323183 1
9adcf4e727570649a8eb6bfb46ec4b6f 0 5851143 2
9adcf4e727570649a8eb6bfb46ec4b6f 0 54022822 2
9adcf4e727570649a8eb6bfb46ec4b6f 0 2969774 2
9adcf4e727570649a8eb6bfb46ec4b6f 0 43689367 2
9adcf4e727570649a8eb6bfb46ec4b6f 0 4492607 2
9adcf4e727570649a8eb6bfb46ec4b6f 0 18698532 2
9adcf4e727570649a8eb6bfb46ec4b6f 0 300173675 2
9adcf4e727570649a8eb6bfb46ec4b6f 0 59387073 2
9adcf4e727570649a8eb6bfb46ec4b6f 0 44859039 2
9adcf4e727570649a8eb6bfb46ec4b6f 0 33945906 2
9adcf4e727570649a8eb6bfb46ec4b6f 0 2696350 2
9adcf4e727570649a8eb6bfb46ec4b6f 0 70331821 2
9adcf4e727570649a8eb6bfb46ec4b6f 0 171640499 2
9adcf4e727570649a8eb6bfb46ec4b6f 0 292480453 2
9adcf4e727570649a8eb6bfb46ec4b6f 0 292558210 1
9adcf4e727570649a8eb6bfb46ec4b6f 0 37872789 2
9adcf4e727570649a8eb6bfb46ec4b6f 0 25035015 2
9adcf4e727570649a8eb6bfb46ec4b6f 0 144555 2
9adcf4e727570649a8eb6bfb46ec4b6f 0 44880755 2
35118e95c5a9c6430fc9aa0b0225bb1f 0 132267226 0
35118e95c5a9c6430fc9aa0b0225bb1f 0 302422492 1
35118e95c5a9c6430fc9aa0b0225bb1f 0 160460788 1
35118e95c5a9c6430fc9aa0b0225bb1f 0 290977523 1
35118e95c5a9c6430fc9aa0b0225bb1f 0 123567018 0
35118e95c5a9c6430fc9aa0b0225bb1f 0 309903782 0
35118e95c5a9c6430fc9aa0b0225bb1f 0 309906360 0
35118e95c5a9c6430fc9aa0b0225bb1f 0 24753466 1
35118e95c5a9c6430fc9aa0b0225bb1f 0 70410757 1
35118e95c5a9c6430fc9aa0b0225bb1f 0 46359695 0
35118e95c5a9c6430fc9aa0b0225bb1f 0 46360974 1
35118e95c5a9c6430fc9aa0b0225bb1f 0 46355293 0
35118e95c5a9c6430fc9aa0b0225bb1f 0 46358891 1
35118e95c5a9c6430fc9aa0b0225bb1f 0 309893652 1
35118e95c5a9c6430fc9aa0b0225bb1f 0 310875632 0
35118e95c5a9c6430fc9aa0b0225bb1f 0 12227457 1
35118e95c5a9c6430fc9aa0b0225bb1f 0 309899566 0
35118e95c5a9c6430fc9aa0b0225bb1f 0 309891515 1
35118e95c5a9c6430fc9aa0b0225bb1f 0 309907567 1
35118e95c5a9c6430fc9aa0b0225bb1f 0 61753434 0
35118e95c5a9c6430fc9aa0b0225bb1f 0 46355235 1
35118e95c5a9c6430fc9aa0b0225bb1f 0 46358445 0
35118e95c5a9c6430fc9aa0b0225bb1f 0 46359585 0
35118e95c5a9c6430fc9aa0b0225bb1f 0 148919694 0
35118e95c5a9c6430fc9aa0b0225bb1f 0 163396001 1
35118e95c5a9c6430fc9aa0b0225bb1f 0 287582491 1
35118e95c5a9c6430fc9aa0b0225bb1f 0 309908911 0
35118e95c5a9c6430fc9aa0b0225bb1f 0 70410634 1
4d3b0cddf732fb9e2b86483cbb6842aa 0 42617661 2
4d3b0cddf732fb9e2b86483cbb6842aa 0 303008627 2
4d3b0cddf732fb9e2b86483cbb6842aa 0 159489965 2
4d3b0cddf732fb9e2b86483cbb6842aa 0 275864782 2
4d3b0cddf732fb9e2b86483cbb6842aa 0 155486420 2
4d3b0cddf732fb9e2b86483cbb6842aa 0 149969806 2
4d3b0cddf732fb9e2b86483cbb6842aa 0 132926813 2
4d3b0cddf732fb9e2b86483cbb6842aa 0 153116615 2
4d3b0cddf732fb9e2b86483cbb6842aa 0 296711879 0
4d3b0cddf732fb9e2b86483cbb6842aa 0 3015835 2
4d3b0cddf732fb9e2b86483cbb6842aa 0 133430136 2
4d3b0cddf732fb9e2b86483cbb6842aa 0 310270856 2
4d3b0cddf732fb9e2b86483cbb6842aa 0 150420365 2
4d3b0cddf732fb9e2b86483cbb6842aa 0 173699831 1
4d3b0cddf732fb9e2b86483cbb6842aa 0 301307757 2
4d3b0cddf732fb9e2b86483cbb6842aa 0 292773366 2
4d3b0cddf732fb9e2b86483cbb6842aa 0 313863167 2
4d3b0cddf732fb9e2b86483cbb6842aa 0 129821807 2
4d3b0cddf732fb9e2b86483cbb6842aa 0 43524304 2
4d3b0cddf732fb9e2b86483cbb6842aa 0 292564130 2
4d3b0cddf732fb9e2b86483cbb6842aa 0 275627740 2
4d3b0cddf732fb9e2b86483cbb6842aa 0 158101088 2
4d3b0cddf732fb9e2b86483cbb6842aa 0 126963929 2
4d3b0cddf732fb9e2b86483cbb6842aa 0 150420374 2
02aea38d9476aad8e00092422990f392 0 292070878 1
02aea38d9476aad8e00092422990f392 0 108216880 2
02aea38d9476aad8e00092422990f392 0 135582624 2
02aea38d9476aad8e00092422990f392 0 279726616 1
02aea38d9476aad8e00092422990f392 0 310837033 1
02aea38d9476aad8e00092422990f392 0 310973887 2
02aea38d9476aad8e00092422990f392 0 300626035 2
02aea38d9476aad8e00092422990f392 0 287345715 2
02aea38d9476aad8e00092422990f392 0 299841569 2
02aea38d9476aad8e00092422990f392 0 275045551 2
02aea38d9476aad8e00092422990f392 0 305645671 0
02aea38d9476aad8e00092422990f392 0 302671609 2
02aea38d9476aad8e00092422990f392 0 171178029 1
02aea38d9476aad8e00092422990f392 0 313588385 2
02aea38d9476aad8e00092422990f392 0 299961491 1
02aea38d9476aad8e00092422990f392 0 291840275 2
02aea38d9476aad8e00092422990f392 0 150643819 2
02aea38d9476aad8e00092422990f392 0 301423232 1
02aea38d9476aad8e00092422990f392 0 290967260 2
02aea38d9476aad8e00092422990f392 0 157768606 2
02aea38d9476aad8e00092422990f392 0 298740428 1
02aea38d9476aad8e00092422990f392 0 300707966 2
02aea38d9476aad8e00092422990f392 0 291840286 2
02aea38d9476aad8e00092422990f392 0 160425413 1
02aea38d9476aad8e00092422990f392 0 291808715 2
02aea38d9476aad8e00092422990f392 0 169005731 1
02aea38d9476aad8e00092422990f392 0 305641669 2
02aea38d9476aad8e00092422990f392 0 160143609 1
56311e2226162fc29277c68b6e6e586b 0 122667804 1
56311e2226162fc29277c68b6e6e586b 0 157785805 1
56311e2226162fc29277c68b6e6e586b 0 301525066 2
56311e2226162fc29277c68b6e6e586b 0 79248379 1
56311e2226162fc29277c68b6e6e586b 0 301573981 1
56311e2226162fc29277c68b6e6e586b 0 308758359 1
56311e2226162fc29277c68b6e6e586b 0 149981279 1
56311e2226162fc29277c68b6e6e586b 0 160668208 2
56311e2226162fc29277c68b6e6e586b 0 150335340 1
56311e2226162fc29277c68b6e6e586b 0 126854845 1
56311e2226162fc29277c68b6e6e586b 0 310869011 2
56311e2226162fc29277c68b6e6e586b 0 303096165 2
56311e2226162fc29277c68b6e6e586b 0 155032810 1
56311e2226162fc29277c68b6e6e586b 0 167402872 1
56311e2226162fc29277c68b6e6e586b 0 150034555 0
56311e2226162fc29277c68b6e6e586b 0 160718258 2
56311e2226162fc29277c68b6e6e586b 0 312420032 2
56311e2226162fc29277c68b6e6e586b 0 297015490 1
56311e2226162fc29277c68b6e6e586b 0 292158811 1
56311e2226162fc29277c68b6e6e586b 0 153542354 1
56311e2226162fc29277c68b6e6e586b 0 298670359 2
56311e2226162fc29277c68b6e6e586b 0 153834860 1
56311e2226162fc29277c68b6e6e586b 0 303095425 2
56311e2226162fc29277c68b6e6e586b 0 301728743 2
56311e2226162fc29277c68b6e6e586b 0 300621445 2
56311e2226162fc29277c68b6e6e586b 0 300621631 2
76be2c2feaa6afe12f0cf06cd869b150 0 122782560 1
76be2c2feaa6afe12f0cf06cd869b150 0 289555384 2
76be2c2feaa6afe12f0cf06cd869b150 0 89336882 2
76be2c2feaa6afe12f0cf06cd869b150 0 313926419 2
76be2c2feaa6afe12f0cf06cd869b150 0 290398706 2
76be2c2feaa6afe12f0cf06cd869b150 0 68797459 2
76be2c2feaa6afe12f0cf06cd869b150 0 57018139 2
76be2c2feaa6afe12f0cf06cd869b150 0 164655229 2
76be2c2feaa6afe12f0cf06cd869b150 0 156824027 2
76be2c2feaa6afe12f0cf06cd869b150 0 160921205 2
76be2c2feaa6afe12f0cf06cd869b150 0 313858729 2
76be2c2feaa6afe12f0cf06cd869b150 0 171727009 2
76be2c2feaa6afe12f0cf06cd869b150 0 17814084 2
76be2c2feaa6afe12f0cf06cd869b150 0 164665377 2
76be2c2feaa6afe12f0cf06cd869b150 0 57016337 2
76be2c2feaa6afe12f0cf06cd869b150 0 74591577 2
3af92c9858b2150b92369b71e7c4e121 0 52227725 2
3af92c9858b2150b92369b71e7c4e121 0 312537543 2
3af92c9858b2150b92369b71e7c4e121 0 300621300 2
3af92c9858b2150b92369b71e7c4e121 0 18064238 2
3af92c9858b2150b92369b71e7c4e121 0 42846746 2
3af92c9858b2150b92369b71e7c4e121 0 305454185 2
3af92c9858b2150b92369b71e7c4e121 0 24776616 2
3af92c9858b2150b92369b71e7c4e121 0 54171223 2
3af92c9858b2150b92369b71e7c4e121 0 43123156 2
3af92c9858b2150b92369b71e7c4e121 0 312111281 2
3af92c9858b2150b92369b71e7c4e121 0 18046260 2
3af92c9858b2150b92369b71e7c4e121 0 312157649 2
3af92c9858b2150b92369b71e7c4e121 0 85954580 2
3af92c9858b2150b92369b71e7c4e121 0 42866298 2
3af92c9858b2150b92369b71e7c4e121 0 24772941 2
3af92c9858b2150b92369b71e7c4e121 0 291805789 2
3af92c9858b2150b92369b71e7c4e121 0 275103426 2
3af92c9858b2150b92369b71e7c4e121 0 282317680 2
3af92c9858b2150b92369b71e7c4e121 0 54163720 2
3af92c9858b2150b92369b71e7c4e121 0 18050154 2
3af92c9858b2150b92369b71e7c4e121 0 40829423 2
3af92c9858b2150b92369b71e7c4e121 0 45151375 2
3af92c9858b2150b92369b71e7c4e121 0 312156209 2
3af92c9858b2150b92369b71e7c4e121 0 44610750 2
3af92c9858b2150b92369b71e7c4e121 0 309306168 2
3af92c9858b2150b92369b71e7c4e121 0 300871201 2
3af92c9858b2150b92369b71e7c4e121 0 44607774 2
a267b55325bb8834cd478d7f644d333d 0 81675390 2
a267b55325bb8834cd478d7f644d333d 0 49425145 2
a267b55325bb8834cd478d7f644d333d 0 78256445 2
a267b55325bb8834cd478d7f644d333d 0 301580777 2
a267b55325bb8834cd478d7f644d333d 0 12150265 2
a267b55325bb8834cd478d7f644d333d 0 47000893 2
a267b55325bb8834cd478d7f644d333d 0 2523790 2
a267b55325bb8834cd478d7f644d333d 0 12004558 2
a267b55325bb8834cd478d7f644d333d 0 11997163 2
a267b55325bb8834cd478d7f644d333d 0 14379279 2
a267b55325bb8834cd478d7f644d333d 0 26684999 2
a267b55325bb8834cd478d7f644d333d 0 125162911 2
a267b55325bb8834cd478d7f644d333d 0 138446995 2
a267b55325bb8834cd478d7f644d333d 0 12006980 1
a267b55325bb8834cd478d7f644d333d 0 30744262 2
a267b55325bb8834cd478d7f644d333d 0 301584550 2
a267b55325bb8834cd478d7f644d333d 0 274812556 2
a267b55325bb8834cd478d7f644d333d 0 10247359 2
a267b55325bb8834cd478d7f644d333d 0 140496694 2
a267b55325bb8834cd478d7f644d333d 0 158283483 2
a267b55325bb8834cd478d7f644d333d 0 44978219 2
a267b55325bb8834cd478d7f644d333d 0 74726166 2
a267b55325bb8834cd478d7f644d333d 0 45512157 2
a267b55325bb8834cd478d7f644d333d 0 155485551 2
a267b55325bb8834cd478d7f644d333d 0 311479714 2
a267b55325bb8834cd478d7f644d333d 0 30791843 2
a267b55325bb8834cd478d7f644d333d 0 44675528 2
c434188f8d2aa3111765a091749c3ef5 0 124975 1
c434188f8d2aa3111765a091749c3ef5 0 294934161 2
c434188f8d2aa3111765a091749c3ef5 0 300863181 0
c434188f8d2aa3111765a091749c3ef5 0 290620534 1
c434188f8d2aa3111765a091749c3ef5 0 159576753 1
c434188f8d2aa3111765a091749c3ef5 0 60573055 2
c434188f8d2aa3111765a091749c3ef5 0 6497937 2
c434188f8d2aa3111765a091749c3ef5 0 289500353 0
c434188f8d2aa3111765a091749c3ef5 0 65485224 1
c434188f8d2aa3111765a091749c3ef5 0 159291466 0
c434188f8d2aa3111765a091749c3ef5 0 11924804 2
c434188f8d2aa3111765a091749c3ef5 0 276182228 1
c434188f8d2aa3111765a091749c3ef5 0 18755575 0
c434188f8d2aa3111765a091749c3ef5 0 309892435 0
c434188f8d2aa3111765a091749c3ef5 0 305120892 1
c434188f8d2aa3111765a091749c3ef5 0 290410562 2
c434188f8d2aa3111765a091749c3ef5 0 294910092 1
c434188f8d2aa3111765a091749c3ef5 0 297692909 0
c434188f8d2aa3111765a091749c3ef5 0 43495619 1
c434188f8d2aa3111765a091749c3ef5 0 301797246 1
c434188f8d2aa3111765a091749c3ef5 0 11985364 1
c434188f8d2aa3111765a091749c3ef5 0 134964751 1
e7a4ee6f885fdc25a0d3fef9483e59be 0 58967723 1
e7a4ee6f885fdc25a0d3fef9483e59be 0 58974793 2
e7a4ee6f885fdc25a0d3fef9483e59be 0 310787818 2
e7a4ee6f885fdc25a0d3fef9483e59be 0 310165542 2
e7a4ee6f885fdc25a0d3fef9483e59be 0 85598092 2
e7a4ee6f885fdc25a0d3fef9483e59be 0 58969300 1
e7a4ee6f885fdc25a0d3fef9483e59be 0 302818886 2
e7a4ee6f885fdc25a0d3fef9483e59be 0 303641718 2
e7a4ee6f885fdc25a0d3fef9483e59be 0 54159185 2
e7a4ee6f885fdc25a0d3fef9483e59be 0 58980472 2
e7a4ee6f885fdc25a0d3fef9483e59be 0 171560541 2
e7a4ee6f885fdc25a0d3fef9483e59be 0 298643720 2
e7a4ee6f885fdc25a0d3fef9483e59be 0 58970096 1
e7a4ee6f885fdc25a0d3fef9483e59be 0 302832851 2
e7a4ee6f885fdc25a0d3fef9483e59be 0 289576925 1
e7a4ee6f885fdc25a0d3fef9483e59be 0 59118642 2
e7a4ee6f885fdc25a0d3fef9483e59be 0 302375584 2
e7a4ee6f885fdc25a0d3fef9483e59be 0 85800543 1
e7a4ee6f885fdc25a0d3fef9483e59be 0 293060894 2
e7a4ee6f885fdc25a0d3fef9483e59be 0 168177221 1
e7a4ee6f885fdc25a0d3fef9483e59be 0 58962388 1
e7a4ee6f885fdc25a0d3fef9483e59be 0 58983057 2
e7a4ee6f885fdc25a0d3fef9483e59be 0 85840783 2
e7a4ee6f885fdc25a0d3fef9483e59be 0 302988494 2
e7a4ee6f885fdc25a0d3fef9483e59be 0 312126443 2
a62f9ceb4838c5de23d0028a1ba20d97 0 302685450 1
a62f9ceb4838c5de23d0028a1ba20d97 0 2575689 0
a62f9ceb4838c5de23d0028a1ba20d97 0 275447744 0
a62f9ceb4838c5de23d0028a1ba20d97 0 18931750 0
a62f9ceb4838c5de23d0028a1ba20d97 0 148161880 0
a62f9ceb4838c5de23d0028a1ba20d97 0 303301750 1
a62f9ceb4838c5de23d0028a1ba20d97 0 306546269 2
a62f9ceb4838c5de23d0028a1ba20d97 0 303790395 0
a62f9ceb4838c5de23d0028a1ba20d97 0 308764747 0
a62f9ceb4838c5de23d0028a1ba20d97 0 146470958 0
a62f9ceb4838c5de23d0028a1ba20d97 0 301334771 1
a62f9ceb4838c5de23d0028a1ba20d97 0 294336772 0
a62f9ceb4838c5de23d0028a1ba20d97 0 2552841 1
a62f9ceb4838c5de23d0028a1ba20d97 0 2694017 0
a62f9ceb4838c5de23d0028a1ba20d97 0 301432654 1
a62f9ceb4838c5de23d0028a1ba20d97 0 122584921 0
a62f9ceb4838c5de23d0028a1ba20d97 0 6102678 0
a62f9ceb4838c5de23d0028a1ba20d97 0 304509647 1
a62f9ceb4838c5de23d0028a1ba20d97 0 291881819 0
a62f9ceb4838c5de23d0028a1ba20d97 0 313465746 1
a62f9ceb4838c5de23d0028a1ba20d97 0 299278735 0
a62f9ceb4838c5de23d0028a1ba20d97 0 305114727 0
a62f9ceb4838c5de23d0028a1ba20d97 0 5159164 0
a62f9ceb4838c5de23d0028a1ba20d97 0 301432802 2
a62f9ceb4838c5de23d0028a1ba20d97 0 14915793 0
a62f9ceb4838c5de23d0028a1ba20d97 0 2666859 0
a62f9ceb4838c5de23d0028a1ba20d97 0 310302792 2
67f8b0b8c80910677c062be26466333e 0 292068417 1
67f8b0b8c80910677c062be26466333e 0 166425302 1
67f8b0b8c80910677c062be26466333e 0 292558136 2
67f8b0b8c80910677c062be26466333e 0 169073643 2
67f8b0b8c80910677c062be26466333e 0 309158175 2
67f8b0b8c80910677c062be26466333e 0 298858948 2
67f8b0b8c80910677c062be26466333e 0 300630737 2
67f8b0b8c80910677c062be26466333e 0 311674587 1
67f8b0b8c80910677c062be26466333e 0 297812341 1
67f8b0b8c80910677c062be26466333e 0 312424389 2
67f8b0b8c80910677c062be26466333e 0 299838397 2
67f8b0b8c80910677c062be26466333e 0 144853862 2
67f8b0b8c80910677c062be26466333e 0 305435105 0
67f8b0b8c80910677c062be26466333e 0 148524775 1
67f8b0b8c80910677c062be26466333e 0 44778130 2
67f8b0b8c80910677c062be26466333e 0 134517125 2
67f8b0b8c80910677c062be26466333e 0 300970042 2
67f8b0b8c80910677c062be26466333e 0 149947810 2
67f8b0b8c80910677c062be26466333e 0 312357274 2
67f8b0b8c80910677c062be26466333e 0 153392734 1
67f8b0b8c80910677c062be26466333e 0 128376011 2
67f8b0b8c80910677c062be26466333e 0 124585534 1
81a038f937cdcf788bc481699a37f494 0 101086665 2
81a038f937cdcf788bc481699a37f494 0 131586142 2
81a038f937cdcf788bc481699a37f494 0 62728936 2
81a038f937cdcf788bc481699a37f494 0 57123961 2
81a038f937cdcf788bc481699a37f494 0 136649702 2
81a038f937cdcf788bc481699a37f494 0 156940263 2
81a038f937cdcf788bc481699a37f494 0 124931189 2
81a038f937cdcf788bc481699a37f494 0 292561749 2
81a038f937cdcf788bc481699a37f494 0 293037121 2
81a038f937cdcf788bc481699a37f494 0 164652791 2
81a038f937cdcf788bc481699a37f494 0 158147248 2
81a038f937cdcf788bc481699a37f494 0 109864300 0
81a038f937cdcf788bc481699a37f494 0 18985325 1
81a038f937cdcf788bc481699a37f494 0 311476037 2
81a038f937cdcf788bc481699a37f494 0 68608590 2
81a038f937cdcf788bc481699a37f494 0 69991813 2
81a038f937cdcf788bc481699a37f494 0 159295558 2
13df3c9c68658cdc669b48cf98cf054c 0 51934712 0
13df3c9c68658cdc669b48cf98cf054c 0 299729851 0
13df3c9c68658cdc669b48cf98cf054c 0 2783597 0
13df3c9c68658cdc669b48cf98cf054c 0 121262561 0
13df3c9c68658cdc669b48cf98cf054c 0 159577942 0
13df3c9c68658cdc669b48cf98cf054c 0 291100230 0
13df3c9c68658cdc669b48cf98cf054c 0 155648513 0
13df3c9c68658cdc669b48cf98cf054c 0 305753621 0
13df3c9c68658cdc669b48cf98cf054c 0 159579752 1
13df3c9c68658cdc669b48cf98cf054c 0 289557774 0
13df3c9c68658cdc669b48cf98cf054c 0 18479109 1
13df3c9c68658cdc669b48cf98cf054c 0 42978750 0
13df3c9c68658cdc669b48cf98cf054c 0 299960397 1
13df3c9c68658cdc669b48cf98cf054c 0 302084018 0
13df3c9c68658cdc669b48cf98cf054c 0 304979305 1
13df3c9c68658cdc669b48cf98cf054c 0 71124225 0
13df3c9c68658cdc669b48cf98cf054c 0 8007568 1
13df3c9c68658cdc669b48cf98cf054c 0 46109144 1
13df3c9c68658cdc669b48cf98cf054c 0 289572451 1
13df3c9c68658cdc669b48cf98cf054c 0 19531331 0
13df3c9c68658cdc669b48cf98cf054c 0 276605242 0
13df3c9c68658cdc669b48cf98cf054c 0 299882438 1
c1131ebcb44d90b061552407c7926e41 0 2626903 2
c1131ebcb44d90b061552407c7926e41 0 309738699 0
c1131ebcb44d90b061552407c7926e41 0 6240149 2
c1131ebcb44d90b061552407c7926e41 0 295479292 1
c1131ebcb44d90b061552407c7926e41 0 295605186 1
c1131ebcb44d90b061552407c7926e41 0 34140548 1
c1131ebcb44d90b061552407c7926e41 0 2734098 1
c1131ebcb44d90b061552407c7926e41 0 69410923 2
c1131ebcb44d90b061552407c7926e41 0 309588390 2
c1131ebcb44d90b061552407c7926e41 0 8169748 1
c1131ebcb44d90b061552407c7926e41 0 9009238 1
c1131ebcb44d90b061552407c7926e41 0 77566977 0
c1131ebcb44d90b061552407c7926e41 0 305683078 0
c1131ebcb44d90b061552407c7926e41 0 160633805 0
c1131ebcb44d90b061552407c7926e41 0 297505841 1
c1131ebcb44d90b061552407c7926e41 0 128497413 2
c1131ebcb44d90b061552407c7926e41 0 300121978 1
c1131ebcb44d90b061552407c7926e41 0 228208319 1
c1131ebcb44d90b061552407c7926e41 0 37528824 1
c1131ebcb44d90b061552407c7926e41 0 162378445 1
c1131ebcb44d90b061552407c7926e41 0 291356364 2
c1131ebcb44d90b061552407c7926e41 0 7635560 1
a9a63e739920dd93c6ac374c8cf0f8c2 0 24061441 3
a9a63e739920dd93c6ac374c8cf0f8c2 0 305131767 2
a9a63e739920dd93c6ac374c8cf0f8c2 0 46726849 2
a9a63e739920dd93c6ac374c8cf0f8c2 0 11821401 2
a9a63e739920dd93c6ac374c8cf0f8c2 0 86686573 2
a9a63e739920dd93c6ac374c8cf0f8c2 0 292159921 1
a9a63e739920dd93c6ac374c8cf0f8c2 0 86688053 2
a9a63e739920dd93c6ac374c8cf0f8c2 0 302671021 2
a9a63e739920dd93c6ac374c8cf0f8c2 0 86686598 2
a9a63e739920dd93c6ac374c8cf0f8c2 0 268560128 2
a9a63e739920dd93c6ac374c8cf0f8c2 0 5178423 2
a9a63e739920dd93c6ac374c8cf0f8c2 0 313684177 2
a9a63e739920dd93c6ac374c8cf0f8c2 0 86685949 2
a9a63e739920dd93c6ac374c8cf0f8c2 0 8279507 2
a9a63e739920dd93c6ac374c8cf0f8c2 0 5178237 2
a9a63e739920dd93c6ac374c8cf0f8c2 0 75064256 2
a9a63e739920dd93c6ac374c8cf0f8c2 0 299863414 2
a9a63e739920dd93c6ac374c8cf0f8c2 0 309902366 2
a9a63e739920dd93c6ac374c8cf0f8c2 0 8321374 2
a9a63e739920dd93c6ac374c8cf0f8c2 0 162362278 2
a9a63e739920dd93c6ac374c8cf0f8c2 0 128966171 2
a9a63e739920dd93c6ac374c8cf0f8c2 0 71614271 2
a9a63e739920dd93c6ac374c8cf0f8c2 0 293642768 2
a9a63e739920dd93c6ac374c8cf0f8c2 0 165152315 2
a9a63e739920dd93c6ac374c8cf0f8c2 0 6824521 2
a9a63e739920dd93c6ac374c8cf0f8c2 0 8568242 2
a9a63e739920dd93c6ac374c8cf0f8c2 0 8257280 2
eed65566aa320c39f7e2a39f9306ca0a 0 310447048 2
eed65566aa320c39f7e2a39f9306ca0a 0 37574958 2
eed65566aa320c39f7e2a39f9306ca0a 0 312983440 2
eed65566aa320c39f7e2a39f9306ca0a 0 43713702 2
eed65566aa320c39f7e2a39f9306ca0a 0 10388501 2
eed65566aa320c39f7e2a39f9306ca0a 0 24999502 2
eed65566aa320c39f7e2a39f9306ca0a 0 2266119 1
eed65566aa320c39f7e2a39f9306ca0a 0 61683790 2
eed65566aa320c39f7e2a39f9306ca0a 0 6239335 1
eed65566aa320c39f7e2a39f9306ca0a 0 10388646 1
eed65566aa320c39f7e2a39f9306ca0a 0 10388407 2
eed65566aa320c39f7e2a39f9306ca0a 0 19032535 2
eed65566aa320c39f7e2a39f9306ca0a 0 25538840 2
eed65566aa320c39f7e2a39f9306ca0a 0 6239357 1
eed65566aa320c39f7e2a39f9306ca0a 0 10353902 2
eed65566aa320c39f7e2a39f9306ca0a 0 24924958 2
eed65566aa320c39f7e2a39f9306ca0a 0 37589037 2
5885104b2d9bf8b2fcdf001a4036e794 0 9811384 2
5885104b2d9bf8b2fcdf001a4036e794 0 47732784 1
5885104b2d9bf8b2fcdf001a4036e794 0 75781331 2
5885104b2d9bf8b2fcdf001a4036e794 0 292323122 2
5885104b2d9bf8b2fcdf001a4036e794 0 19882503 2
5885104b2d9bf8b2fcdf001a4036e794 0 146424278 2
5885104b2d9bf8b2fcdf001a4036e794 0 9803440 2
5885104b2d9bf8b2fcdf001a4036e794 0 44677662 2
5885104b2d9bf8b2fcdf001a4036e794 0 6026505 2
5885104b2d9bf8b2fcdf001a4036e794 0 292434537 2
5885104b2d9bf8b2fcdf001a4036e794 0 297517177 2
5885104b2d9bf8b2fcdf001a4036e794 0 310297926 2
5885104b2d9bf8b2fcdf001a4036e794 0 16487506 2
5885104b2d9bf8b2fcdf001a4036e794 0 307379139 2
5885104b2d9bf8b2fcdf001a4036e794 0 37438721 2
5885104b2d9bf8b2fcdf001a4036e794 0 126813858 2
5885104b2d9bf8b2fcdf001a4036e794 0 302479569 2
5885104b2d9bf8b2fcdf001a4036e794 0 192201387 2
5885104b2d9bf8b2fcdf001a4036e794 0 135103728 2
5885104b2d9bf8b2fcdf001a4036e794 0 274935963 2
5885104b2d9bf8b2fcdf001a4036e794 0 43507684 2
5885104b2d9bf8b2fcdf001a4036e794 0 19530370 2
5885104b2d9bf8b2fcdf001a4036e794 0 172758374 2
5f1b26a0bf7242b16385a5d5bbe0ee1c 0 127240396 2
5f1b26a0bf7242b16385a5d5bbe0ee1c 0 71349227 2
5f1b26a0bf7242b16385a5d5bbe0ee1c 0 36994714 2
5f1b26a0bf7242b16385a5d5bbe0ee1c 0 35799368 2
5f1b26a0bf7242b16385a5d5bbe0ee1c 0 168038857 2
5f1b26a0bf7242b16385a5d5bbe0ee1c 0 276259271 2
5f1b26a0bf7242b16385a5d5bbe0ee1c 0 68967244 2
5f1b26a0bf7242b16385a5d5bbe0ee1c 0 9334589 2
5f1b26a0bf7242b16385a5d5bbe0ee1c 0 150547843 2
5f1b26a0bf7242b16385a5d5bbe0ee1c 0 5219828 2
5f1b26a0bf7242b16385a5d5bbe0ee1c 0 170422470 2
5f1b26a0bf7242b16385a5d5bbe0ee1c 0 75484040 2
5f1b26a0bf7242b16385a5d5bbe0ee1c 0 62534574 2
5f1b26a0bf7242b16385a5d5bbe0ee1c 0 70283272 2
5f1b26a0bf7242b16385a5d5bbe0ee1c 0 9330925 2
5f1b26a0bf7242b16385a5d5bbe0ee1c 0 9334700 1
5f1b26a0bf7242b16385a5d5bbe0ee1c 0 13916401 2
5f1b26a0bf7242b16385a5d5bbe0ee1c 0 33913366 2
5f1b26a0bf7242b16385a5d5bbe0ee1c 0 46224255 2
5f1b26a0bf7242b16385a5d5bbe0ee1c 0 138556156 2
c60f7e99a8623cad87ae6951b6854fff 0 159817440 1
c60f7e99a8623cad87ae6951b6854fff 0 881836 3
c60f7e99a8623cad87ae6951b6854fff 0 720092 1
c60f7e99a8623cad87ae6951b6854fff 0 303789631 2
c60f7e99a8623cad87ae6951b6854fff 0 1132765 1
c60f7e99a8623cad87ae6951b6854fff 0 58982110 1
c60f7e99a8623cad87ae6951b6854fff 0 309415502 1
c60f7e99a8623cad87ae6951b6854fff 0 171864030 1
c60f7e99a8623cad87ae6951b6854fff 0 161939101 3
c60f7e99a8623cad87ae6951b6854fff 0 50064688 1
c60f7e99a8623cad87ae6951b6854fff 0 24755126 2
c60f7e99a8623cad87ae6951b6854fff 0 24811212 1
c60f7e99a8623cad87ae6951b6854fff 0 20031950 1
c60f7e99a8623cad87ae6951b6854fff 0 736310 2
c60f7e99a8623cad87ae6951b6854fff 0 654412 1
c60f7e99a8623cad87ae6951b6854fff 0 39471255 3
c60f7e99a8623cad87ae6951b6854fff 0 897182 1
c60f7e99a8623cad87ae6951b6854fff 0 1122663 0
c60f7e99a8623cad87ae6951b6854fff 0 42858898 1
c60f7e99a8623cad87ae6951b6854fff 0 914757 1
c60f7e99a8623cad87ae6951b6854fff 0 17024666 1
c60f7e99a8623cad87ae6951b6854fff 0 907851 2
c60f7e99a8623cad87ae6951b6854fff 0 9700398 1
c60f7e99a8623cad87ae6951b6854fff 0 905054 1
c60f7e99a8623cad87ae6951b6854fff 0 152482283 3
3b175cfd5b7ae22194d40af13f9a7ee7 0 33377127 2
3b175cfd5b7ae22194d40af13f9a7ee7 0 132309960 2
3b175cfd5b7ae22194d40af13f9a7ee7 0 79191232 1
3b175cfd5b7ae22194d40af13f9a7ee7 0 303698070 2
3b175cfd5b7ae22194d40af13f9a7ee7 0 18441306 2
3b175cfd5b7ae22194d40af13f9a7ee7 0 112548805 2
3b175cfd5b7ae22194d40af13f9a7ee7 0 7993700 2
3b175cfd5b7ae22194d40af13f9a7ee7 0 135439595 2
3b175cfd5b7ae22194d40af13f9a7ee7 0 127039000 1
3b175cfd5b7ae22194d40af13f9a7ee7 0 63226389 2
3b175cfd5b7ae22194d40af13f9a7ee7 0 107361158 2
3b175cfd5b7ae22194d40af13f9a7ee7 0 299591282 1
3b175cfd5b7ae22194d40af13f9a7ee7 0 136052768 2
3b175cfd5b7ae22194d40af13f9a7ee7 0 68901131 1
3b175cfd5b7ae22194d40af13f9a7ee7 0 8150637 2
3b175cfd5b7ae22194d40af13f9a7ee7 0 63047556 1
3b175cfd5b7ae22194d40af13f9a7ee7 0 133363451 2
3b175cfd5b7ae22194d40af13f9a7ee7 0 292107588 1
3b175cfd5b7ae22194d40af13f9a7ee7 0 301246096 2
3b175cfd5b7ae22194d40af13f9a7ee7 0 121367498 2
3b175cfd5b7ae22194d40af13f9a7ee7 0 46998150 1
3b175cfd5b7ae22194d40af13f9a7ee7 0 12191321 1
3b175cfd5b7ae22194d40af13f9a7ee7 0 45945850 2
18ce9eb1855f3a2e6d7bf9586b88f77f 0 295521707 2
18ce9eb1855f3a2e6d7bf9586b88f77f 0 63581954 2
18ce9eb1855f3a2e6d7bf9586b88f77f 0 103025898 1
18ce9eb1855f3a2e6d7bf9586b88f77f 0 171415830 2
18ce9eb1855f3a2e6d7bf9586b88f77f 0 166879089 2
18ce9eb1855f3a2e6d7bf9586b88f77f 0 10116626 1
18ce9eb1855f3a2e6d7bf9586b88f77f 0 159416983 2
18ce9eb1855f3a2e6d7bf9586b88f77f 0 40062060 1
18ce9eb1855f3a2e6d7bf9586b88f77f 0 99035279 2
18ce9eb1855f3a2e6d7bf9586b88f77f 0 22976206 1
18ce9eb1855f3a2e6d7bf9586b88f77f 0 301312657 2
18ce9eb1855f3a2e6d7bf9586b88f77f 0 31001193 2
18ce9eb1855f3a2e6d7bf9586b88f77f 0 313857246 2
18ce9eb1855f3a2e6d7bf9586b88f77f 0 74706015 2
18ce9eb1855f3a2e6d7bf9586b88f77f 0 170565033 2
18ce9eb1855f3a2e6d7bf9586b88f77f 0 304537184 2
18ce9eb1855f3a2e6d7bf9586b88f77f 0 10989509 1
18ce9eb1855f3a2e6d7bf9586b88f77f 0 125860260 2
18ce9eb1855f3a2e6d7bf9586b88f77f 0 8388170 2
18ce9eb1855f3a2e6d7bf9586b88f77f 0 144975754 2
18ce9eb1855f3a2e6d7bf9586b88f77f 0 145737570 2
8a9c0dce5fb4514251232bcc23734c1d 0 68747248 0
8a9c0dce5fb4514251232bcc23734c1d 0 142597547 1
8a9c0dce5fb4514251232bcc23734c1d 0 152378650 0
8a9c0dce5fb4514251232bcc23734c1d 0 312228784 1
8a9c0dce5fb4514251232bcc23734c1d 0 129428720 0
8a9c0dce5fb4514251232bcc23734c1d 0 306438610 0
8a9c0dce5fb4514251232bcc23734c1d 0 291598152 1
8a9c0dce5fb4514251232bcc23734c1d 0 167795482 1
8a9c0dce5fb4514251232bcc23734c1d 0 1320382 1
8a9c0dce5fb4514251232bcc23734c1d 0 299253234 1
8a9c0dce5fb4514251232bcc23734c1d 0 138462232 1
8a9c0dce5fb4514251232bcc23734c1d 0 298790080 1
8a9c0dce5fb4514251232bcc23734c1d 0 138437065 0
8a9c0dce5fb4514251232bcc23734c1d 0 128985305 1
5eec5e196482a495754671529a4822ab 0 183681383 2
5eec5e196482a495754671529a4822ab 0 12538846 2
5eec5e196482a495754671529a4822ab 0 567208 2
5eec5e196482a495754671529a4822ab 0 5423463 2
5eec5e196482a495754671529a4822ab 0 18641685 2
5eec5e196482a495754671529a4822ab 0 14309295 2
5eec5e196482a495754671529a4822ab 0 8058962 2
5eec5e196482a495754671529a4822ab 0 2381505 2
5eec5e196482a495754671529a4822ab 0 299736306 2
5eec5e196482a495754671529a4822ab 0 28687303 2
5eec5e196482a495754671529a4822ab 0 45954902 2
5eec5e196482a495754671529a4822ab 0 27255240 2
5eec5e196482a495754671529a4822ab 0 12540277 2
5eec5e196482a495754671529a4822ab 0 5424711 2
5eec5e196482a495754671529a4822ab 0 38689492 2
5eec5e196482a495754671529a4822ab 0 28690389 2
5eec5e196482a495754671529a4822ab 0 19703588 2
f4b02d3f35058a4d09ec206622895aa3 0 134116557 2
f4b02d3f35058a4d09ec206622895aa3 0 2512624 2
f4b02d3f35058a4d09ec206622895aa3 0 30804447 1
f4b02d3f35058a4d09ec206622895aa3 0 10692204 2
f4b02d3f35058a4d09ec206622895aa3 0 70246945 2
f4b02d3f35058a4d09ec206622895aa3 0 50150507 2
f4b02d3f35058a4d09ec206622895aa3 0 33953125 2
f4b02d3f35058a4d09ec206622895aa3 0 63127313 2
f4b02d3f35058a4d09ec206622895aa3 0 145400983 2
f4b02d3f35058a4d09ec206622895aa3 0 159293514 2
f4b02d3f35058a4d09ec206622895aa3 0 2426099 2
f4b02d3f35058a4d09ec206622895aa3 0 51722876 2
f4b02d3f35058a4d09ec206622895aa3 0 158595779 2
f4b02d3f35058a4d09ec206622895aa3 0 36759758 1
f4b02d3f35058a4d09ec206622895aa3 0 75601490 2
f4b02d3f35058a4d09ec206622895aa3 0 71257555 2
f4b02d3f35058a4d09ec206622895aa3 0 138296963 1
f4b02d3f35058a4d09ec206622895aa3 0 25431074 1
f4b02d3f35058a4d09ec206622895aa3 0 5903321 2
f4b02d3f35058a4d09ec206622895aa3 0 139966588 2
f4b02d3f35058a4d09ec206622895aa3 0 70321033 2
f4b02d3f35058a4d09ec206622895aa3 0 25350440 2
fc09339c0ca5f6dae18cefd835c3e561 0 297471501 2
fc09339c0ca5f6dae18cefd835c3e561 0 99783329 2
fc09339c0ca5f6dae18cefd835c3e561 0 2351873 2
fc09339c0ca5f6dae18cefd835c3e561 0 126852586 2
fc09339c0ca5f6dae18cefd835c3e561 0 158338448 2
fc09339c0ca5f6dae18cefd835c3e561 0 301591506 2
fc09339c0ca5f6dae18cefd835c3e561 0 138189384 2
fc09339c0ca5f6dae18cefd835c3e561 0 232599342 2
fc09339c0ca5f6dae18cefd835c3e561 0 164503261 2
fc09339c0ca5f6dae18cefd835c3e561 0 160947363 2
fc09339c0ca5f6dae18cefd835c3e561 0 8819200 2
fc09339c0ca5f6dae18cefd835c3e561 0 126463319 2
fc09339c0ca5f6dae18cefd835c3e561 0 25001697 2
fc09339c0ca5f6dae18cefd835c3e561 0 158028206 2
fc09339c0ca5f6dae18cefd835c3e561 0 2350703 2
fc09339c0ca5f6dae18cefd835c3e561 0 149970618 1
fc09339c0ca5f6dae18cefd835c3e561 0 70301419 2
fc09339c0ca5f6dae18cefd835c3e561 0 168106803 1
fc09339c0ca5f6dae18cefd835c3e561 0 33132401 2
fc09339c0ca5f6dae18cefd835c3e561 0 2352041 2
fc09339c0ca5f6dae18cefd835c3e561 0 11596995 2
fc09339c0ca5f6dae18cefd835c3e561 0 51699815 1
fc09339c0ca5f6dae18cefd835c3e561 0 4209899 2
996da14cdab862d1638b4be35dee6d1a 0 293515116 2
996da14cdab862d1638b4be35dee6d1a 0 309593816 2
996da14cdab862d1638b4be35dee6d1a 0 310271677 1
996da14cdab862d1638b4be35dee6d1a 0 168156572 2
996da14cdab862d1638b4be35dee6d1a 0 301794929 2
996da14cdab862d1638b4be35dee6d1a 0 289740053 2
996da14cdab862d1638b4be35dee6d1a 0 287581569 2
996da14cdab862d1638b4be35dee6d1a 0 290433118 2
996da14cdab862d1638b4be35dee6d1a 0 160633692 1
996da14cdab862d1638b4be35dee6d1a 0 169928857 1
996da14cdab862d1638b4be35dee6d1a 0 301592428 1
996da14cdab862d1638b4be35dee6d1a 0 139254352 2
996da14cdab862d1638b4be35dee6d1a 0 298300114 1
996da14cdab862d1638b4be35dee6d1a 0 149981279 1
996da14cdab862d1638b4be35dee6d1a 0 303973803 2
996da14cdab862d1638b4be35dee6d1a 0 292465865 1
996da14cdab862d1638b4be35dee6d1a 0 293227584 1
996da14cdab862d1638b4be35dee6d1a 0 301584771 2
996da14cdab862d1638b4be35dee6d1a 0 137210379 2
996da14cdab862d1638b4be35dee6d1a 0 305772449 1
996da14cdab862d1638b4be35dee6d1a 0 150034555 2
996da14cdab862d1638b4be35dee6d1a 0 153542354 1
996da14cdab862d1638b4be35dee6d1a 0 155710368 2
996da14cdab862d1638b4be35dee6d1a 0 311850230 2
07de8bb1d0c7ff01414217a403530dae 0 126050698 2
07de8bb1d0c7ff01414217a403530dae 0 215703698 1
07de8bb1d0c7ff01414217a403530dae 0 82262238 0
07de8bb1d0c7ff01414217a403530dae 0 7141957 1
07de8bb1d0c7ff01414217a403530dae 0 302446886 0
07de8bb1d0c7ff01414217a403530dae 0 305683048 1
07de8bb1d0c7ff01414217a403530dae 0 234708021 1
07de8bb1d0c7ff01414217a403530dae 0 230919466 3
07de8bb1d0c7ff01414217a403530dae 0 57073710 0
07de8bb1d0c7ff01414217a403530dae 0 302001385 1
07de8bb1d0c7ff01414217a403530dae 0 64746229 1
07de8bb1d0c7ff01414217a403530dae 0 131506758 1
07de8bb1d0c7ff01414217a403530dae 0 153169654 2
07de8bb1d0c7ff01414217a403530dae 0 291387376 0
07de8bb1d0c7ff01414217a403530dae 0 23068152 1
07de8bb1d0c7ff01414217a403530dae 0 7070644 0
07de8bb1d0c7ff01414217a403530dae 0 147597387 1
07de8bb1d0c7ff01414217a403530dae 0 276820994 0
07de8bb1d0c7ff01414217a403530dae 0 30731302 2
07de8bb1d0c7ff01414217a403530dae 0 19180462 1
07de8bb1d0c7ff01414217a403530dae 0 301803870 0
ebb5187bf0611c3aeafcd79bb1fb3604 0 7966427 1
ebb5187bf0611c3aeafcd79bb1fb3604 0 45386083 2
ebb5187bf0611c3aeafcd79bb1fb3604 0 46360762 2
ebb5187bf0611c3aeafcd79bb1fb3604 0 149673934 2
ebb5187bf0611c3aeafcd79bb1fb3604 0 302963001 2
ebb5187bf0611c3aeafcd79bb1fb3604 0 127429846 2
ebb5187bf0611c3aeafcd79bb1fb3604 0 39835046 2
ebb5187bf0611c3aeafcd79bb1fb3604 0 292347816 2
ebb5187bf0611c3aeafcd79bb1fb3604 0 157620622 1
ebb5187bf0611c3aeafcd79bb1fb3604 0 304997756 2
ebb5187bf0611c3aeafcd79bb1fb3604 0 84232355 2
ebb5187bf0611c3aeafcd79bb1fb3604 0 292478951 1
ebb5187bf0611c3aeafcd79bb1fb3604 0 115319582 2
ebb5187bf0611c3aeafcd79bb1fb3604 0 24258693 2
ebb5187bf0611c3aeafcd79bb1fb3604 0 302973104 2
ebb5187bf0611c3aeafcd79bb1fb3604 0 27587030 1
ebb5187bf0611c3aeafcd79bb1fb3604 0 279653517 2
ebb5187bf0611c3aeafcd79bb1fb3604 0 172275545 2
ebb5187bf0611c3aeafcd79bb1fb3604 0 7705999 2
ebb5187bf0611c3aeafcd79bb1fb3604 0 276265563 2
ebb5187bf0611c3aeafcd79bb1fb3604 0 305241224 2
5df3e1cabb549f135ff50a4104d91b68 0 148413396 1
5df3e1cabb549f135ff50a4104d91b68 0 137015729 2
5df3e1cabb549f135ff50a4104d91b68 0 135548604 2
5df3e1cabb549f135ff50a4104d91b68 0 57532978 2
5df3e1cabb549f135ff50a4104d91b68 0 62079171 2
5df3e1cabb549f135ff50a4104d91b68 0 132963263 2
5df3e1cabb549f135ff50a4104d91b68 0 28528137 2
5df3e1cabb549f135ff50a4104d91b68 0 85866017 1
5df3e1cabb549f135ff50a4104d91b68 0 2622116 2
5df3e1cabb549f135ff50a4104d91b68 0 158391583 2
5df3e1cabb549f135ff50a4104d91b68 0 294888032 2
5df3e1cabb549f135ff50a4104d91b68 0 168094459 2
5df3e1cabb549f135ff50a4104d91b68 0 83533424 2
5df3e1cabb549f135ff50a4104d91b68 0 310050490 2
670c9172280572387d4aa7562dea26f9 0 290092014 2
670c9172280572387d4aa7562dea26f9 0 24903640 2
670c9172280572387d4aa7562dea26f9 0 166898920 2
670c9172280572387d4aa7562dea26f9 0 298338457 2
670c9172280572387d4aa7562dea26f9 0 4630686 1
670c9172280572387d4aa7562dea26f9 0 294917387 2
670c9172280572387d4aa7562dea26f9 0 17478078 2
670c9172280572387d4aa7562dea26f9 0 146653444 2
670c9172280572387d4aa7562dea26f9 0 2263372 3
670c9172280572387d4aa7562dea26f9 0 17487094 2
670c9172280572387d4aa7562dea26f9 0 4857220 2
670c9172280572387d4aa7562dea26f9 0 136404981 2
670c9172280572387d4aa7562dea26f9 0 151480210 2
670c9172280572387d4aa7562dea26f9 0 43640622 2
670c9172280572387d4aa7562dea26f9 0 17047371 2
670c9172280572387d4aa7562dea26f9 0 2519175 2
670c9172280572387d4aa7562dea26f9 0 304523057 2
670c9172280572387d4aa7562dea26f9 0 4864838 2
670c9172280572387d4aa7562dea26f9 0 293038169 2
670c9172280572387d4aa7562dea26f9 0 15107768 2
670c9172280572387d4aa7562dea26f9 0 55815429 2
670c9172280572387d4aa7562dea26f9 0 298338774 2
95fbd3a89d69d00404303492901cc4d4 0 310417141 2
95fbd3a89d69d00404303492901cc4d4 0 298906496 1
95fbd3a89d69d00404303492901cc4d4 0 310417943 1
95fbd3a89d69d00404303492901cc4d4 0 62125163 1
95fbd3a89d69d00404303492901cc4d4 0 312480638 1
95fbd3a89d69d00404303492901cc4d4 0 290847590 1
95fbd3a89d69d00404303492901cc4d4 0 36992692 1
95fbd3a89d69d00404303492901cc4d4 0 69196249 1
95fbd3a89d69d00404303492901cc4d4 0 159549750 1
95fbd3a89d69d00404303492901cc4d4 0 77253023 0
95fbd3a89d69d00404303492901cc4d4 0 158650590 1
95fbd3a89d69d00404303492901cc4d4 0 302396948 1
95fbd3a89d69d00404303492901cc4d4 0 160098929 0
95fbd3a89d69d00404303492901cc4d4 0 132709510 2
95fbd3a89d69d00404303492901cc4d4 0 312453354 2
95fbd3a89d69d00404303492901cc4d4 0 151392617 1
95fbd3a89d69d00404303492901cc4d4 0 143553943 2
95fbd3a89d69d00404303492901cc4d4 0 9447201 1
95fbd3a89d69d00404303492901cc4d4 0 303405276 1
95fbd3a89d69d00404303492901cc4d4 0 304508233 1
95fbd3a89d69d00404303492901cc4d4 0 152409906 1
0686deb383c2e003b7f0c1cb0fd68f07 0 310986205 0
0686deb383c2e003b7f0c1cb0fd68f07 0 312985279 1
0686deb383c2e003b7f0c1cb0fd68f07 0 36404902 0
0686deb383c2e003b7f0c1cb0fd68f07 0 68454715 1
0686deb383c2e003b7f0c1cb0fd68f07 0 37995323 1
0686deb383c2e003b7f0c1cb0fd68f07 0 313253366 2
0686deb383c2e003b7f0c1cb0fd68f07 0 303454243 0
0686deb383c2e003b7f0c1cb0fd68f07 0 79940328 0
0686deb383c2e003b7f0c1cb0fd68f07 0 2710876 1
0686deb383c2e003b7f0c1cb0fd68f07 0 306804111 0
0686deb383c2e003b7f0c1cb0fd68f07 0 302396595 0
0686deb383c2e003b7f0c1cb0fd68f07 0 292106891 0
0686deb383c2e003b7f0c1cb0fd68f07 0 161791540 0
0686deb383c2e003b7f0c1cb0fd68f07 0 305752983 1
0686deb383c2e003b7f0c1cb0fd68f07 0 191680041 2
0686deb383c2e003b7f0c1cb0fd68f07 0 138190898 1
0686deb383c2e003b7f0c1cb0fd68f07 0 297512404 1
0686deb383c2e003b7f0c1cb0fd68f07 0 292041809 0
0686deb383c2e003b7f0c1cb0fd68f07 0 299839207 1
0686deb383c2e003b7f0c1cb0fd68f07 0 292678129 0
0686deb383c2e003b7f0c1cb0fd68f07 0 314964491 0
0686deb383c2e003b7f0c1cb0fd68f07 0 305162483 0
0686deb383c2e003b7f0c1cb0fd68f07 0 70305859 1
0686deb383c2e003b7f0c1cb0fd68f07 0 2514222 0
0686deb383c2e003b7f0c1cb0fd68f07 0 70340385 0
0686deb383c2e003b7f0c1cb0fd68f07 0 304490387 2
0686deb383c2e003b7f0c1cb0fd68f07 0 303290606 1
a5c587bb204cb34e669e171074b6cf60 0 302845202 0
a5c587bb204cb34e669e171074b6cf60 0 313461426 0
a5c587bb204cb34e669e171074b6cf60 0 305780317 0
a5c587bb204cb34e669e171074b6cf60 0 292167566 0
a5c587bb204cb34e669e171074b6cf60 0 297496794 0
a5c587bb204cb34e669e171074b6cf60 0 303694256 0
a5c587bb204cb34e669e171074b6cf60 0 309790890 0
a5c587bb204cb34e669e171074b6cf60 0 284194254 0
a5c587bb204cb34e669e171074b6cf60 0 192180265 0
a5c587bb204cb34e669e171074b6cf60 0 279653250 0
a5c587bb204cb34e669e171074b6cf60 0 18460827 0
a5c587bb204cb34e669e171074b6cf60 0 15085637 2
a5c587bb204cb34e669e171074b6cf60 0 302885508 0
a5c587bb204cb34e669e171074b6cf60 0 284193652 0
a5c587bb204cb34e669e171074b6cf60 0 290449863 0
a5c587bb204cb34e669e171074b6cf60 0 291769805 0
a5c587bb204cb34e669e171074b6cf60 0 82485908 0
a5c587bb204cb34e669e171074b6cf60 0 312260956 0
a5c587bb204cb34e669e171074b6cf60 0 313461879 0
a5c587bb204cb34e669e171074b6cf60 0 62545424 0
a5c587bb204cb34e669e171074b6cf60 0 274687942 1
a5c587bb204cb34e669e171074b6cf60 0 166298278 0
a5c587bb204cb34e669e171074b6cf60 0 155615171 0
a5c587bb204cb34e669e171074b6cf60 0 305450836 0
a5c587bb204cb34e669e171074b6cf60 0 297173780 0
a5c587bb204cb34e669e171074b6cf60 0 292165212 0
a5c587bb204cb34e669e171074b6cf60 0 10916901 0
a5c587bb204cb34e669e171074b6cf60 0 82032 0
a5c587bb204cb34e669e171074b6cf60 0 303761977 1
e719889da1459bd9afb50cda8643922d 0 83555793 2
e719889da1459bd9afb50cda8643922d 0 158034005 2
e719889da1459bd9afb50cda8643922d 0 313620917 1
e719889da1459bd9afb50cda8643922d 0 31842396 1
e719889da1459bd9afb50cda8643922d 0 107361654 1
e719889da1459bd9afb50cda8643922d 0 132318451 1
e719889da1459bd9afb50cda8643922d 0 71267433 2
e719889da1459bd9afb50cda8643922d 0 26245386 0
e719889da1459bd9afb50cda8643922d 0 301690906 2
e719889da1459bd9afb50cda8643922d 0 291403607 1
e719889da1459bd9afb50cda8643922d 0 296706520 0
e719889da1459bd9afb50cda8643922d 0 311307773 2
e719889da1459bd9afb50cda8643922d 0 161095413 1
e719889da1459bd9afb50cda8643922d 0 144550327 1
e719889da1459bd9afb50cda8643922d 0 301694311 2
e719889da1459bd9afb50cda8643922d 0 301405804 2
e719889da1459bd9afb50cda8643922d 0 4875878 2
e719889da1459bd9afb50cda8643922d 0 11207279 1
e719889da1459bd9afb50cda8643922d 0 26247544 0
e719889da1459bd9afb50cda8643922d 0 158020077 1
e719889da1459bd9afb50cda8643922d 0 63164611 2
e719889da1459bd9afb50cda8643922d 0 297510626 1
e719889da1459bd9afb50cda8643922d 0 311849879 1
e719889da1459bd9afb50cda8643922d 0 310820576 1
a0f8eaa665af3ffc3717c28c4834898a 0 301676821 1
a0f8eaa665af3ffc3717c28c4834898a 0 41647290 1
a0f8eaa665af3ffc3717c28c4834898a 0 291417367 1
a0f8eaa665af3ffc3717c28c4834898a 0 296180327 2
a0f8eaa665af3ffc3717c28c4834898a 0 299876818 2
a0f8eaa665af3ffc3717c28c4834898a 0 230686187 2
a0f8eaa665af3ffc3717c28c4834898a 0 173702620 1
a0f8eaa665af3ffc3717c28c4834898a 0 302220085 2
a0f8eaa665af3ffc3717c28c4834898a 0 41646575 1
a0f8eaa665af3ffc3717c28c4834898a 0 297852244 1
a0f8eaa665af3ffc3717c28c4834898a 0 9047290 1
a0f8eaa665af3ffc3717c28c4834898a 0 310795236 2
a0f8eaa665af3ffc3717c28c4834898a 0 310783052 2
a0f8eaa665af3ffc3717c28c4834898a 0 311024116 2
a0f8eaa665af3ffc3717c28c4834898a 0 24728649 0
a0f8eaa665af3ffc3717c28c4834898a 0 295415994 1
a0f8eaa665af3ffc3717c28c4834898a 0 48211682 1
a0f8eaa665af3ffc3717c28c4834898a 0 102011322 1
a0f8eaa665af3ffc3717c28c4834898a 0 313460891 2
a0f8eaa665af3ffc3717c28c4834898a 0 312481934 1
a0f8eaa665af3ffc3717c28c4834898a 0 132667110 2
a0f8eaa665af3ffc3717c28c4834898a 0 7040326 1
a0f8eaa665af3ffc3717c28c4834898a 0 274998599 1
a0f8eaa665af3ffc3717c28c4834898a 0 301708008 1
a0f8eaa665af3ffc3717c28c4834898a 0 222193294 2
a0f8eaa665af3ffc3717c28c4834898a 0 296733477 1
a0f8eaa665af3ffc3717c28c4834898a 0 297742699 2
a0f8eaa665af3ffc3717c28c4834898a 0 313647786 2
c0837308bd8bdd88372e59d7fbcdd79a 0 129221218 1
c0837308bd8bdd88372e59d7fbcdd79a 0 308874929 2
c0837308bd8bdd88372e59d7fbcdd79a 0 86802572 1
c0837308bd8bdd88372e59d7fbcdd79a 0 309769381 2
c0837308bd8bdd88372e59d7fbcdd79a 0 291873421 1
c0837308bd8bdd88372e59d7fbcdd79a 0 310609189 1
c0837308bd8bdd88372e59d7fbcdd79a 0 168915340 1
c0837308bd8bdd88372e59d7fbcdd79a 0 143390009 1
c0837308bd8bdd88372e59d7fbcdd79a 0 314079538 1
c0837308bd8bdd88372e59d7fbcdd79a 0 174705592 1
c0837308bd8bdd88372e59d7fbcdd79a 0 291419813 2
c0837308bd8bdd88372e59d7fbcdd79a 0 157157564 2
c0837308bd8bdd88372e59d7fbcdd79a 0 40001272 0
c0837308bd8bdd88372e59d7fbcdd79a 0 290378271 1
c0837308bd8bdd88372e59d7fbcdd79a 0 71263996 1
c0837308bd8bdd88372e59d7fbcdd79a 0 161266527 1
c0837308bd8bdd88372e59d7fbcdd79a 0 148650936 1
c0837308bd8bdd88372e59d7fbcdd79a 0 293022481 1
c0837308bd8bdd88372e59d7fbcdd79a 0 84258903 2
c0837308bd8bdd88372e59d7fbcdd79a 0 150548636 1
c0837308bd8bdd88372e59d7fbcdd79a 0 310984192 2
c0837308bd8bdd88372e59d7fbcdd79a 0 170948449 1
62dafc92b37e72c39eefa616c12be31d 0 85760780 2
62dafc92b37e72c39eefa616c12be31d 0 290631981 2
62dafc92b37e72c39eefa616c12be31d 0 12269499 2
62dafc92b37e72c39eefa616c12be31d 0 8755884 2
62dafc92b37e72c39eefa616c12be31d 0 8786841 2
62dafc92b37e72c39eefa616c12be31d 0 304501491 1
62dafc92b37e72c39eefa616c12be31d 0 9031666 2
62dafc92b37e72c39eefa616c12be31d 0 40200581 2
62dafc92b37e72c39eefa616c12be31d 0 42495554 2
62dafc92b37e72c39eefa616c12be31d 0 300996467 2
62dafc92b37e72c39eefa616c12be31d 0 164677739 2
62dafc92b37e72c39eefa616c12be31d 0 143270916 2
62dafc92b37e72c39eefa616c12be31d 0 14296193 2
62dafc92b37e72c39eefa616c12be31d 0 49541781 2
62dafc92b37e72c39eefa616c12be31d 0 276329000 2
62dafc92b37e72c39eefa616c12be31d 0 26186467 2
62dafc92b37e72c39eefa616c12be31d 0 26559709 2
62dafc92b37e72c39eefa616c12be31d 0 299520214 2
62dafc92b37e72c39eefa616c12be31d 0 76269817 2
62dafc92b37e72c39eefa616c12be31d 0 304884955 2
62dafc92b37e72c39eefa616c12be31d 0 301684198 2
62dafc92b37e72c39eefa616c12be31d 0 275045128 2
62dafc92b37e72c39eefa616c12be31d 0 26558479 2
62dafc92b37e72c39eefa616c12be31d 0 310928068 2
62dafc92b37e72c39eefa616c12be31d 0 311057312 2
62dafc92b37e72c39eefa616c12be31d 0 305672305 2
c37929083efcca441e978ee27a5ddd7d 0 112447874 2
c37929083efcca441e978ee27a5ddd7d 0 22479704 0
c37929083efcca441e978ee27a5ddd7d 0 306523983 3
c37929083efcca441e978ee27a5ddd7d 0 22477236 0
c37929083efcca441e978ee27a5ddd7d 0 6029019 0
c37929083efcca441e978ee27a5ddd7d 0 122735259 0
c37929083efcca441e978ee27a5ddd7d 0 129604119 0
c37929083efcca441e978ee27a5ddd7d 0 149751245 0
c37929083efcca441e978ee27a5ddd7d 0 46666931 0
c37929083efcca441e978ee27a5ddd7d 0 14000998 2
c37929083efcca441e978ee27a5ddd7d 0 77243570 2
c37929083efcca441e978ee27a5ddd7d 0 58383398 2
c37929083efcca441e978ee27a5ddd7d 0 39636784 2
c37929083efcca441e978ee27a5ddd7d 0 153042333 0
c37929083efcca441e978ee27a5ddd7d 0 77631908 2
c37929083efcca441e978ee27a5ddd7d 0 84879472 0
c37929083efcca441e978ee27a5ddd7d 0 26910590 2
c37929083efcca441e978ee27a5ddd7d 0 66000941 1
c37929083efcca441e978ee27a5ddd7d 0 215102077 2
c37929083efcca441e978ee27a5ddd7d 0 123905945 0
c37929083efcca441e978ee27a5ddd7d 0 152998950 0
c37929083efcca441e978ee27a5ddd7d 0 69823573 0
c37929083efcca441e978ee27a5ddd7d 0 168938965 2
c37929083efcca441e978ee27a5ddd7d 0 46589714 1
c37929083efcca441e978ee27a5ddd7d 0 4519888 1
c37929083efcca441e978ee27a5ddd7d 0 312653054 0
3f0fed6add84b3fa3635f0055e2c8256 0 308831709 0
3f0fed6add84b3fa3635f0055e2c8256 0 148239296 0
3f0fed6add84b3fa3635f0055e2c8256 0 83520568 0
3f0fed6add84b3fa3635f0055e2c8256 0 9124301 0
3f0fed6add84b3fa3635f0055e2c8256 0 275725630 0
3f0fed6add84b3fa3635f0055e2c8256 0 302515576 0
3f0fed6add84b3fa3635f0055e2c8256 0 62564906 0
3f0fed6add84b3fa3635f0055e2c8256 0 289579550 0
3f0fed6add84b3fa3635f0055e2c8256 0 274800321 0
3f0fed6add84b3fa3635f0055e2c8256 0 5428696 0
3f0fed6add84b3fa3635f0055e2c8256 0 62208230 0
3f0fed6add84b3fa3635f0055e2c8256 0 295893640 2
3f0fed6add84b3fa3635f0055e2c8256 0 309817088 2
3f0fed6add84b3fa3635f0055e2c8256 0 3103513 2
3f0fed6add84b3fa3635f0055e2c8256 0 310940333 2
3f0fed6add84b3fa3635f0055e2c8256 0 301683468 0
3f0fed6add84b3fa3635f0055e2c8256 0 289710954 0
3f0fed6add84b3fa3635f0055e2c8256 0 310303349 0
3f0fed6add84b3fa3635f0055e2c8256 0 605651 1
3f0fed6add84b3fa3635f0055e2c8256 0 301750497 2
3f0fed6add84b3fa3635f0055e2c8256 0 304029890 0
3f0fed6add84b3fa3635f0055e2c8256 0 310981242 2
3f0fed6add84b3fa3635f0055e2c8256 0 310984401 2
3f0fed6add84b3fa3635f0055e2c8256 0 149761190 0
3f0fed6add84b3fa3635f0055e2c8256 0 62532697 2
3f0fed6add84b3fa3635f0055e2c8256 0 168019674 0
3f0fed6add84b3fa3635f0055e2c8256 0 310973445 2
3f0fed6add84b3fa3635f0055e2c8256 0 298855954 2
64feabca6fb7b9e7179fbfeed0267727 0 291798038 0
64feabca6fb7b9e7179fbfeed0267727 0 67792827 1
64feabca6fb7b9e7179fbfeed0267727 0 6402564 2
64feabca6fb7b9e7179fbfeed0267727 0 71487314 0
64feabca6fb7b9e7179fbfeed0267727 0 291505562 1
64feabca6fb7b9e7179fbfeed0267727 0 309910638 2
64feabca6fb7b9e7179fbfeed0267727 0 1154692 0
64feabca6fb7b9e7179fbfeed0267727 0 6407184 2
64feabca6fb7b9e7179fbfeed0267727 0 127706748 2
64feabca6fb7b9e7179fbfeed0267727 0 28041433 2
64feabca6fb7b9e7179fbfeed0267727 0 42609288 2
64feabca6fb7b9e7179fbfeed0267727 0 38770143 2
64feabca6fb7b9e7179fbfeed0267727 0 42608842 2
64feabca6fb7b9e7179fbfeed0267727 0 6407136 2
64feabca6fb7b9e7179fbfeed0267727 0 167036746 2
64feabca6fb7b9e7179fbfeed0267727 0 133975096 2
64feabca6fb7b9e7179fbfeed0267727 0 346836 1
64feabca6fb7b9e7179fbfeed0267727 0 2371044 2
aa28db7419d8278e59c479e5a7bded50 0 294344093 1
aa28db7419d8278e59c479e5a7bded50 0 140114480 2
aa28db7419d8278e59c479e5a7bded50 0 164676352 2
aa28db7419d8278e59c479e5a7bded50 0 147022294 2
aa28db7419d8278e59c479e5a7bded50 0 297418864 2
aa28db7419d8278e59c479e5a7bded50 0 137627260 2
aa28db7419d8278e59c479e5a7bded50 0 147740327 2
aa28db7419d8278e59c479e5a7bded50 0 166748712 2
aa28db7419d8278e59c479e5a7bded50 0 160441585 1
aa28db7419d8278e59c479e5a7bded50 0 160332359 2
aa28db7419d8278e59c479e5a7bded50 0 304543755 2
aa28db7419d8278e59c479e5a7bded50 0 39911885 2
aa28db7419d8278e59c479e5a7bded50 0 301793331 1
aa28db7419d8278e59c479e5a7bded50 0 300175199 2
aa28db7419d8278e59c479e5a7bded50 0 302738821 2
aa28db7419d8278e59c479e5a7bded50 0 121619739 2
aa28db7419d8278e59c479e5a7bded50 0 313441538 1
aa28db7419d8278e59c479e5a7bded50 0 303964520 2
aa28db7419d8278e59c479e5a7bded50 0 292649200 2
aa28db7419d8278e59c479e5a7bded50 0 293012529 2
aa28db7419d8278e59c479e5a7bded50 0 294513696 2
aa28db7419d8278e59c479e5a7bded50 0 297943501 2
aa28db7419d8278e59c479e5a7bded50 0 170566440 2
aa28db7419d8278e59c479e5a7bded50 0 304490659 2
b8dff6e4aa9ad336877fdeb9b0625dd7 0 2489805 2
b8dff6e4aa9ad336877fdeb9b0625dd7 0 68167537 2
b8dff6e4aa9ad336877fdeb9b0625dd7 0 123352107 2
b8dff6e4aa9ad336877fdeb9b0625dd7 0 2658987 2
b8dff6e4aa9ad336877fdeb9b0625dd7 0 89606103 2
b8dff6e4aa9ad336877fdeb9b0625dd7 0 2977394 2
b8dff6e4aa9ad336877fdeb9b0625dd7 0 82282916 2
b8dff6e4aa9ad336877fdeb9b0625dd7 0 87084359 2
b8dff6e4aa9ad336877fdeb9b0625dd7 0 3103800 2
b8dff6e4aa9ad336877fdeb9b0625dd7 0 15184128 2
b8dff6e4aa9ad336877fdeb9b0625dd7 0 2524051 2
b8dff6e4aa9ad336877fdeb9b0625dd7 0 2499088 1
b8dff6e4aa9ad336877fdeb9b0625dd7 0 2676528 2
b8dff6e4aa9ad336877fdeb9b0625dd7 0 158330414 2
b8dff6e4aa9ad336877fdeb9b0625dd7 0 158260527 2
b8dff6e4aa9ad336877fdeb9b0625dd7 0 17170334 2
b8dff6e4aa9ad336877fdeb9b0625dd7 0 5603251 2
b8dff6e4aa9ad336877fdeb9b0625dd7 0 2765294 2
b8dff6e4aa9ad336877fdeb9b0625dd7 0 294291323 2
b8dff6e4aa9ad336877fdeb9b0625dd7 0 3160509 1
646ae8ef8356b2e8850daf96e756767c 0 310340781 2
646ae8ef8356b2e8850daf96e756767c 0 304781435 2
646ae8ef8356b2e8850daf96e756767c 0 62532811 2
646ae8ef8356b2e8850daf96e756767c 0 303981301 2
646ae8ef8356b2e8850daf96e756767c 0 85872012 2
646ae8ef8356b2e8850daf96e756767c 0 298104520 2
646ae8ef8356b2e8850daf96e756767c 0 304050827 2
646ae8ef8356b2e8850daf96e756767c 0 300214624 2
646ae8ef8356b2e8850daf96e756767c 0 304737769 2
646ae8ef8356b2e8850daf96e756767c 0 70308092 2
646ae8ef8356b2e8850daf96e756767c 0 19040848 2
646ae8ef8356b2e8850daf96e756767c 0 304991736 2
646ae8ef8356b2e8850daf96e756767c 0 149548800 2
646ae8ef8356b2e8850daf96e756767c 0 19089944 1
646ae8ef8356b2e8850daf96e756767c 0 295434767 2
646ae8ef8356b2e8850daf96e756767c 0 84842052 2
646ae8ef8356b2e8850daf96e756767c 0 275610766 1
646ae8ef8356b2e8850daf96e756767c 0 138556156 2
36e9b1cd1cc8563b3aecb7334486fe94 0 4233796 2
36e9b1cd1cc8563b3aecb7334486fe94 0 2596013 2
36e9b1cd1cc8563b3aecb7334486fe94 0 304480209 2
36e9b1cd1cc8563b3aecb7334486fe94 0 303858435 1
36e9b1cd1cc8563b3aecb7334486fe94 0 2725880 2
36e9b1cd1cc8563b3aecb7334486fe94 0 6789148 2
36e9b1cd1cc8563b3aecb7334486fe94 0 2991238 2
36e9b1cd1cc8563b3aecb7334486fe94 0 2531262 2
36e9b1cd1cc8563b3aecb7334486fe94 0 3107720 2
36e9b1cd1cc8563b3aecb7334486fe94 0 2923980 2
36e9b1cd1cc8563b3aecb7334486fe94 0 268939252 2
36e9b1cd1cc8563b3aecb7334486fe94 0 300878171 2
36e9b1cd1cc8563b3aecb7334486fe94 0 270515 1
36e9b1cd1cc8563b3aecb7334486fe94 0 2519086 2
36e9b1cd1cc8563b3aecb7334486fe94 0 8727130 1
36e9b1cd1cc8563b3aecb7334486fe94 0 4223647 2
36e9b1cd1cc8563b3aecb7334486fe94 0 2472765 2
36e9b1cd1cc8563b3aecb7334486fe94 0 6429696 2
36e9b1cd1cc8563b3aecb7334486fe94 0 3102541 2
36e9b1cd1cc8563b3aecb7334486fe94 0 293799063 2
36e9b1cd1cc8563b3aecb7334486fe94 0 75784316 2
36e9b1cd1cc8563b3aecb7334486fe94 0 2515923 2
36e9b1cd1cc8563b3aecb7334486fe94 0 2800048 2
36e9b1cd1cc8563b3aecb7334486fe94 0 15109597 2
36e9b1cd1cc8563b3aecb7334486fe94 0 2475595 2
a426dd2b70d18bf1cd82f6009baade47 0 171681585 2
a426dd2b70d18bf1cd82f6009baade47 0 291430136 2
a426dd2b70d18bf1cd82f6009baade47 0 157341858 2
a426dd2b70d18bf1cd82f6009baade47 0 302784326 2
a426dd2b70d18bf1cd82f6009baade47 0 40425687 2
a426dd2b70d18bf1cd82f6009baade47 0 4193111 1
a426dd2b70d18bf1cd82f6009baade47 0 148051806 2
a426dd2b70d18bf1cd82f6009baade47 0 51288457 2
a426dd2b70d18bf1cd82f6009baade47 0 296673773 2
a426dd2b70d18bf1cd82f6009baade47 0 5342259 2
a426dd2b70d18bf1cd82f6009baade47 0 142995663 2
a426dd2b70d18bf1cd82f6009baade47 0 52224243 2
a426dd2b70d18bf1cd82f6009baade47 0 17138591 1
a426dd2b70d18bf1cd82f6009baade47 0 145483288 2
a426dd2b70d18bf1cd82f6009baade47 0 5096188 2
a426dd2b70d18bf1cd82f6009baade47 0 77939730 2
a426dd2b70d18bf1cd82f6009baade47 0 152091970 2
a426dd2b70d18bf1cd82f6009baade47 0 67331365 2
a426dd2b70d18bf1cd82f6009baade47 0 14516459 2
a426dd2b70d18bf1cd82f6009baade47 0 42853355 2
5582532037b3bab64a04bee6c580b40a 0 138301049 2
5582532037b3bab64a04bee6c580b40a 0 160089800 2
5582532037b3bab64a04bee6c580b40a 0 169927240 2
5582532037b3bab64a04bee6c580b40a 0 170617326 2
5582532037b3bab64a04bee6c580b40a 0 156574514 2
5582532037b3bab64a04bee6c580b40a 0 304489475 2
5582532037b3bab64a04bee6c580b40a 0 291521640 2
5582532037b3bab64a04bee6c580b40a 0 160187118 2
5582532037b3bab64a04bee6c580b40a 0 148052837 2
5582532037b3bab64a04bee6c580b40a 0 155700890 1
5582532037b3bab64a04bee6c580b40a 0 122403471 2
5582532037b3bab64a04bee6c580b40a 0 169910148 2
5582532037b3bab64a04bee6c580b40a 0 166846413 2
5582532037b3bab64a04bee6c580b40a 0 135338483 2
5582532037b3bab64a04bee6c580b40a 0 299875461 2
5582532037b3bab64a04bee6c580b40a 0 146492143 2
5582532037b3bab64a04bee6c580b40a 0 166749842 2
5582532037b3bab64a04bee6c580b40a 0 297033070 2
5582532037b3bab64a04bee6c580b40a 0 164746815 2
5582532037b3bab64a04bee6c580b40a 0 137210667 2
5582532037b3bab64a04bee6c580b40a 0 160635455 2
5582532037b3bab64a04bee6c580b40a 0 154923381 2
5582532037b3bab64a04bee6c580b40a 0 301564521 2
5582532037b3bab64a04bee6c580b40a 0 46128563 2
5582532037b3bab64a04bee6c580b40a 0 276154631 2
41c05295cab3dfb5bcced7d22851e2f2 0 136468802 2
41c05295cab3dfb5bcced7d22851e2f2 0 291439806 2
41c05295cab3dfb5bcced7d22851e2f2 0 150071706 2
41c05295cab3dfb5bcced7d22851e2f2 0 21201385 2
41c05295cab3dfb5bcced7d22851e2f2 0 301909219 2
41c05295cab3dfb5bcced7d22851e2f2 0 157229198 2
41c05295cab3dfb5bcced7d22851e2f2 0 145578209 2
41c05295cab3dfb5bcced7d22851e2f2 0 27681925 2
41c05295cab3dfb5bcced7d22851e2f2 0 115319369 2
41c05295cab3dfb5bcced7d22851e2f2 0 41209330 2
41c05295cab3dfb5bcced7d22851e2f2 0 303287785 2
41c05295cab3dfb5bcced7d22851e2f2 0 113591881 2
41c05295cab3dfb5bcced7d22851e2f2 0 68161040 2
41c05295cab3dfb5bcced7d22851e2f2 0 300919821 2
41c05295cab3dfb5bcced7d22851e2f2 0 143542491 2
41c05295cab3dfb5bcced7d22851e2f2 0 153422208 2
41c05295cab3dfb5bcced7d22851e2f2 0 134847402 2
41c05295cab3dfb5bcced7d22851e2f2 0 312790037 2
41c05295cab3dfb5bcced7d22851e2f2 0 138165145 2
41c05295cab3dfb5bcced7d22851e2f2 0 41205009 2
41c05295cab3dfb5bcced7d22851e2f2 0 163174775 2
46395a3cf66a9f6a75c89354410d1493 0 303061224 1
46395a3cf66a9f6a75c89354410d1493 0 301842919 2
46395a3cf66a9f6a75c89354410d1493 0 81793665 0
46395a3cf66a9f6a75c89354410d1493 0 309088084 2
46395a3cf66a9f6a75c89354410d1493 0 302040855 0
46395a3cf66a9f6a75c89354410d1493 0 191682451 1
46395a3cf66a9f6a75c89354410d1493 0 301428000 0
46395a3cf66a9f6a75c89354410d1493 0 2808127 1
46395a3cf66a9f6a75c89354410d1493 0 296340545 1
46395a3cf66a9f6a75c89354410d1493 0 313228145 1
46395a3cf66a9f6a75c89354410d1493 0 313860749 1
46395a3cf66a9f6a75c89354410d1493 0 292344535 0
46395a3cf66a9f6a75c89354410d1493 0 295720419 1
46395a3cf66a9f6a75c89354410d1493 0 291398602 1
46395a3cf66a9f6a75c89354410d1493 0 279653067 0
46395a3cf66a9f6a75c89354410d1493 0 289571000 1
46395a3cf66a9f6a75c89354410d1493 0 276263897 1
46395a3cf66a9f6a75c89354410d1493 0 4227124 0
46395a3cf66a9f6a75c89354410d1493 0 301941929 2
46395a3cf66a9f6a75c89354410d1493 0 304729338 1
46395a3cf66a9f6a75c89354410d1493 0 290070907 1
46395a3cf66a9f6a75c89354410d1493 0 2582628 1
46395a3cf66a9f6a75c89354410d1493 0 192180912 0
46395a3cf66a9f6a75c89354410d1493 0 310419502 0
46395a3cf66a9f6a75c89354410d1493 0 303395622 1
46395a3cf66a9f6a75c89354410d1493 0 301686232 1
46395a3cf66a9f6a75c89354410d1493 0 78572730 0
46395a3cf66a9f6a75c89354410d1493 0 302111856 1
46395a3cf66a9f6a75c89354410d1493 0 302016161 1
b934bb2d45228ef6ff2dc8f71688a5ee 0 156946170 1
b934bb2d45228ef6ff2dc8f71688a5ee 0 313672074 0
b934bb2d45228ef6ff2dc8f71688a5ee 0 123404945 0
b934bb2d45228ef6ff2dc8f71688a5ee 0 152417309 0
b934bb2d45228ef6ff2dc8f71688a5ee 0 303994555 0
b934bb2d45228ef6ff2dc8f71688a5ee 0 131204979 0
b934bb2d45228ef6ff2dc8f71688a5ee 0 156982683 0
b934bb2d45228ef6ff2dc8f71688a5ee 0 291461179 0
b934bb2d45228ef6ff2dc8f71688a5ee 0 313510704 0
b934bb2d45228ef6ff2dc8f71688a5ee 0 294450820 0
b934bb2d45228ef6ff2dc8f71688a5ee 0 7036102 0
b934bb2d45228ef6ff2dc8f71688a5ee 0 298278027 0
b934bb2d45228ef6ff2dc8f71688a5ee 0 19213051 0
b934bb2d45228ef6ff2dc8f71688a5ee 0 279660533 0
b934bb2d45228ef6ff2dc8f71688a5ee 0 304220209 0
b934bb2d45228ef6ff2dc8f71688a5ee 0 145725595 0
b934bb2d45228ef6ff2dc8f71688a5ee 0 18680378 0
b934bb2d45228ef6ff2dc8f71688a5ee 0 10992159 0
b934bb2d45228ef6ff2dc8f71688a5ee 0 134093046 0
b934bb2d45228ef6ff2dc8f71688a5ee 0 290975370 0
b934bb2d45228ef6ff2dc8f71688a5ee 0 80510475 0
b934bb2d45228ef6ff2dc8f71688a5ee 0 40030964 0
b934bb2d45228ef6ff2dc8f71688a5ee 0 303049220 0
b934bb2d45228ef6ff2dc8f71688a5ee 0 162410926 0
b934bb2d45228ef6ff2dc8f71688a5ee 0 68548079 0
b934bb2d45228ef6ff2dc8f71688a5ee 0 305567750 2
b934bb2d45228ef6ff2dc8f71688a5ee 0 78346051 0
b934bb2d45228ef6ff2dc8f71688a5ee 0 313672078 0
b934bb2d45228ef6ff2dc8f71688a5ee 0 303066999 0
2b7257cf6ccf44d5a34fcd712e47a23e 0 275717760 0
2b7257cf6ccf44d5a34fcd712e47a23e 0 290974915 0
2b7257cf6ccf44d5a34fcd712e47a23e 0 69995803 0
2b7257cf6ccf44d5a34fcd712e47a23e 0 156946170 0
2b7257cf6ccf44d5a34fcd712e47a23e 0 303559993 0
2b7257cf6ccf44d5a34fcd712e47a23e 0 42867328 1
2b7257cf6ccf44d5a34fcd712e47a23e 0 309904549 0
2b7257cf6ccf44d5a34fcd712e47a23e 0 63073158 1
2b7257cf6ccf44d5a34fcd712e47a23e 0 125999056 0
2b7257cf6ccf44d5a34fcd712e47a23e 0 74709771 1
2b7257cf6ccf44d5a34fcd712e47a23e 0 290977523 0
2b7257cf6ccf44d5a34fcd712e47a23e 0 10287468 1
2b7257cf6ccf44d5a34fcd712e47a23e 0 9128525 0
2b7257cf6ccf44d5a34fcd712e47a23e 0 313691250 0
2b7257cf6ccf44d5a34fcd712e47a23e 0 303559937 0
2b7257cf6ccf44d5a34fcd712e47a23e 0 310875632 0
2b7257cf6ccf44d5a34fcd712e47a23e 0 290977508 0
2b7257cf6ccf44d5a34fcd712e47a23e 0 243692235 0
2b7257cf6ccf44d5a34fcd712e47a23e 0 314835970 1
2b7257cf6ccf44d5a34fcd712e47a23e 0 234629426 0
2b7257cf6ccf44d5a34fcd712e47a23e 0 171800925 0
2b7257cf6ccf44d5a34fcd712e47a23e 0 163396001 0
2b7257cf6ccf44d5a34fcd712e47a23e 0 7084001 0
2b7257cf6ccf44d5a34fcd712e47a23e 0 160188171 0
2b7257cf6ccf44d5a34fcd712e47a23e 0 33890006 0
2b7257cf6ccf44d5a34fcd712e47a23e 0 313693519 0
2b7257cf6ccf44d5a34fcd712e47a23e 0 124879651 0
03a39cb591950eba9e5465e52a9bf84b 0 143551498 1
03a39cb591950eba9e5465e52a9bf84b 0 21013079 0
03a39cb591950eba9e5465e52a9bf84b 0 62051248 2
03a39cb591950eba9e5465e52a9bf84b 0 159449726 2
03a39cb591950eba9e5465e52a9bf84b 0 151600841 2
03a39cb591950eba9e5465e52a9bf84b 0 303109322 2
03a39cb591950eba9e5465e52a9bf84b 0 6365001 2
03a39cb591950eba9e5465e52a9bf84b 0 150068645 2
03a39cb591950eba9e5465e52a9bf84b 0 279726017 2
03a39cb591950eba9e5465e52a9bf84b 0 3147282 2
03a39cb591950eba9e5465e52a9bf84b 0 75198795 2
03a39cb591950eba9e5465e52a9bf84b 0 3014603 2
03a39cb591950eba9e5465e52a9bf84b 0 85859502 2
03a39cb591950eba9e5465e52a9bf84b 0 74683378 2
03a39cb591950eba9e5465e52a9bf84b 0 15109716 0
03a39cb591950eba9e5465e52a9bf84b 0 3034484 2
03a39cb591950eba9e5465e52a9bf84b 0 8015199 2
03a39cb591950eba9e5465e52a9bf84b 0 289707017 2
03a39cb591950eba9e5465e52a9bf84b 0 309536709 2
03a39cb591950eba9e5465e52a9bf84b 0 7793835 2
03a39cb591950eba9e5465e52a9bf84b 0 7794676 2
03a39cb591950eba9e5465e52a9bf84b 0 313085892 2
03a39cb591950eba9e5465e52a9bf84b 0 46398391 2
03a39cb591950eba9e5465e52a9bf84b 0 276220572 2
03a39cb591950eba9e5465e52a9bf84b 0 18458369 2
03a39cb591950eba9e5465e52a9bf84b 0 6289789 2
03a39cb591950eba9e5465e52a9bf84b 0 292699253 2
03a39cb591950eba9e5465e52a9bf84b 0 148008898 2
03a39cb591950eba9e5465e52a9bf84b 0 172670993 2
10473e1ae72fefe5e8d30d34505abd02 0 141958917 2
10473e1ae72fefe5e8d30d34505abd02 0 131078363 2
10473e1ae72fefe5e8d30d34505abd02 0 170284669 2
10473e1ae72fefe5e8d30d34505abd02 0 128977409 2
10473e1ae72fefe5e8d30d34505abd02 0 164502268 1
10473e1ae72fefe5e8d30d34505abd02 0 40372829 2
10473e1ae72fefe5e8d30d34505abd02 0 71402074 2
10473e1ae72fefe5e8d30d34505abd02 0 310965964 2
10473e1ae72fefe5e8d30d34505abd02 0 313545465 2
10473e1ae72fefe5e8d30d34505abd02 0 75059144 2
10473e1ae72fefe5e8d30d34505abd02 0 71268460 1
10473e1ae72fefe5e8d30d34505abd02 0 310973754 2
10473e1ae72fefe5e8d30d34505abd02 0 312252281 1
10473e1ae72fefe5e8d30d34505abd02 0 170378548 2
10473e1ae72fefe5e8d30d34505abd02 0 107270195 2
10473e1ae72fefe5e8d30d34505abd02 0 154125264 2
10473e1ae72fefe5e8d30d34505abd02 0 303213223 2
10473e1ae72fefe5e8d30d34505abd02 0 124899387 2
10473e1ae72fefe5e8d30d34505abd02 0 19197696 2
10473e1ae72fefe5e8d30d34505abd02 0 160477509 1
10473e1ae72fefe5e8d30d34505abd02 0 157877744 1
10473e1ae72fefe5e8d30d34505abd02 0 44739979 2
10473e1ae72fefe5e8d30d34505abd02 0 302146682 2
10473e1ae72fefe5e8d30d34505abd02 0 155646837 2
10473e1ae72fefe5e8d30d34505abd02 0 138189385 1
21cae2e64e92320ca34161360b16d7c7 0 140158622 2
21cae2e64e92320ca34161360b16d7c7 0 297904496 1
21cae2e64e92320ca34161360b16d7c7 0 147776775 0
21cae2e64e92320ca34161360b16d7c7 0 313067720 2
21cae2e64e92320ca34161360b16d7c7 0 120400013 2
21cae2e64e92320ca34161360b16d7c7 0 61598277 2
21cae2e64e92320ca34161360b16d7c7 0 10338899 2
21cae2e64e92320ca34161360b16d7c7 0 127050835 2
21cae2e64e92320ca34161360b16d7c7 0 85608554 2
21cae2e64e92320ca34161360b16d7c7 0 48202980 0
21cae2e64e92320ca34161360b16d7c7 0 60755187 1
21cae2e64e92320ca34161360b16d7c7 0 2265612 2
21cae2e64e92320ca34161360b16d7c7 0 40914952 2
21cae2e64e92320ca34161360b16d7c7 0 10710630 2
21cae2e64e92320ca34161360b16d7c7 0 18708275 2
21cae2e64e92320ca34161360b16d7c7 0 268454 2
21cae2e64e92320ca34161360b16d7c7 0 18706559 2
21cae2e64e92320ca34161360b16d7c7 0 48201155 1
21cae2e64e92320ca34161360b16d7c7 0 8222373 2
21cae2e64e92320ca34161360b16d7c7 0 77844066 1
5de7dd868fe0c5a2930a2ab347ec4fbf 0 149274416 0
5de7dd868fe0c5a2930a2ab347ec4fbf 0 40103284 2
5de7dd868fe0c5a2930a2ab347ec4fbf 0 26942278 2
5de7dd868fe0c5a2930a2ab347ec4fbf 0 131425484 2
5de7dd868fe0c5a2930a2ab347ec4fbf 0 70340656 2
5de7dd868fe0c5a2930a2ab347ec4fbf 0 143280999 2
5de7dd868fe0c5a2930a2ab347ec4fbf 0 47801766 2
5de7dd868fe0c5a2930a2ab347ec4fbf 0 62323748 2
5de7dd868fe0c5a2930a2ab347ec4fbf 0 120386001 2
5de7dd868fe0c5a2930a2ab347ec4fbf 0 149274395 2
5de7dd868fe0c5a2930a2ab347ec4fbf 0 311689548 2
5de7dd868fe0c5a2930a2ab347ec4fbf 0 85168091 2
5de7dd868fe0c5a2930a2ab347ec4fbf 0 301692762 2
5de7dd868fe0c5a2930a2ab347ec4fbf 0 98844258 2
5de7dd868fe0c5a2930a2ab347ec4fbf 0 32872493 2
5de7dd868fe0c5a2930a2ab347ec4fbf 0 28538787 2
5de7dd868fe0c5a2930a2ab347ec4fbf 0 70352083 2
5de7dd868fe0c5a2930a2ab347ec4fbf 0 107273263 2
5de7dd868fe0c5a2930a2ab347ec4fbf 0 148421099 2
5de7dd868fe0c5a2930a2ab347ec4fbf 0 122870150 2
5de7dd868fe0c5a2930a2ab347ec4fbf 0 86833140 2
68c5b9881e6e02e7d8a5bcc996547ef8 0 298355968 2
68c5b9881e6e02e7d8a5bcc996547ef8 0 300174604 2
68c5b9881e6e02e7d8a5bcc996547ef8 0 108109724 0
68c5b9881e6e02e7d8a5bcc996547ef8 0 128983111 2
68c5b9881e6e02e7d8a5bcc996547ef8 0 43255474 0
68c5b9881e6e02e7d8a5bcc996547ef8 0 130218556 2
68c5b9881e6e02e7d8a5bcc996547ef8 0 305749602 2
68c5b9881e6e02e7d8a5bcc996547ef8 0 62532628 2
68c5b9881e6e02e7d8a5bcc996547ef8 0 141033669 2
68c5b9881e6e02e7d8a5bcc996547ef8 0 124880088 2
68c5b9881e6e02e7d8a5bcc996547ef8 0 300630978 2
68c5b9881e6e02e7d8a5bcc996547ef8 0 77866320 2
68c5b9881e6e02e7d8a5bcc996547ef8 0 10723615 2
68c5b9881e6e02e7d8a5bcc996547ef8 0 308824056 1
68c5b9881e6e02e7d8a5bcc996547ef8 0 299597574 2
68c5b9881e6e02e7d8a5bcc996547ef8 0 45480082 2
68c5b9881e6e02e7d8a5bcc996547ef8 0 159430565 1
68c5b9881e6e02e7d8a5bcc996547ef8 0 292790025 2
68c5b9881e6e02e7d8a5bcc996547ef8 0 299808294 2
68c5b9881e6e02e7d8a5bcc996547ef8 0 19189937 2
68c5b9881e6e02e7d8a5bcc996547ef8 0 10723619 2
68c5b9881e6e02e7d8a5bcc996547ef8 0 165147011 2
68c5b9881e6e02e7d8a5bcc996547ef8 0 10723624 2
68c5b9881e6e02e7d8a5bcc996547ef8 0 161267916 2
07951e806894cd18d0b216fb2a7b074b 0 312504016 2
07951e806894cd18d0b216fb2a7b074b 0 3146613 2
07951e806894cd18d0b216fb2a7b074b 0 59754162 1
07951e806894cd18d0b216fb2a7b074b 0 2507130 2
07951e806894cd18d0b216fb2a7b074b 0 8727440 2
07951e806894cd18d0b216fb2a7b074b 0 234848 2
07951e806894cd18d0b216fb2a7b074b 0 6506420 2
07951e806894cd18d0b216fb2a7b074b 0 2685084 2
07951e806894cd18d0b216fb2a7b074b 0 2685700 2
07951e806894cd18d0b216fb2a7b074b 0 308882503 2
07951e806894cd18d0b216fb2a7b074b 0 158268354 1
07951e806894cd18d0b216fb2a7b074b 0 162351931 2
07951e806894cd18d0b216fb2a7b074b 0 166672177 2
07951e806894cd18d0b216fb2a7b074b 0 61751600 1
07951e806894cd18d0b216fb2a7b074b 0 312801136 2
07951e806894cd18d0b216fb2a7b074b 0 41321377 1
07951e806894cd18d0b216fb2a7b074b 0 37951610 1
07951e806894cd18d0b216fb2a7b074b 0 275180699 2
1310f52fce552627d28dad6bd416c05a 0 163218636 2
1310f52fce552627d28dad6bd416c05a 0 163219303 2
1310f52fce552627d28dad6bd416c05a 0 163221640 2
1310f52fce552627d28dad6bd416c05a 0 143547536 2
1310f52fce552627d28dad6bd416c05a 0 34372270 2
1310f52fce552627d28dad6bd416c05a 0 163217436 2
1310f52fce552627d28dad6bd416c05a 0 17830180 2
1310f52fce552627d28dad6bd416c05a 0 85839944 2
1310f52fce552627d28dad6bd416c05a 0 134589168 2
1310f52fce552627d28dad6bd416c05a 0 162382237 2
1310f52fce552627d28dad6bd416c05a 0 150433217 2
1310f52fce552627d28dad6bd416c05a 0 160617203 2
1310f52fce552627d28dad6bd416c05a 0 49716159 2
1310f52fce552627d28dad6bd416c05a 0 150393252 2
1310f52fce552627d28dad6bd416c05a 0 115486913 2
1310f52fce552627d28dad6bd416c05a 0 120398892 2
1310f52fce552627d28dad6bd416c05a 0 19013054 2
1310f52fce552627d28dad6bd416c05a 0 157224126 2
1310f52fce552627d28dad6bd416c05a 0 132539390 2
1310f52fce552627d28dad6bd416c05a 0 153501633 2
1310f52fce552627d28dad6bd416c05a 0 163234236 2
1310f52fce552627d28dad6bd416c05a 0 125244188 2
1310f52fce552627d28dad6bd416c05a 0 57961032 2
1310f52fce552627d28dad6bd416c05a 0 132451266 2
571cf96ace287eefef87b7a670e1ffe7 0 301544326 2
571cf96ace287eefef87b7a670e1ffe7 0 46603050 2
571cf96ace287eefef87b7a670e1ffe7 0 159628088 1
571cf96ace287eefef87b7a670e1ffe7 0 298904098 2
571cf96ace287eefef87b7a670e1ffe7 0 312800661 2
571cf96ace287eefef87b7a670e1ffe7 0 298119932 2
571cf96ace287eefef87b7a670e1ffe7 0 63562784 1
571cf96ace287eefef87b7a670e1ffe7 0 7051160 2
571cf96ace287eefef87b7a670e1ffe7 0 39361808 2
571cf96ace287eefef87b7a670e1ffe7 0 312269433 2
571cf96ace287eefef87b7a670e1ffe7 0 7035203 2
571cf96ace287eefef87b7a670e1ffe7 0 301589035 2
571cf96ace287eefef87b7a670e1ffe7 0 70337181 1
571cf96ace287eefef87b7a670e1ffe7 0 291569480 2
571cf96ace287eefef87b7a670e1ffe7 0 6241119 2
571cf96ace287eefef87b7a670e1ffe7 0 300918402 2
571cf96ace287eefef87b7a670e1ffe7 0 2110658 2
571cf96ace287eefef87b7a670e1ffe7 0 297155009 1
571cf96ace287eefef87b7a670e1ffe7 0 292499388 2
571cf96ace287eefef87b7a670e1ffe7 0 276480088 2
571cf96ace287eefef87b7a670e1ffe7 0 31302823 2
571cf96ace287eefef87b7a670e1ffe7 0 75168965 2
571cf96ace287eefef87b7a670e1ffe7 0 2844183 2
571cf96ace287eefef87b7a670e1ffe7 0 9810834 2
47680f5b63047c2bb768ca68d793d280 0 158739436 2
47680f5b63047c2bb768ca68d793d280 0 86677181 2
47680f5b63047c2bb768ca68d793d280 0 312955906 1
47680f5b63047c2bb768ca68d793d280 0 312031419 1
47680f5b63047c2bb768ca68d793d280 0 274723684 1
47680f5b63047c2bb768ca68d793d280 0 297513804 0
47680f5b63047c2bb768ca68d793d280 0 218627641 1
47680f5b63047c2bb768ca68d793d280 0 166181093 0
47680f5b63047c2bb768ca68d793d280 0 14100988 2
47680f5b63047c2bb768ca68d793d280 0 306849356 1
47680f5b63047c2bb768ca68d793d280 0 128012327 1
47680f5b63047c2bb768ca68d793d280 0 164601352 1
47680f5b63047c2bb768ca68d793d280 0 292954628 1
47680f5b63047c2bb768ca68d793d280 0 296640725 2
47680f5b63047c2bb768ca68d793d280 0 303398461 2
595c6071ed5e951754bce1f117129a8a 0 284859567 2
595c6071ed5e951754bce1f117129a8a 0 289579561 2
595c6071ed5e951754bce1f117129a8a 0 163311567 1
595c6071ed5e951754bce1f117129a8a 0 305640154 2
595c6071ed5e951754bce1f117129a8a 0 152363303 1
595c6071ed5e951754bce1f117129a8a 0 155289260 1
595c6071ed5e951754bce1f117129a8a 0 301347671 2
595c6071ed5e951754bce1f117129a8a 0 294095317 2
595c6071ed5e951754bce1f117129a8a 0 292481305 2
595c6071ed5e951754bce1f117129a8a 0 127581198 2
595c6071ed5e951754bce1f117129a8a 0 292651098 2
595c6071ed5e951754bce1f117129a8a 0 24713522 2
595c6071ed5e951754bce1f117129a8a 0 160946977 1
595c6071ed5e951754bce1f117129a8a 0 11431796 2
595c6071ed5e951754bce1f117129a8a 0 291609146 2
595c6071ed5e951754bce1f117129a8a 0 302049210 2
595c6071ed5e951754bce1f117129a8a 0 46394764 2
595c6071ed5e951754bce1f117129a8a 0 156118371 1
595c6071ed5e951754bce1f117129a8a 0 51418908 2
1263e06c76c430bb56790bf6df4e04d3 0 133000988 2
1263e06c76c430bb56790bf6df4e04d3 0 8868367 2
1263e06c76c430bb56790bf6df4e04d3 0 70313059 2
1263e06c76c430bb56790bf6df4e04d3 0 12005335 1
1263e06c76c430bb56790bf6df4e04d3 0 312625113 2
1263e06c76c430bb56790bf6df4e04d3 0 19032660 2
1263e06c76c430bb56790bf6df4e04d3 0 122524416 2
1263e06c76c430bb56790bf6df4e04d3 0 7564788 2
1263e06c76c430bb56790bf6df4e04d3 0 311315680 1
1263e06c76c430bb56790bf6df4e04d3 0 70309494 2
1263e06c76c430bb56790bf6df4e04d3 0 24999889 1
1263e06c76c430bb56790bf6df4e04d3 0 292065871 2
1263e06c76c430bb56790bf6df4e04d3 0 291150098 2
1263e06c76c430bb56790bf6df4e04d3 0 61588792 2
1263e06c76c430bb56790bf6df4e04d3 0 70339761 2
1263e06c76c430bb56790bf6df4e04d3 0 152630252 2
1263e06c76c430bb56790bf6df4e04d3 0 74697949 1
1263e06c76c430bb56790bf6df4e04d3 0 164795644 2
1263e06c76c430bb56790bf6df4e04d3 0 162726564 2
1263e06c76c430bb56790bf6df4e04d3 0 145727155 1
1263e06c76c430bb56790bf6df4e04d3 0 19898815 2
3ffc45d254ea1c9518f1de5190f85126 0 150958518 2
3ffc45d254ea1c9518f1de5190f85126 0 160090747 1
3ffc45d254ea1c9518f1de5190f85126 0 150921177 2
3ffc45d254ea1c9518f1de5190f85126 0 132314742 2
3ffc45d254ea1c9518f1de5190f85126 0 51799540 1
3ffc45d254ea1c9518f1de5190f85126 0 63055886 2
3ffc45d254ea1c9518f1de5190f85126 0 132543746 2
3ffc45d254ea1c9518f1de5190f85126 0 313863184 1
3ffc45d254ea1c9518f1de5190f85126 0 85235220 2
3ffc45d254ea1c9518f1de5190f85126 0 166790668 0
3ffc45d254ea1c9518f1de5190f85126 0 237217660 2
3ffc45d254ea1c9518f1de5190f85126 0 289764371 2
3ffc45d254ea1c9518f1de5190f85126 0 253387 2
3ffc45d254ea1c9518f1de5190f85126 0 31034600 2
3ffc45d254ea1c9518f1de5190f85126 0 122546754 2
3ffc45d254ea1c9518f1de5190f85126 0 62993493 2
3ffc45d254ea1c9518f1de5190f85126 0 301788567 2
3ffc45d254ea1c9518f1de5190f85126 0 164676960 2
3ffc45d254ea1c9518f1de5190f85126 0 164674617 2
3ffc45d254ea1c9518f1de5190f85126 0 45938442 2
3ffc45d254ea1c9518f1de5190f85126 0 161893565 2
eafd6da36df1482185c6f357d6ad96c9 0 304899849 2
eafd6da36df1482185c6f357d6ad96c9 0 301591477 2
eafd6da36df1482185c6f357d6ad96c9 0 275609871 2
eafd6da36df1482185c6f357d6ad96c9 0 297009797 2
eafd6da36df1482185c6f357d6ad96c9 0 8483968 2
eafd6da36df1482185c6f357d6ad96c9 0 294832160 2
eafd6da36df1482185c6f357d6ad96c9 0 41646672 2
eafd6da36df1482185c6f357d6ad96c9 0 120109251 2
eafd6da36df1482185c6f357d6ad96c9 0 295653933 2
eafd6da36df1482185c6f357d6ad96c9 0 313632083 2
eafd6da36df1482185c6f357d6ad96c9 0 297009792 2
eafd6da36df1482185c6f357d6ad96c9 0 57229832 2
eafd6da36df1482185c6f357d6ad96c9 0 721479 2
eafd6da36df1482185c6f357d6ad96c9 0 292669068 2
eafd6da36df1482185c6f357d6ad96c9 0 312524019 2
eafd6da36df1482185c6f357d6ad96c9 0 308748832 2
eafd6da36df1482185c6f357d6ad96c9 0 256542 1
eafd6da36df1482185c6f357d6ad96c9 0 308353964 2
eafd6da36df1482185c6f357d6ad96c9 0 312110553 2
eafd6da36df1482185c6f357d6ad96c9 0 301424867 2
eafd6da36df1482185c6f357d6ad96c9 0 70414308 2
eafd6da36df1482185c6f357d6ad96c9 0 113597394 2
eafd6da36df1482185c6f357d6ad96c9 0 122566026 2
eafd6da36df1482185c6f357d6ad96c9 0 310980632 1
eafd6da36df1482185c6f357d6ad96c9 0 26257787 2
eafd6da36df1482185c6f357d6ad96c9 0 270941 2
40e9bb99e4c1ce609116b113d9636ee1 0 126172481 2
40e9bb99e4c1ce609116b113d9636ee1 0 33147701 2
40e9bb99e4c1ce609116b113d9636ee1 0 300625403 2
40e9bb99e4c1ce609116b113d9636ee1 0 18942239 1
40e9bb99e4c1ce609116b113d9636ee1 0 168915340 2
40e9bb99e4c1ce609116b113d9636ee1 0 300900643 0
40e9bb99e4c1ce609116b113d9636ee1 0 275700131 2
40e9bb99e4c1ce609116b113d9636ee1 0 169048714 2
40e9bb99e4c1ce609116b113d9636ee1 0 19741007 2
40e9bb99e4c1ce609116b113d9636ee1 0 151614016 2
40e9bb99e4c1ce609116b113d9636ee1 0 174705592 2
40e9bb99e4c1ce609116b113d9636ee1 0 2656309 2
40e9bb99e4c1ce609116b113d9636ee1 0 310720172 2
40e9bb99e4c1ce609116b113d9636ee1 0 36999051 2
40e9bb99e4c1ce609116b113d9636ee1 0 44757267 2
40e9bb99e4c1ce609116b113d9636ee1 0 131323338 2
40e9bb99e4c1ce609116b113d9636ee1 0 17803426 2
40e9bb99e4c1ce609116b113d9636ee1 0 6537693 2
40e9bb99e4c1ce609116b113d9636ee1 0 314662875 1
40e9bb99e4c1ce609116b113d9636ee1 0 57919090 2
40e9bb99e4c1ce609116b113d9636ee1 0 63010817 2
40e9bb99e4c1ce609116b113d9636ee1 0 80787540 2
40e9bb99e4c1ce609116b113d9636ee1 0 155752720 2
40e9bb99e4c1ce609116b113d9636ee1 0 7948388 2
40e9bb99e4c1ce609116b113d9636ee1 0 305137227 2
40e9bb99e4c1ce609116b113d9636ee1 0 124911753 2
aa42e210a361571ff4d1fad892b75d15 0 310815908 1
aa42e210a361571ff4d1fad892b75d15 0 171834480 0
aa42e210a361571ff4d1fad892b75d15 0 311770836 2
aa42e210a361571ff4d1fad892b75d15 0 294854737 2
aa42e210a361571ff4d1fad892b75d15 0 51670681 2
aa42e210a361571ff4d1fad892b75d15 0 9397435 1
aa42e210a361571ff4d1fad892b75d15 0 6510936 2
aa42e210a361571ff4d1fad892b75d15 0 42805570 2
aa42e210a361571ff4d1fad892b75d15 0 37721153 3
aa42e210a361571ff4d1fad892b75d15 0 18942948 1
aa42e210a361571ff4d1fad892b75d15 0 308886136 1
aa42e210a361571ff4d1fad892b75d15 0 80511059 2
aa42e210a361571ff4d1fad892b75d15 0 71369327 1
aa42e210a361571ff4d1fad892b75d15 0 290885547 0
aa42e210a361571ff4d1fad892b75d15 0 2097256 3
aa42e210a361571ff4d1fad892b75d15 0 46604072 1
aa42e210a361571ff4d1fad892b75d15 0 129069362 1
aa42e210a361571ff4d1fad892b75d15 0 291608174 1
aa42e210a361571ff4d1fad892b75d15 0 294505327 1
aa42e210a361571ff4d1fad892b75d15 0 11869709 1
aa42e210a361571ff4d1fad892b75d15 0 38677007 0
aa42e210a361571ff4d1fad892b75d15 0 347130 2
aa42e210a361571ff4d1fad892b75d15 0 303197871 1
aa42e210a361571ff4d1fad892b75d15 0 18062875 0
aa42e210a361571ff4d1fad892b75d15 0 5239701 1
aa42e210a361571ff4d1fad892b75d15 0 308833342 2
da8c3c9c7df80a13224609445d22c4da 0 295763379 2
da8c3c9c7df80a13224609445d22c4da 0 6385507 2
da8c3c9c7df80a13224609445d22c4da 0 155486420 2
da8c3c9c7df80a13224609445d22c4da 0 3000238 1
da8c3c9c7df80a13224609445d22c4da 0 148720204 2
da8c3c9c7df80a13224609445d22c4da 0 62048076 2
da8c3c9c7df80a13224609445d22c4da 0 17594270 2
da8c3c9c7df80a13224609445d22c4da 0 7963202 2
da8c3c9c7df80a13224609445d22c4da 0 24992225 2
da8c3c9c7df80a13224609445d22c4da 0 132926813 2
da8c3c9c7df80a13224609445d22c4da 0 79220849 2
da8c3c9c7df80a13224609445d22c4da 0 125822187 1
da8c3c9c7df80a13224609445d22c4da 0 81705839 2
da8c3c9c7df80a13224609445d22c4da 0 4404816 2
da8c3c9c7df80a13224609445d22c4da 0 303395552 2
da8c3c9c7df80a13224609445d22c4da 0 39475425 2
da8c3c9c7df80a13224609445d22c4da 0 10064013 2
da8c3c9c7df80a13224609445d22c4da 0 173699831 1
da8c3c9c7df80a13224609445d22c4da 0 50791823 2
da8c3c9c7df80a13224609445d22c4da 0 212719 2
da8c3c9c7df80a13224609445d22c4da 0 62631611 2
da8c3c9c7df80a13224609445d22c4da 0 24536555 2
da8c3c9c7df80a13224609445d22c4da 0 121270283 2
da8c3c9c7df80a13224609445d22c4da 0 310270310 2
da8c3c9c7df80a13224609445d22c4da 0 126963929 2
da8c3c9c7df80a13224609445d22c4da 0 310984236 2
da8c3c9c7df80a13224609445d22c4da 0 126165935 2
da8c3c9c7df80a13224609445d22c4da 0 126945078 1
0e843d35dd1893ccc26b00ab27189a4a 0 44673882 2
0e843d35dd1893ccc26b00ab27189a4a 0 310276707 2
0e843d35dd1893ccc26b00ab27189a4a 0 312586754 2
0e843d35dd1893ccc26b00ab27189a4a 0 300357083 1
0e843d35dd1893ccc26b00ab27189a4a 0 232139972 1
0e843d35dd1893ccc26b00ab27189a4a 0 151717105 1
0e843d35dd1893ccc26b00ab27189a4a 0 274852490 1
0e843d35dd1893ccc26b00ab27189a4a 0 173736360 1
0e843d35dd1893ccc26b00ab27189a4a 0 163167422 2
0e843d35dd1893ccc26b00ab27189a4a 0 301545322 2
0e843d35dd1893ccc26b00ab27189a4a 0 311958950 1
0e843d35dd1893ccc26b00ab27189a4a 0 308900362 1
0e843d35dd1893ccc26b00ab27189a4a 0 157824690 1
0e843d35dd1893ccc26b00ab27189a4a 0 291599032 2
0e843d35dd1893ccc26b00ab27189a4a 0 129317519 2
0e843d35dd1893ccc26b00ab27189a4a 0 275681434 2
0e843d35dd1893ccc26b00ab27189a4a 0 291580490 1
0e843d35dd1893ccc26b00ab27189a4a 0 17700547 2
0d058a3a00cb1149857cbb81ae393907 0 276158325 2
0d058a3a00cb1149857cbb81ae393907 0 57625285 2
0d058a3a00cb1149857cbb81ae393907 0 10958565 2
0d058a3a00cb1149857cbb81ae393907 0 65480114 2
0d058a3a00cb1149857cbb81ae393907 0 303401941 2
0d058a3a00cb1149857cbb81ae393907 0 153546526 2
0d058a3a00cb1149857cbb81ae393907 0 57628654 2
0d058a3a00cb1149857cbb81ae393907 0 85977377 2
0d058a3a00cb1149857cbb81ae393907 0 303366152 2
0d058a3a00cb1149857cbb81ae393907 0 57622968 2
0d058a3a00cb1149857cbb81ae393907 0 8100071 2
0d058a3a00cb1149857cbb81ae393907 0 129290070 2
0d058a3a00cb1149857cbb81ae393907 0 146206802 2
0d058a3a00cb1149857cbb81ae393907 0 57074519 2
0d058a3a00cb1149857cbb81ae393907 0 57624099 2
0d058a3a00cb1149857cbb81ae393907 0 303818660 2
0d058a3a00cb1149857cbb81ae393907 0 10908208 2
0d058a3a00cb1149857cbb81ae393907 0 276254380 2
0d058a3a00cb1149857cbb81ae393907 0 4210719 2
0d058a3a00cb1149857cbb81ae393907 0 144279687 2
0d058a3a00cb1149857cbb81ae393907 0 14324893 2
0d058a3a00cb1149857cbb81ae393907 0 59966102 2
0d058a3a00cb1149857cbb81ae393907 0 156607928 2
0d058a3a00cb1149857cbb81ae393907 0 10964003 2
0d058a3a00cb1149857cbb81ae393907 0 122729920 2
763736928f3cb9f3c1154d9f698dcd07 0 298313142 2
763736928f3cb9f3c1154d9f698dcd07 0 305661564 2
763736928f3cb9f3c1154d9f698dcd07 0 274723556 2
763736928f3cb9f3c1154d9f698dcd07 0 304481658 2
763736928f3cb9f3c1154d9f698dcd07 0 289768218 2
763736928f3cb9f3c1154d9f698dcd07 0 17702494 2
763736928f3cb9f3c1154d9f698dcd07 0 36989269 2
763736928f3cb9f3c1154d9f698dcd07 0 6837616 2
763736928f3cb9f3c1154d9f698dcd07 0 13795679 1
763736928f3cb9f3c1154d9f698dcd07 0 174696664 2
763736928f3cb9f3c1154d9f698dcd07 0 131210576 2
763736928f3cb9f3c1154d9f698dcd07 0 309896841 2
763736928f3cb9f3c1154d9f698dcd07 0 78117030 2
763736928f3cb9f3c1154d9f698dcd07 0 301030595 2
763736928f3cb9f3c1154d9f698dcd07 0 274727229 2
763736928f3cb9f3c1154d9f698dcd07 0 165089024 2
763736928f3cb9f3c1154d9f698dcd07 0 275043844 2
763736928f3cb9f3c1154d9f698dcd07 0 62631119 2
763736928f3cb9f3c1154d9f698dcd07 0 290798399 2
763736928f3cb9f3c1154d9f698dcd07 0 30670059 2
763736928f3cb9f3c1154d9f698dcd07 0 85253998 2
763736928f3cb9f3c1154d9f698dcd07 0 4764801 2
763736928f3cb9f3c1154d9f698dcd07 0 4378663 2
763736928f3cb9f3c1154d9f698dcd07 0 5519149 2
763736928f3cb9f3c1154d9f698dcd07 0 2702018 1
763736928f3cb9f3c1154d9f698dcd07 0 303306218 2
763736928f3cb9f3c1154d9f698dcd07 0 303213867 2
763736928f3cb9f3c1154d9f698dcd07 0 6806686 2
763736928f3cb9f3c1154d9f698dcd07 0 39635408 2
2cb72c6bf8046051f3e04155984cc99d 0 291031349 2
2cb72c6bf8046051f3e04155984cc99d 0 304750812 2
2cb72c6bf8046051f3e04155984cc99d 0 50698825 1
2cb72c6bf8046051f3e04155984cc99d 0 291487167 2
2cb72c6bf8046051f3e04155984cc99d 0 161771244 2
2cb72c6bf8046051f3e04155984cc99d 0 40074024 2
2cb72c6bf8046051f3e04155984cc99d 0 155645554 2
2cb72c6bf8046051f3e04155984cc99d 0 152045332 2
2cb72c6bf8046051f3e04155984cc99d 0 145735627 2
2cb72c6bf8046051f3e04155984cc99d 0 33340244 2
2cb72c6bf8046051f3e04155984cc99d 0 49437101 2
2cb72c6bf8046051f3e04155984cc99d 0 313047187 2
2cb72c6bf8046051f3e04155984cc99d 0 171472851 2
2cb72c6bf8046051f3e04155984cc99d 0 158524064 2
2cb72c6bf8046051f3e04155984cc99d 0 33343661 2
2cb72c6bf8046051f3e04155984cc99d 0 64822885 2
2cb72c6bf8046051f3e04155984cc99d 0 44979743 2
2cb72c6bf8046051f3e04155984cc99d 0 292697520 2
2cb72c6bf8046051f3e04155984cc99d 0 10607248 2
2cb72c6bf8046051f3e04155984cc99d 0 298330631 2
2cb72c6bf8046051f3e04155984cc99d 0 19179074 2
2cb72c6bf8046051f3e04155984cc99d 0 136045001 2
5f5bdfe2819916c5252ef19275536204 0 2384054 2
5f5bdfe2819916c5252ef19275536204 0 13793381 2
5f5bdfe2819916c5252ef19275536204 0 24909508 3
5f5bdfe2819916c5252ef19275536204 0 661716 1
5f5bdfe2819916c5252ef19275536204 0 302693108 1
5f5bdfe2819916c5252ef19275536204 0 18054441 1
5f5bdfe2819916c5252ef19275536204 0 863325 2
5f5bdfe2819916c5252ef19275536204 0 298906682 2
5f5bdfe2819916c5252ef19275536204 0 17138302 2
5f5bdfe2819916c5252ef19275536204 0 809232 1
5f5bdfe2819916c5252ef19275536204 0 302673962 2
5f5bdfe2819916c5252ef19275536204 0 1128717 1
5f5bdfe2819916c5252ef19275536204 0 303065058 2
5f5bdfe2819916c5252ef19275536204 0 578482 1
5f5bdfe2819916c5252ef19275536204 0 302057698 2
5f5bdfe2819916c5252ef19275536204 0 18067281 1
5f5bdfe2819916c5252ef19275536204 0 17033720 2
5f5bdfe2819916c5252ef19275536204 0 622457 1
5f5bdfe2819916c5252ef19275536204 0 18037977 2
5f5bdfe2819916c5252ef19275536204 0 169260881 2
867df7f22d5cef910c9c8269e8313ff8 0 302053604 1
867df7f22d5cef910c9c8269e8313ff8 0 305719861 1
867df7f22d5cef910c9c8269e8313ff8 0 284059478 1
867df7f22d5cef910c9c8269e8313ff8 0 41651327 1
867df7f22d5cef910c9c8269e8313ff8 0 30667083 1
867df7f22d5cef910c9c8269e8313ff8 0 298326630 2
867df7f22d5cef910c9c8269e8313ff8 0 140162775 0
867df7f22d5cef910c9c8269e8313ff8 0 299218541 1
867df7f22d5cef910c9c8269e8313ff8 0 312686202 1
867df7f22d5cef910c9c8269e8313ff8 0 301311001 1
867df7f22d5cef910c9c8269e8313ff8 0 307626854 1
867df7f22d5cef910c9c8269e8313ff8 0 308750918 1
867df7f22d5cef910c9c8269e8313ff8 0 175766068 1
867df7f22d5cef910c9c8269e8313ff8 0 292167940 1
867df7f22d5cef910c9c8269e8313ff8 0 291424038 1
867df7f22d5cef910c9c8269e8313ff8 0 300708011 1
867df7f22d5cef910c9c8269e8313ff8 0 2849269 0
867df7f22d5cef910c9c8269e8313ff8 0 160160775 1
867df7f22d5cef910c9c8269e8313ff8 0 309735108 1
867df7f22d5cef910c9c8269e8313ff8 0 310294406 1
867df7f22d5cef910c9c8269e8313ff8 0 305885661 1
867df7f22d5cef910c9c8269e8313ff8 0 309219494 1
867df7f22d5cef910c9c8269e8313ff8 0 303265359 3
867df7f22d5cef910c9c8269e8313ff8 0 289811774 1
867df7f22d5cef910c9c8269e8313ff8 0 305756219 1
867df7f22d5cef910c9c8269e8313ff8 0 304993671 1
32b77e26bf1e161271a79b443af3b421 0 140495193 2
32b77e26bf1e161271a79b443af3b421 0 33525857 2
32b77e26bf1e161271a79b443af3b421 0 304389001 2
32b77e26bf1e161271a79b443af3b421 0 10247311 2
32b77e26bf1e161271a79b443af3b421 0 236809 2
32b77e26bf1e161271a79b443af3b421 0 136026573 2
32b77e26bf1e161271a79b443af3b421 0 59324935 2
32b77e26bf1e161271a79b443af3b421 0 34245265 2
32b77e26bf1e161271a79b443af3b421 0 125153215 1
32b77e26bf1e161271a79b443af3b421 0 90070837 2
32b77e26bf1e161271a79b443af3b421 0 86253745 2
32b77e26bf1e161271a79b443af3b421 0 2445377 1
32b77e26bf1e161271a79b443af3b421 0 162646798 2
32b77e26bf1e161271a79b443af3b421 0 160099390 2
32b77e26bf1e161271a79b443af3b421 0 304389731 2
32b77e26bf1e161271a79b443af3b421 0 305680001 2
32b77e26bf1e161271a79b443af3b421 0 11990387 2
32b77e26bf1e161271a79b443af3b421 0 24944309 1
32b77e26bf1e161271a79b443af3b421 0 45359671 2
32b77e26bf1e161271a79b443af3b421 0 51413970 1
a76f803a54168ee973b5efb8ec3eff57 0 297419745 2
a76f803a54168ee973b5efb8ec3eff57 0 11241935 2
a76f803a54168ee973b5efb8ec3eff57 0 17232559 0
a76f803a54168ee973b5efb8ec3eff57 0 58982383 0
a76f803a54168ee973b5efb8ec3eff57 0 42843822 1
a76f803a54168ee973b5efb8ec3eff57 0 305753220 2
a76f803a54168ee973b5efb8ec3eff57 0 6852322 1
a76f803a54168ee973b5efb8ec3eff57 0 18025562 1
a76f803a54168ee973b5efb8ec3eff57 0 160419619 2
a76f803a54168ee973b5efb8ec3eff57 0 310851349 0
a76f803a54168ee973b5efb8ec3eff57 0 9319609 1
a76f803a54168ee973b5efb8ec3eff57 0 236968502 0
a76f803a54168ee973b5efb8ec3eff57 0 300733349 2
a76f803a54168ee973b5efb8ec3eff57 0 13754717 2
a76f803a54168ee973b5efb8ec3eff57 0 947932 1
a76f803a54168ee973b5efb8ec3eff57 0 42884907 2
a76f803a54168ee973b5efb8ec3eff57 0 275830550 1
a76f803a54168ee973b5efb8ec3eff57 0 561618 1
a76f803a54168ee973b5efb8ec3eff57 0 334727 2
a76f803a54168ee973b5efb8ec3eff57 0 298930095 2
0873d2cffeaaf1b9c45950b0bc9e1b6d 0 161195164 1
0873d2cffeaaf1b9c45950b0bc9e1b6d 0 304835384 1
0873d2cffeaaf1b9c45950b0bc9e1b6d 0 276732258 0
0873d2cffeaaf1b9c45950b0bc9e1b6d 0 150468985 1
0873d2cffeaaf1b9c45950b0bc9e1b6d 0 309950484 2
0873d2cffeaaf1b9c45950b0bc9e1b6d 0 298722758 1
0873d2cffeaaf1b9c45950b0bc9e1b6d 0 310749670 2
0873d2cffeaaf1b9c45950b0bc9e1b6d 0 300361332 2
0873d2cffeaaf1b9c45950b0bc9e1b6d 0 302975051 2
0873d2cffeaaf1b9c45950b0bc9e1b6d 0 305013208 2
0873d2cffeaaf1b9c45950b0bc9e1b6d 0 276732253 1
0873d2cffeaaf1b9c45950b0bc9e1b6d 0 301932519 2
0873d2cffeaaf1b9c45950b0bc9e1b6d 0 160708376 1
0873d2cffeaaf1b9c45950b0bc9e1b6d 0 304595062 2
0873d2cffeaaf1b9c45950b0bc9e1b6d 0 172759048 1
0873d2cffeaaf1b9c45950b0bc9e1b6d 0 158170496 1
0873d2cffeaaf1b9c45950b0bc9e1b6d 0 290884322 1
0873d2cffeaaf1b9c45950b0bc9e1b6d 0 152353446 1
0873d2cffeaaf1b9c45950b0bc9e1b6d 0 308870895 2
0873d2cffeaaf1b9c45950b0bc9e1b6d 0 292324408 1
0873d2cffeaaf1b9c45950b0bc9e1b6d 0 292324411 0
0873d2cffeaaf1b9c45950b0bc9e1b6d 0 126813858 2
0873d2cffeaaf1b9c45950b0bc9e1b6d 0 4064496 1
0873d2cffeaaf1b9c45950b0bc9e1b6d 0 302160118 2
0873d2cffeaaf1b9c45950b0bc9e1b6d 0 79384543 2
2cf744fb83444209c7ed37c31bb7ce04 0 294277183 2
2cf744fb83444209c7ed37c31bb7ce04 0 81532597 2
2cf744fb83444209c7ed37c31bb7ce04 0 69961965 2
2cf744fb83444209c7ed37c31bb7ce04 0 298359562 2
2cf744fb83444209c7ed37c31bb7ce04 0 168019543 2
2cf744fb83444209c7ed37c31bb7ce04 0 33912533 2
2cf744fb83444209c7ed37c31bb7ce04 0 70999074 2
2cf744fb83444209c7ed37c31bb7ce04 0 289492526 2
2cf744fb83444209c7ed37c31bb7ce04 0 69788798 2
2cf744fb83444209c7ed37c31bb7ce04 0 68223038 2
2cf744fb83444209c7ed37c31bb7ce04 0 46592885 2
2cf744fb83444209c7ed37c31bb7ce04 0 84458489 2
2cf744fb83444209c7ed37c31bb7ce04 0 68448879 2
2cf744fb83444209c7ed37c31bb7ce04 0 19030552 2
2cf744fb83444209c7ed37c31bb7ce04 0 46620009 2
2cf744fb83444209c7ed37c31bb7ce04 0 31010068 2
2cf744fb83444209c7ed37c31bb7ce04 0 62320888 2
2cf744fb83444209c7ed37c31bb7ce04 0 132605921 2
2cf744fb83444209c7ed37c31bb7ce04 0 45991730 2
2cf744fb83444209c7ed37c31bb7ce04 0 10993201 2
2cf744fb83444209c7ed37c31bb7ce04 0 75551428 2
2cf744fb83444209c7ed37c31bb7ce04 0 162619676 2
2cf744fb83444209c7ed37c31bb7ce04 0 295744143 2
533ebe54d99e8c5e2feea55299c0f3ef 0 85862670 1
533ebe54d99e8c5e2feea55299c0f3ef 0 9069482 2
533ebe54d99e8c5e2feea55299c0f3ef 0 6807240 1
533ebe54d99e8c5e2feea55299c0f3ef 0 313632498 0
533ebe54d99e8c5e2feea55299c0f3ef 0 44656141 1
533ebe54d99e8c5e2feea55299c0f3ef 0 308830954 1
533ebe54d99e8c5e2feea55299c0f3ef 0 275862318 1
533ebe54d99e8c5e2feea55299c0f3ef 0 291377404 0
533ebe54d99e8c5e2feea55299c0f3ef 0 299611945 2
533ebe54d99e8c5e2feea55299c0f3ef 0 161963392 0
533ebe54d99e8c5e2feea55299c0f3ef 0 304783107 1
533ebe54d99e8c5e2feea55299c0f3ef 0 309292070 2
533ebe54d99e8c5e2feea55299c0f3ef 0 308771914 2
533ebe54d99e8c5e2feea55299c0f3ef 0 293720513 2
533ebe54d99e8c5e2feea55299c0f3ef 0 140434820 1
533ebe54d99e8c5e2feea55299c0f3ef 0 39384008 2
533ebe54d99e8c5e2feea55299c0f3ef 0 24704032 1
533ebe54d99e8c5e2feea55299c0f3ef 0 303370311 0
533ebe54d99e8c5e2feea55299c0f3ef 0 304530354 1
533ebe54d99e8c5e2feea55299c0f3ef 0 291424537 1
533ebe54d99e8c5e2feea55299c0f3ef 0 304600057 1
533ebe54d99e8c5e2feea55299c0f3ef 0 291802541 2
533ebe54d99e8c5e2feea55299c0f3ef 0 291403638 1
533ebe54d99e8c5e2feea55299c0f3ef 0 296869811 0
533ebe54d99e8c5e2feea55299c0f3ef 0 304359910 1
533ebe54d99e8c5e2feea55299c0f3ef 0 297427666 1
533ebe54d99e8c5e2feea55299c0f3ef 0 302979280 0
533ebe54d99e8c5e2feea55299c0f3ef 0 295967061 1
e488973389507903bf51865953b4ef5a 0 300883300 2
e488973389507903bf51865953b4ef5a 0 18609925 2
e488973389507903bf51865953b4ef5a 0 11913502 2
e488973389507903bf51865953b4ef5a 0 2092738 2
e488973389507903bf51865953b4ef5a 0 258467 2
e488973389507903bf51865953b4ef5a 0 4871566 2
e488973389507903bf51865953b4ef5a 0 2648360 2
e488973389507903bf51865953b4ef5a 0 17543443 2
e488973389507903bf51865953b4ef5a 0 32971959 2
e488973389507903bf51865953b4ef5a 0 943428 1
e488973389507903bf51865953b4ef5a 0 293024022 1
e488973389507903bf51865953b4ef5a 0 303761963 2
e488973389507903bf51865953b4ef5a 0 289842922 2
e488973389507903bf51865953b4ef5a 0 409634 2
e488973389507903bf51865953b4ef5a 0 275796760 2
e488973389507903bf51865953b4ef5a 0 302195843 2
e488973389507903bf51865953b4ef5a 0 289842376 2
e488973389507903bf51865953b4ef5a 0 301764587 2
e488973389507903bf51865953b4ef5a 0 158389570 2
e488973389507903bf51865953b4ef5a 0 301772146 2
e488973389507903bf51865953b4ef5a 0 308758365 2
e488973389507903bf51865953b4ef5a 0 279656371 1
e488973389507903bf51865953b4ef5a 0 274812899 2
e488973389507903bf51865953b4ef5a 0 299702921 2
e488973389507903bf51865953b4ef5a 0 2486281 1
96e66663ce960b769e24fd67d2407899 0 302848067 2
96e66663ce960b769e24fd67d2407899 0 156686126 2
96e66663ce960b769e24fd67d2407899 0 302918869 2
96e66663ce960b769e24fd67d2407899 0 155119827 0
96e66663ce960b769e24fd67d2407899 0 45225622 2
96e66663ce960b769e24fd67d2407899 0 10730140 0
96e66663ce960b769e24fd67d2407899 0 293783852 2
96e66663ce960b769e24fd67d2407899 0 28043936 2
96e66663ce960b769e24fd67d2407899 0 295611896 2
96e66663ce960b769e24fd67d2407899 0 44684889 2
96e66663ce960b769e24fd67d2407899 0 276513045 2
96e66663ce960b769e24fd67d2407899 0 76720674 2
96e66663ce960b769e24fd67d2407899 0 46864800 2
96e66663ce960b769e24fd67d2407899 0 235079173 2
96e66663ce960b769e24fd67d2407899 0 305366720 2
96e66663ce960b769e24fd67d2407899 0 11022380 1
96e66663ce960b769e24fd67d2407899 0 10129210 2
96e66663ce960b769e24fd67d2407899 0 289766529 2
96e66663ce960b769e24fd67d2407899 0 164443272 2
96e66663ce960b769e24fd67d2407899 0 294895389 2
96e66663ce960b769e24fd67d2407899 0 46398941 2
96e66663ce960b769e24fd67d2407899 0 42516214 2
96e66663ce960b769e24fd67d2407899 0 292468118 2
96e66663ce960b769e24fd67d2407899 0 303994743 2
96e66663ce960b769e24fd67d2407899 0 295977382 2
c946b96eba4e2d1bca272fa87710e779 0 37943513 2
c946b96eba4e2d1bca272fa87710e779 0 7106018 1
c946b96eba4e2d1bca272fa87710e779 0 28482560 2
c946b96eba4e2d1bca272fa87710e779 0 113892302 2
c946b96eba4e2d1bca272fa87710e779 0 28480998 2
c946b96eba4e2d1bca272fa87710e779 0 15192651 2
c946b96eba4e2d1bca272fa87710e779 0 109895544 2
c946b96eba4e2d1bca272fa87710e779 0 28481430 2
c946b96eba4e2d1bca272fa87710e779 0 33936631 2
c946b96eba4e2d1bca272fa87710e779 0 15497317 2
c946b96eba4e2d1bca272fa87710e779 0 46461490 2
c946b96eba4e2d1bca272fa87710e779 0 7624233 0
c946b96eba4e2d1bca272fa87710e779 0 33963572 2
c946b96eba4e2d1bca272fa87710e779 0 46424198 2
c946b96eba4e2d1bca272fa87710e779 0 2513852 2
c946b96eba4e2d1bca272fa87710e779 0 5606018 2
c946b96eba4e2d1bca272fa87710e779 0 28463543 2
c946b96eba4e2d1bca272fa87710e779 0 22441707 2
c946b96eba4e2d1bca272fa87710e779 0 37041591 2
d5406a38d6a2888c5086a790232c5615 0 148239302 2
d5406a38d6a2888c5086a790232c5615 0 292431202 2
d5406a38d6a2888c5086a790232c5615 0 172766750 2
d5406a38d6a2888c5086a790232c5615 0 162617141 2
d5406a38d6a2888c5086a790232c5615 0 2702959 0
d5406a38d6a2888c5086a790232c5615 0 313263587 2
d5406a38d6a2888c5086a790232c5615 0 232632501 2
d5406a38d6a2888c5086a790232c5615 0 2690128 2
d5406a38d6a2888c5086a790232c5615 0 8037110 2
d5406a38d6a2888c5086a790232c5615 0 2599276 1
d5406a38d6a2888c5086a790232c5615 0 302785116 2
d5406a38d6a2888c5086a790232c5615 0 294234225 2
d5406a38d6a2888c5086a790232c5615 0 36984393 1
d5406a38d6a2888c5086a790232c5615 0 289768871 2
d5406a38d6a2888c5086a790232c5615 0 85398003 1
d5406a38d6a2888c5086a790232c5615 0 15108856 2
d5406a38d6a2888c5086a790232c5615 0 302819285 2
d5406a38d6a2888c5086a790232c5615 0 304444953 2
d5406a38d6a2888c5086a790232c5615 0 160707795 2
d5406a38d6a2888c5086a790232c5615 0 71404331 2
d5406a38d6a2888c5086a790232c5615 0 132321525 2
d5406a38d6a2888c5086a790232c5615 0 2731813 2
d5406a38d6a2888c5086a790232c5615 0 2468394 2
d5406a38d6a2888c5086a790232c5615 0 227978770 2
d5406a38d6a2888c5086a790232c5615 0 274818277 2
d5406a38d6a2888c5086a790232c5615 0 2919432 0
d5406a38d6a2888c5086a790232c5615 0 306562021 2
be9f4fce98c08e07a1031021aeba3c82 0 138053421 2
be9f4fce98c08e07a1031021aeba3c82 0 65485891 2
be9f4fce98c08e07a1031021aeba3c82 0 108812633 2
be9f4fce98c08e07a1031021aeba3c82 0 292927188 2
be9f4fce98c08e07a1031021aeba3c82 0 290904308 2
be9f4fce98c08e07a1031021aeba3c82 0 295985085 2
be9f4fce98c08e07a1031021aeba3c82 0 150255280 2
be9f4fce98c08e07a1031021aeba3c82 0 168555696 2
be9f4fce98c08e07a1031021aeba3c82 0 149947811 2
be9f4fce98c08e07a1031021aeba3c82 0 163076648 2
be9f4fce98c08e07a1031021aeba3c82 0 161527311 2
be9f4fce98c08e07a1031021aeba3c82 0 161797499 2
be9f4fce98c08e07a1031021aeba3c82 0 248694502 2
be9f4fce98c08e07a1031021aeba3c82 0 40102745 2
be9f4fce98c08e07a1031021aeba3c82 0 40060137 2
be9f4fce98c08e07a1031021aeba3c82 0 44764930 2
be9f4fce98c08e07a1031021aeba3c82 0 155040379 2
be9f4fce98c08e07a1031021aeba3c82 0 75776538 2
be9f4fce98c08e07a1031021aeba3c82 0 28658120 2
be9f4fce98c08e07a1031021aeba3c82 0 89625885 2
be9f4fce98c08e07a1031021aeba3c82 0 112502606 2
be9f4fce98c08e07a1031021aeba3c82 0 289673252 2
be9f4fce98c08e07a1031021aeba3c82 0 160655332 2
be9f4fce98c08e07a1031021aeba3c82 0 71407361 2
be9f4fce98c08e07a1031021aeba3c82 0 161900616 1
be9f4fce98c08e07a1031021aeba3c82 0 305562393 2
14c1299a83cea722c7667945a74e0ec3 0 168224945 2
14c1299a83cea722c7667945a74e0ec3 0 67581901 2
14c1299a83cea722c7667945a74e0ec3 0 127227018 2
14c1299a83cea722c7667945a74e0ec3 0 65796563 2
14c1299a83cea722c7667945a74e0ec3 0 164661508 2
14c1299a83cea722c7667945a74e0ec3 0 9553144 2
14c1299a83cea722c7667945a74e0ec3 0 84135147 1
14c1299a83cea722c7667945a74e0ec3 0 106015792 2
14c1299a83cea722c7667945a74e0ec3 0 69816450 2
14c1299a83cea722c7667945a74e0ec3 0 161898104 2
14c1299a83cea722c7667945a74e0ec3 0 27743549 2
14c1299a83cea722c7667945a74e0ec3 0 313485863 2
14c1299a83cea722c7667945a74e0ec3 0 83921398 2
14c1299a83cea722c7667945a74e0ec3 0 132540300 1
d7121387aa077f9d346a6b5a0378e5c6 0 129529354 2
d7121387aa077f9d346a6b5a0378e5c6 0 299290857 2
d7121387aa077f9d346a6b5a0378e5c6 0 299878403 2
d7121387aa077f9d346a6b5a0378e5c6 0 132663307 2
d7121387aa077f9d346a6b5a0378e5c6 0 313325596 2
d7121387aa077f9d346a6b5a0378e5c6 0 155134006 1
d7121387aa077f9d346a6b5a0378e5c6 0 290089898 2
d7121387aa077f9d346a6b5a0378e5c6 0 136065883 2
d7121387aa077f9d346a6b5a0378e5c6 0 46723249 1
d7121387aa077f9d346a6b5a0378e5c6 0 31004377 2
d7121387aa077f9d346a6b5a0378e5c6 0 297938893 2
d7121387aa077f9d346a6b5a0378e5c6 0 191679660 2
d7121387aa077f9d346a6b5a0378e5c6 0 153464965 2
d7121387aa077f9d346a6b5a0378e5c6 0 71854808 2
d7121387aa077f9d346a6b5a0378e5c6 0 37263477 2
d7121387aa077f9d346a6b5a0378e5c6 0 301699269 2
d7121387aa077f9d346a6b5a0378e5c6 0 62441957 2
d7121387aa077f9d346a6b5a0378e5c6 0 304748697 2
d7121387aa077f9d346a6b5a0378e5c6 0 279665178 2
d7121387aa077f9d346a6b5a0378e5c6 0 303965543 2
d7121387aa077f9d346a6b5a0378e5c6 0 289579539 2
d7121387aa077f9d346a6b5a0378e5c6 0 172766804 2
d7121387aa077f9d346a6b5a0378e5c6 0 298310776 2
d7121387aa077f9d346a6b5a0378e5c6 0 26201981 2
b487748cc8000635fd861f04743ab18b 0 313083984 2
b487748cc8000635fd861f04743ab18b 0 294513870 1
b487748cc8000635fd861f04743ab18b 0 166749958 1
b487748cc8000635fd861f04743ab18b 0 8581755 1
b487748cc8000635fd861f04743ab18b 0 275337451 1
b487748cc8000635fd861f04743ab18b 0 157152250 1
b487748cc8000635fd861f04743ab18b 0 268790997 1
b487748cc8000635fd861f04743ab18b 0 152711672 1
b487748cc8000635fd861f04743ab18b 0 8578031 2
b487748cc8000635fd861f04743ab18b 0 139859324 1
b487748cc8000635fd861f04743ab18b 0 311518528 1
b487748cc8000635fd861f04743ab18b 0 74727105 1
b487748cc8000635fd861f04743ab18b 0 169910995 2
b487748cc8000635fd861f04743ab18b 0 17811871 1
b487748cc8000635fd861f04743ab18b 0 164659773 1
b487748cc8000635fd861f04743ab18b 0 8578224 1
b487748cc8000635fd861f04743ab18b 0 304107932 1
b487748cc8000635fd861f04743ab18b 0 8576879 1
b487748cc8000635fd861f04743ab18b 0 8575733 1
b487748cc8000635fd861f04743ab18b 0 8582718 1
b487748cc8000635fd861f04743ab18b 0 156694437 2
b487748cc8000635fd861f04743ab18b 0 311528658 2
b487748cc8000635fd861f04743ab18b 0 302870680 1
b487748cc8000635fd861f04743ab18b 0 56343726 1
fb08c8d1e8056912964b802d33419dc0 0 304492007 2
fb08c8d1e8056912964b802d33419dc0 0 164422775 2
fb08c8d1e8056912964b802d33419dc0 0 297201689 2
fb08c8d1e8056912964b802d33419dc0 0 86036148 2
fb08c8d1e8056912964b802d33419dc0 0 75911524 2
fb08c8d1e8056912964b802d33419dc0 0 296733961 2
fb08c8d1e8056912964b802d33419dc0 0 292343480 2
fb08c8d1e8056912964b802d33419dc0 0 298314409 2
fb08c8d1e8056912964b802d33419dc0 0 234245 2
fb08c8d1e8056912964b802d33419dc0 0 251578 2
fb08c8d1e8056912964b802d33419dc0 0 69291129 2
fb08c8d1e8056912964b802d33419dc0 0 293812386 2
fb08c8d1e8056912964b802d33419dc0 0 9983502 2
fb08c8d1e8056912964b802d33419dc0 0 44756559 2
fb08c8d1e8056912964b802d33419dc0 0 70354166 2
fb08c8d1e8056912964b802d33419dc0 0 44149217 2
fb08c8d1e8056912964b802d33419dc0 0 151501401 2
fb08c8d1e8056912964b802d33419dc0 0 268597088 2
fb08c8d1e8056912964b802d33419dc0 0 310618123 2
fb08c8d1e8056912964b802d33419dc0 0 2514007 1
fb08c8d1e8056912964b802d33419dc0 0 127398747 2
fb08c8d1e8056912964b802d33419dc0 0 145047528 2
fb08c8d1e8056912964b802d33419dc0 0 313473119 2
ddc6aa40837e166470aa10b3679690b1 0 293359576 2
ddc6aa40837e166470aa10b3679690b1 0 85235559 2
ddc6aa40837e166470aa10b3679690b1 0 291485190 2
ddc6aa40837e166470aa10b3679690b1 0 85863164 2
ddc6aa40837e166470aa10b3679690b1 0 231047326 2
ddc6aa40837e166470aa10b3679690b1 0 85858106 1
ddc6aa40837e166470aa10b3679690b1 0 293359027 2
ddc6aa40837e166470aa10b3679690b1 0 303968919 2
ddc6aa40837e166470aa10b3679690b1 0 299242246 2
ddc6aa40837e166470aa10b3679690b1 0 305751761 2
ddc6aa40837e166470aa10b3679690b1 0 78765722 2
ddc6aa40837e166470aa10b3679690b1 0 7101535 2
ddc6aa40837e166470aa10b3679690b1 0 279656588 2
ddc6aa40837e166470aa10b3679690b1 0 290953135 2
ddc6aa40837e166470aa10b3679690b1 0 50727180 1
ddc6aa40837e166470aa10b3679690b1 0 1170296 2
ddc6aa40837e166470aa10b3679690b1 0 161348980 2
ddc6aa40837e166470aa10b3679690b1 0 308892550 2
ddc6aa40837e166470aa10b3679690b1 0 275747046 2
ddc6aa40837e166470aa10b3679690b1 0 308817725 2
ddc6aa40837e166470aa10b3679690b1 0 298666890 2
ddc6aa40837e166470aa10b3679690b1 0 71478740 2
ddc6aa40837e166470aa10b3679690b1 0 33132505 2
ddc6aa40837e166470aa10b3679690b1 0 302439191 2
ddc6aa40837e166470aa10b3679690b1 0 9088669 1
d758afb29213ad1c04bf53c7bda2a3ad 0 9112944 0
d758afb29213ad1c04bf53c7bda2a3ad 0 17765314 1
d758afb29213ad1c04bf53c7bda2a3ad 0 9445045 1
d758afb29213ad1c04bf53c7bda2a3ad 0 48211371 2
d758afb29213ad1c04bf53c7bda2a3ad 0 8292080 0
d758afb29213ad1c04bf53c7bda2a3ad 0 290304185 0
d758afb29213ad1c04bf53c7bda2a3ad 0 157173403 0
d758afb29213ad1c04bf53c7bda2a3ad 0 157173402 1
d758afb29213ad1c04bf53c7bda2a3ad 0 19057618 1
d758afb29213ad1c04bf53c7bda2a3ad 0 170263180 1
d758afb29213ad1c04bf53c7bda2a3ad 0 10363060 1
d758afb29213ad1c04bf53c7bda2a3ad 0 68397974 1
d758afb29213ad1c04bf53c7bda2a3ad 0 66964492 0
d758afb29213ad1c04bf53c7bda2a3ad 0 305437138 1
d758afb29213ad1c04bf53c7bda2a3ad 0 68561238 1
d758afb29213ad1c04bf53c7bda2a3ad 0 8427787 0
35ed7fb79fbf9d4499b0d47028fa39d8 0 174855083 3
35ed7fb79fbf9d4499b0d47028fa39d8 0 25736906 1
35ed7fb79fbf9d4499b0d47028fa39d8 0 308103925 1
35ed7fb79fbf9d4499b0d47028fa39d8 0 305599294 0
35ed7fb79fbf9d4499b0d47028fa39d8 0 18680151 0
35ed7fb79fbf9d4499b0d47028fa39d8 0 291191729 1
35ed7fb79fbf9d4499b0d47028fa39d8 0 19438510 1
35ed7fb79fbf9d4499b0d47028fa39d8 0 883369 1
35ed7fb79fbf9d4499b0d47028fa39d8 0 5109272 1
35ed7fb79fbf9d4499b0d47028fa39d8 0 17133905 0
35ed7fb79fbf9d4499b0d47028fa39d8 0 175692237 1
35ed7fb79fbf9d4499b0d47028fa39d8 0 305250718 1
35ed7fb79fbf9d4499b0d47028fa39d8 0 289769919 0
35ed7fb79fbf9d4499b0d47028fa39d8 0 311144544 2
35ed7fb79fbf9d4499b0d47028fa39d8 0 28967435 0
35ed7fb79fbf9d4499b0d47028fa39d8 0 160440971 0
35ed7fb79fbf9d4499b0d47028fa39d8 0 303217643 0
35ed7fb79fbf9d4499b0d47028fa39d8 0 28948766 0
35ed7fb79fbf9d4499b0d47028fa39d8 0 43648632 1
35ed7fb79fbf9d4499b0d47028fa39d8 0 337221 3
35ed7fb79fbf9d4499b0d47028fa39d8 0 303776019 1
35ed7fb79fbf9d4499b0d47028fa39d8 0 148435187 1
35ed7fb79fbf9d4499b0d47028fa39d8 0 18949338 0
35ed7fb79fbf9d4499b0d47028fa39d8 0 293423757 1
35ed7fb79fbf9d4499b0d47028fa39d8 0 43615474 1
35ed7fb79fbf9d4499b0d47028fa39d8 0 305292066 0
c9b997d3c4f61be186e26b3b6a962c41 0 301433552 2
c9b997d3c4f61be186e26b3b6a962c41 0 127707825 2
c9b997d3c4f61be186e26b3b6a962c41 0 137602643 2
c9b997d3c4f61be186e26b3b6a962c41 0 10346150 2
c9b997d3c4f61be186e26b3b6a962c41 0 310417631 2
c9b997d3c4f61be186e26b3b6a962c41 0 156547834 2
c9b997d3c4f61be186e26b3b6a962c41 0 44703699 2
c9b997d3c4f61be186e26b3b6a962c41 0 126749611 2
c9b997d3c4f61be186e26b3b6a962c41 0 308751397 2
c9b997d3c4f61be186e26b3b6a962c41 0 138557299 2
c9b997d3c4f61be186e26b3b6a962c41 0 100359665 2
c9b997d3c4f61be186e26b3b6a962c41 0 25028507 2
c9b997d3c4f61be186e26b3b6a962c41 0 313557670 2
c9b997d3c4f61be186e26b3b6a962c41 0 51738884 2
c9b997d3c4f61be186e26b3b6a962c41 0 478191 2
c9b997d3c4f61be186e26b3b6a962c41 0 74523185 2
c9b997d3c4f61be186e26b3b6a962c41 0 74523175 2
c9b997d3c4f61be186e26b3b6a962c41 0 296170306 2
c9b997d3c4f61be186e26b3b6a962c41 0 40457371 2
c9b997d3c4f61be186e26b3b6a962c41 0 123386494 2
c9b997d3c4f61be186e26b3b6a962c41 0 276241700 2
c9b997d3c4f61be186e26b3b6a962c41 0 11172505 2
c9b997d3c4f61be186e26b3b6a962c41 0 309642128 2
484c205a0cae4fc47f5fed10f6bff419 0 50340723 1
484c205a0cae4fc47f5fed10f6bff419 0 86017117 2
484c205a0cae4fc47f5fed10f6bff419 0 77842145 1
484c205a0cae4fc47f5fed10f6bff419 0 11439357 2
484c205a0cae4fc47f5fed10f6bff419 0 160748163 1
484c205a0cae4fc47f5fed10f6bff419 0 43525084 2
484c205a0cae4fc47f5fed10f6bff419 0 4839841 1
484c205a0cae4fc47f5fed10f6bff419 0 290857924 2
484c205a0cae4fc47f5fed10f6bff419 0 274842295 2
484c205a0cae4fc47f5fed10f6bff419 0 63202946 1
484c205a0cae4fc47f5fed10f6bff419 0 162944680 2
484c205a0cae4fc47f5fed10f6bff419 0 121314849 1
484c205a0cae4fc47f5fed10f6bff419 0 304355889 1
484c205a0cae4fc47f5fed10f6bff419 0 26881734 1
484c205a0cae4fc47f5fed10f6bff419 0 39738733 1
484c205a0cae4fc47f5fed10f6bff419 0 138207088 2
484c205a0cae4fc47f5fed10f6bff419 0 5180688 2
484c205a0cae4fc47f5fed10f6bff419 0 86017048 2
6f347087b3fc0b15bac5003d0b60bfb3 0 308881158 2
6f347087b3fc0b15bac5003d0b60bfb3 0 2730191 0
6f347087b3fc0b15bac5003d0b60bfb3 0 298669961 2
6f347087b3fc0b15bac5003d0b60bfb3 0 312412210 2
6f347087b3fc0b15bac5003d0b60bfb3 0 109744050 0
6f347087b3fc0b15bac5003d0b60bfb3 0 302099060 2
6f347087b3fc0b15bac5003d0b60bfb3 0 77863196 0
6f347087b3fc0b15bac5003d0b60bfb3 0 2997590 0
6f347087b3fc0b15bac5003d0b60bfb3 0 78766713 0
6f347087b3fc0b15bac5003d0b60bfb3 0 5178548 2
6f347087b3fc0b15bac5003d0b60bfb3 0 31273769 0
6f347087b3fc0b15bac5003d0b60bfb3 0 74293313 0
6f347087b3fc0b15bac5003d0b60bfb3 0 33313904 0
6f347087b3fc0b15bac5003d0b60bfb3 0 159345813 2
6f347087b3fc0b15bac5003d0b60bfb3 0 10899030 0
6f347087b3fc0b15bac5003d0b60bfb3 0 8785504 0
6f347087b3fc0b15bac5003d0b60bfb3 0 54745626 0
6f347087b3fc0b15bac5003d0b60bfb3 0 162665094 2
6f347087b3fc0b15bac5003d0b60bfb3 0 157786072 0
6f347087b3fc0b15bac5003d0b60bfb3 0 303391300 0
6f347087b3fc0b15bac5003d0b60bfb3 0 70331090 0
6f347087b3fc0b15bac5003d0b60bfb3 0 303304558 2
6f347087b3fc0b15bac5003d0b60bfb3 0 304550317 2
6f347087b3fc0b15bac5003d0b60bfb3 0 18953234 0
6f347087b3fc0b15bac5003d0b60bfb3 0 108588184 0
6f347087b3fc0b15bac5003d0b60bfb3 0 43520593 1
6f347087b3fc0b15bac5003d0b60bfb3 0 138577288 0
6f347087b3fc0b15bac5003d0b60bfb3 0 2491705 0
6f347087b3fc0b15bac5003d0b60bfb3 0 275889592 2
4830856b20c6995776510fb1d88f4bc9 0 129069168 2
4830856b20c6995776510fb1d88f4bc9 0 30732198 2
4830856b20c6995776510fb1d88f4bc9 0 2694022 1
4830856b20c6995776510fb1d88f4bc9 0 1129209 2
4830856b20c6995776510fb1d88f4bc9 0 4230004 2
4830856b20c6995776510fb1d88f4bc9 0 4853350 2
4830856b20c6995776510fb1d88f4bc9 0 2758585 2
4830856b20c6995776510fb1d88f4bc9 0 2457579 2
4830856b20c6995776510fb1d88f4bc9 0 2767958 2
4830856b20c6995776510fb1d88f4bc9 0 17813241 2
4830856b20c6995776510fb1d88f4bc9 0 2800130 2
4830856b20c6995776510fb1d88f4bc9 0 741221 2
4830856b20c6995776510fb1d88f4bc9 0 2506990 2
4830856b20c6995776510fb1d88f4bc9 0 2693926 1
4830856b20c6995776510fb1d88f4bc9 0 306796462 2
4830856b20c6995776510fb1d88f4bc9 0 42858275 1
4830856b20c6995776510fb1d88f4bc9 0 292479860 2
4830856b20c6995776510fb1d88f4bc9 0 2551437 2
4830856b20c6995776510fb1d88f4bc9 0 30733262 2
4830856b20c6995776510fb1d88f4bc9 0 156960858 2
4830856b20c6995776510fb1d88f4bc9 0 2867110 2
4830856b20c6995776510fb1d88f4bc9 0 30768256 2
28fa235187d66c13cad33bb4786e7d25 0 31575302 2
28fa235187d66c13cad33bb4786e7d25 0 5178379 0
28fa235187d66c13cad33bb4786e7d25 0 304466315 2
28fa235187d66c13cad33bb4786e7d25 0 275708507 2
28fa235187d66c13cad33bb4786e7d25 0 7035300 2
28fa235187d66c13cad33bb4786e7d25 0 297825891 2
28fa235187d66c13cad33bb4786e7d25 0 24939227 2
28fa235187d66c13cad33bb4786e7d25 0 292851523 0
28fa235187d66c13cad33bb4786e7d25 0 290024386 2
28fa235187d66c13cad33bb4786e7d25 0 304990571 2
28fa235187d66c13cad33bb4786e7d25 0 161442132 1
28fa235187d66c13cad33bb4786e7d25 0 43381746 1
28fa235187d66c13cad33bb4786e7d25 0 24881245 1
28fa235187d66c13cad33bb4786e7d25 0 295715743 1
28fa235187d66c13cad33bb4786e7d25 0 71909711 2
28fa235187d66c13cad33bb4786e7d25 0 291145729 2
28fa235187d66c13cad33bb4786e7d25 0 6722455 1
28fa235187d66c13cad33bb4786e7d25 0 276160591 2
28fa235187d66c13cad33bb4786e7d25 0 289667881 0
28fa235187d66c13cad33bb4786e7d25 0 11468848 2
28fa235187d66c13cad33bb4786e7d25 0 156712360 1
28fa235187d66c13cad33bb4786e7d25 0 83938473 2
28fa235187d66c13cad33bb4786e7d25 0 294917745 1
28fa235187d66c13cad33bb4786e7d25 0 5131278 1
28fa235187d66c13cad33bb4786e7d25 0 24922426 0
a3ef8674065801b4d4a581beeb5a612d 0 309179026 1
a3ef8674065801b4d4a581beeb5a612d 0 311462476 1
a3ef8674065801b4d4a581beeb5a612d 0 304724946 0
a3ef8674065801b4d4a581beeb5a612d 0 300882707 2
a3ef8674065801b4d4a581beeb5a612d 0 284059478 1
a3ef8674065801b4d4a581beeb5a612d 0 303119973 0
a3ef8674065801b4d4a581beeb5a612d 0 289552503 1
a3ef8674065801b4d4a581beeb5a612d 0 6272772 1
a3ef8674065801b4d4a581beeb5a612d 0 300173923 0
a3ef8674065801b4d4a581beeb5a612d 0 302067665 0
a3ef8674065801b4d4a581beeb5a612d 0 311632661 1
a3ef8674065801b4d4a581beeb5a612d 0 299839254 1
a3ef8674065801b4d4a581beeb5a612d 0 274050321 0
a3ef8674065801b4d4a581beeb5a612d 0 308884573 2
a3ef8674065801b4d4a581beeb5a612d 0 143696039 1
a3ef8674065801b4d4a581beeb5a612d 0 290573868 0
a3ef8674065801b4d4a581beeb5a612d 0 78441094 0
a3ef8674065801b4d4a581beeb5a612d 0 289556403 1
a3ef8674065801b4d4a581beeb5a612d 0 305018559 1
a3ef8674065801b4d4a581beeb5a612d 0 300883490 1
a3ef8674065801b4d4a581beeb5a612d 0 132266515 1
a3ef8674065801b4d4a581beeb5a612d 0 313533922 0
a3ef8674065801b4d4a581beeb5a612d 0 174852835 1
a3ef8674065801b4d4a581beeb5a612d 0 155363587 1
a3ef8674065801b4d4a581beeb5a612d 0 171836869 2
4880fdf7ff336b249af928cf93f43f0a 0 2575088 2
4880fdf7ff336b249af928cf93f43f0a 0 26672811 2
4880fdf7ff336b249af928cf93f43f0a 0 14171829 2
4880fdf7ff336b249af928cf93f43f0a 0 14174429 2
4880fdf7ff336b249af928cf93f43f0a 0 2629326 2
4880fdf7ff336b249af928cf93f43f0a 0 62504624 2
4880fdf7ff336b249af928cf93f43f0a 0 150783379 2
4880fdf7ff336b249af928cf93f43f0a 0 299117340 2
4880fdf7ff336b249af928cf93f43f0a 0 84223038 2
4880fdf7ff336b249af928cf93f43f0a 0 137870779 2
4880fdf7ff336b249af928cf93f43f0a 0 38758848 2
4880fdf7ff336b249af928cf93f43f0a 0 3109602 2
4880fdf7ff336b249af928cf93f43f0a 0 19141085 2
4880fdf7ff336b249af928cf93f43f0a 0 305695133 2
4880fdf7ff336b249af928cf93f43f0a 0 304835659 1
4880fdf7ff336b249af928cf93f43f0a 0 63010407 2
4880fdf7ff336b249af928cf93f43f0a 0 32871589 2
4880fdf7ff336b249af928cf93f43f0a 0 299117202 2
8f9b8e5f1778d9aa1e0fb4f485074e50 0 157784625 1
8f9b8e5f1778d9aa1e0fb4f485074e50 0 292647428 2
8f9b8e5f1778d9aa1e0fb4f485074e50 0 81506448 2
8f9b8e5f1778d9aa1e0fb4f485074e50 0 160948958 2
8f9b8e5f1778d9aa1e0fb4f485074e50 0 80458819 1
8f9b8e5f1778d9aa1e0fb4f485074e50 0 25676316 2
8f9b8e5f1778d9aa1e0fb4f485074e50 0 279733200 1
8f9b8e5f1778d9aa1e0fb4f485074e50 0 24248295 2
8f9b8e5f1778d9aa1e0fb4f485074e50 0 139358671 2
8f9b8e5f1778d9aa1e0fb4f485074e50 0 10012810 2
8f9b8e5f1778d9aa1e0fb4f485074e50 0 301688034 2
8f9b8e5f1778d9aa1e0fb4f485074e50 0 143600791 1
8f9b8e5f1778d9aa1e0fb4f485074e50 0 155417987 0
8f9b8e5f1778d9aa1e0fb4f485074e50 0 301096134 2
8f9b8e5f1778d9aa1e0fb4f485074e50 0 125857980 1
8f9b8e5f1778d9aa1e0fb4f485074e50 0 314847632 2
8f9b8e5f1778d9aa1e0fb4f485074e50 0 69933751 2
8f9b8e5f1778d9aa1e0fb4f485074e50 0 10014737 2
0d73d8e3c29b4e9ea624a896ddf2d275 0 290306260 1
0d73d8e3c29b4e9ea624a896ddf2d275 0 292158348 1
0d73d8e3c29b4e9ea624a896ddf2d275 0 159443392 1
0d73d8e3c29b4e9ea624a896ddf2d275 0 289578175 1
0d73d8e3c29b4e9ea624a896ddf2d275 0 310715582 1
0d73d8e3c29b4e9ea624a896ddf2d275 0 314548664 1
0d73d8e3c29b4e9ea624a896ddf2d275 0 305743346 1
0d73d8e3c29b4e9ea624a896ddf2d275 0 305743367 1
0d73d8e3c29b4e9ea624a896ddf2d275 0 291104873 1
0d73d8e3c29b4e9ea624a896ddf2d275 0 43891811 1
0d73d8e3c29b4e9ea624a896ddf2d275 0 305437587 1
0d73d8e3c29b4e9ea624a896ddf2d275 0 36997728 1
0d73d8e3c29b4e9ea624a896ddf2d275 0 312110949 1
0d73d8e3c29b4e9ea624a896ddf2d275 0 293170543 1
0d73d8e3c29b4e9ea624a896ddf2d275 0 309665779 1
0d73d8e3c29b4e9ea624a896ddf2d275 0 46120089 2
0d73d8e3c29b4e9ea624a896ddf2d275 0 291403634 2
0d73d8e3c29b4e9ea624a896ddf2d275 0 305295355 1
0d73d8e3c29b4e9ea624a896ddf2d275 0 146887079 1
0d73d8e3c29b4e9ea624a896ddf2d275 0 301612321 2
0d73d8e3c29b4e9ea624a896ddf2d275 0 302875682 2
0d73d8e3c29b4e9ea624a896ddf2d275 0 276264078 1
0d73d8e3c29b4e9ea624a896ddf2d275 0 311472796 1
0d73d8e3c29b4e9ea624a896ddf2d275 0 7083343 1
0d73d8e3c29b4e9ea624a896ddf2d275 0 290413469 1
0d73d8e3c29b4e9ea624a896ddf2d275 0 159079781 1
0d73d8e3c29b4e9ea624a896ddf2d275 0 297009999 0
0d73d8e3c29b4e9ea624a896ddf2d275 0 141210790 1
0d73d8e3c29b4e9ea624a896ddf2d275 0 276817222 1
27db1a4cf0abbcfd48263555da200457 0 275426074 0
27db1a4cf0abbcfd48263555da200457 0 40321217 1
27db1a4cf0abbcfd48263555da200457 0 40073233 1
27db1a4cf0abbcfd48263555da200457 0 173695455 2
27db1a4cf0abbcfd48263555da200457 0 26609087 2
27db1a4cf0abbcfd48263555da200457 0 8428715 1
27db1a4cf0abbcfd48263555da200457 0 46224290 1
27db1a4cf0abbcfd48263555da200457 0 42865437 2
27db1a4cf0abbcfd48263555da200457 0 300888237 1
27db1a4cf0abbcfd48263555da200457 0 6750190 2
27db1a4cf0abbcfd48263555da200457 0 301574443 1
27db1a4cf0abbcfd48263555da200457 0 290571019 1
27db1a4cf0abbcfd48263555da200457 0 41665042 1
27db1a4cf0abbcfd48263555da200457 0 309734993 2
27db1a4cf0abbcfd48263555da200457 0 289761852 0
27db1a4cf0abbcfd48263555da200457 0 168043647 0
27db1a4cf0abbcfd48263555da200457 0 45480559 1
27db1a4cf0abbcfd48263555da200457 0 62637206 1
27db1a4cf0abbcfd48263555da200457 0 303269561 1
27db1a4cf0abbcfd48263555da200457 0 44763497 1
27db1a4cf0abbcfd48263555da200457 0 33924035 2
27db1a4cf0abbcfd48263555da200457 0 41654336 2
27db1a4cf0abbcfd48263555da200457 0 46217280 2
27db1a4cf0abbcfd48263555da200457 0 305616476 1
27db1a4cf0abbcfd48263555da200457 0 305763151 0
0e8d5755bc6fd7262c896acee6e7fdea 0 75690243 1
0e8d5755bc6fd7262c896acee6e7fdea 0 302971922 0
0e8d5755bc6fd7262c896acee6e7fdea 0 302970626 1
0e8d5755bc6fd7262c896acee6e7fdea 0 66824980 1
0e8d5755bc6fd7262c896acee6e7fdea 0 75517214 0
0e8d5755bc6fd7262c896acee6e7fdea 0 302964033 0
0e8d5755bc6fd7262c896acee6e7fdea 0 305401042 0
0e8d5755bc6fd7262c896acee6e7fdea 0 302967324 1
0e8d5755bc6fd7262c896acee6e7fdea 0 145910129 1
0e8d5755bc6fd7262c896acee6e7fdea 0 301836824 0
0e8d5755bc6fd7262c896acee6e7fdea 0 302967323 1
0e8d5755bc6fd7262c896acee6e7fdea 0 52229331 1
0e8d5755bc6fd7262c896acee6e7fdea 0 305401789 1
0e8d5755bc6fd7262c896acee6e7fdea 0 302970994 1
0e8d5755bc6fd7262c896acee6e7fdea 0 301836819 0
0e8d5755bc6fd7262c896acee6e7fdea 0 302958288 1
0e8d5755bc6fd7262c896acee6e7fdea 0 302967211 1
0e8d5755bc6fd7262c896acee6e7fdea 0 305401320 0
0e8d5755bc6fd7262c896acee6e7fdea 0 302968224 1
0e8d5755bc6fd7262c896acee6e7fdea 0 302967786 1
4bf79a0d16ffc2b9be8b6849c88ce244 0 24914642 2
4bf79a0d16ffc2b9be8b6849c88ce244 0 41290874 2
4bf79a0d16ffc2b9be8b6849c88ce244 0 4474369 2
4bf79a0d16ffc2b9be8b6849c88ce244 0 6888329 2
4bf79a0d16ffc2b9be8b6849c88ce244 0 174766729 2
4bf79a0d16ffc2b9be8b6849c88ce244 0 57122283 2
4bf79a0d16ffc2b9be8b6849c88ce244 0 137764265 2
4bf79a0d16ffc2b9be8b6849c88ce244 0 19438544 2
4bf79a0d16ffc2b9be8b6849c88ce244 0 291304155 1
4bf79a0d16ffc2b9be8b6849c88ce244 0 163239557 2
4bf79a0d16ffc2b9be8b6849c88ce244 0 24848278 2
4bf79a0d16ffc2b9be8b6849c88ce244 0 4482275 2
4bf79a0d16ffc2b9be8b6849c88ce244 0 131380211 2
4bf79a0d16ffc2b9be8b6849c88ce244 0 40141152 2
4bf79a0d16ffc2b9be8b6849c88ce244 0 168176263 1
4bf79a0d16ffc2b9be8b6849c88ce244 0 170186962 2
4bf79a0d16ffc2b9be8b6849c88ce244 0 24893550 2
4bf79a0d16ffc2b9be8b6849c88ce244 0 171795556 2
4bf79a0d16ffc2b9be8b6849c88ce244 0 84134334 2
4bf79a0d16ffc2b9be8b6849c88ce244 0 84128990 2
4bf79a0d16ffc2b9be8b6849c88ce244 0 84129057 2
4bf79a0d16ffc2b9be8b6849c88ce244 0 8364192 2
4bf79a0d16ffc2b9be8b6849c88ce244 0 23011960 2
4bf79a0d16ffc2b9be8b6849c88ce244 0 19174017 2
4bf79a0d16ffc2b9be8b6849c88ce244 0 46350037 2
4bf79a0d16ffc2b9be8b6849c88ce244 0 47590119 1
1bc4dce8577f8939ace5bf16d86b1829 0 284747413 2
1bc4dce8577f8939ace5bf16d86b1829 0 107390859 2
1bc4dce8577f8939ace5bf16d86b1829 0 160912835 2
1bc4dce8577f8939ace5bf16d86b1829 0 19214419 2
1bc4dce8577f8939ace5bf16d86b1829 0 15143647 2
1bc4dce8577f8939ace5bf16d86b1829 0 161926355 2
1bc4dce8577f8939ace5bf16d86b1829 0 4048973 2
1bc4dce8577f8939ace5bf16d86b1829 0 125858320 2
1bc4dce8577f8939ace5bf16d86b1829 0 8959857 1
1bc4dce8577f8939ace5bf16d86b1829 0 308893071 2
1bc4dce8577f8939ace5bf16d86b1829 0 33897622 2
1bc4dce8577f8939ace5bf16d86b1829 0 19217679 2
1bc4dce8577f8939ace5bf16d86b1829 0 12743304 2
1bc4dce8577f8939ace5bf16d86b1829 0 297033218 2
1bc4dce8577f8939ace5bf16d86b1829 0 144947192 2
1bc4dce8577f8939ace5bf16d86b1829 0 70311889 2
1bc4dce8577f8939ace5bf16d86b1829 0 39517067 2
1bc4dce8577f8939ace5bf16d86b1829 0 71404331 2
1bc4dce8577f8939ace5bf16d86b1829 0 39521033 2
1bc4dce8577f8939ace5bf16d86b1829 0 3780451 2
1bc4dce8577f8939ace5bf16d86b1829 0 15074372 2
1bc4dce8577f8939ace5bf16d86b1829 0 39523630 2
1bc4dce8577f8939ace5bf16d86b1829 0 37005578 2
1bc4dce8577f8939ace5bf16d86b1829 0 124878737 2
1bc4dce8577f8939ace5bf16d86b1829 0 128336139 2
1bc4dce8577f8939ace5bf16d86b1829 0 125851712 2
1bc4dce8577f8939ace5bf16d86b1829 0 148211752 2
864f847e662564427772dd3e088cbed4 0 84569731 1
864f847e662564427772dd3e088cbed4 0 296265676 1
864f847e662564427772dd3e088cbed4 0 122648175 1
864f847e662564427772dd3e088cbed4 0 134555239 1
864f847e662564427772dd3e088cbed4 0 71930485 1
864f847e662564427772dd3e088cbed4 0 38538093 2
864f847e662564427772dd3e088cbed4 0 36340091 2
864f847e662564427772dd3e088cbed4 0 86459593 1
864f847e662564427772dd3e088cbed4 0 57012615 1
864f847e662564427772dd3e088cbed4 0 9211326 1
864f847e662564427772dd3e088cbed4 0 149557754 0
864f847e662564427772dd3e088cbed4 0 303892639 1
864f847e662564427772dd3e088cbed4 0 290846940 0
864f847e662564427772dd3e088cbed4 0 14083278 0
864f847e662564427772dd3e088cbed4 0 66933667 1
864f847e662564427772dd3e088cbed4 0 297003903 0
864f847e662564427772dd3e088cbed4 0 296455604 0
864f847e662564427772dd3e088cbed4 0 304041604 0
864f847e662564427772dd3e088cbed4 0 2497574 1
864f847e662564427772dd3e088cbed4 0 51511365 2
864f847e662564427772dd3e088cbed4 0 7954605 1
864f847e662564427772dd3e088cbed4 0 290868267 1
864f847e662564427772dd3e088cbed4 0 293158618 1
804711f54939af9622c3c7614da85298 0 309651820 1
804711f54939af9622c3c7614da85298 0 276807445 1
804711f54939af9622c3c7614da85298 0 290299231 0
804711f54939af9622c3c7614da85298 0 42826249 0
804711f54939af9622c3c7614da85298 0 295624158 1
804711f54939af9622c3c7614da85298 0 305619382 2
804711f54939af9622c3c7614da85298 0 301296470 1
804711f54939af9622c3c7614da85298 0 309075888 1
804711f54939af9622c3c7614da85298 0 310709938 1
804711f54939af9622c3c7614da85298 0 298277690 1
804711f54939af9622c3c7614da85298 0 192180339 0
804711f54939af9622c3c7614da85298 0 296711287 2
804711f54939af9622c3c7614da85298 0 298931308 1
804711f54939af9622c3c7614da85298 0 302469221 1
804711f54939af9622c3c7614da85298 0 312932257 1
804711f54939af9622c3c7614da85298 0 274138594 1
804711f54939af9622c3c7614da85298 0 19956255 1
804711f54939af9622c3c7614da85298 0 6864365 0
804711f54939af9622c3c7614da85298 0 301849089 1
804711f54939af9622c3c7614da85298 0 290464091 1
804711f54939af9622c3c7614da85298 0 8699794 1
804711f54939af9622c3c7614da85298 0 292282212 1
804711f54939af9622c3c7614da85298 0 303474038 1
804711f54939af9622c3c7614da85298 0 276610949 1
804711f54939af9622c3c7614da85298 0 310709921 1
804711f54939af9622c3c7614da85298 0 7199552 1
804711f54939af9622c3c7614da85298 0 301850767 1
804711f54939af9622c3c7614da85298 0 303814243 0
804711f54939af9622c3c7614da85298 0 291732361 1
804711f54939af9622c3c7614da85298 0 312567259 1
a548bdf65e046ce3ed7c76ee937c6371 0 8795438 2
a548bdf65e046ce3ed7c76ee937c6371 0 47549772 2
a548bdf65e046ce3ed7c76ee937c6371 0 54324060 2
a548bdf65e046ce3ed7c76ee937c6371 0 313008449 2
a548bdf65e046ce3ed7c76ee937c6371 0 8797847 2
a548bdf65e046ce3ed7c76ee937c6371 0 11676481 2
a548bdf65e046ce3ed7c76ee937c6371 0 85444305 2
a548bdf65e046ce3ed7c76ee937c6371 0 8800038 2
a548bdf65e046ce3ed7c76ee937c6371 0 54421506 2
a548bdf65e046ce3ed7c76ee937c6371 0 314790385 2
a548bdf65e046ce3ed7c76ee937c6371 0 122364834 2
a548bdf65e046ce3ed7c76ee937c6371 0 8802506 2
a548bdf65e046ce3ed7c76ee937c6371 0 314790392 2
a548bdf65e046ce3ed7c76ee937c6371 0 38758396 2
a548bdf65e046ce3ed7c76ee937c6371 0 169310088 2
e5bbf4f2f861cbbe6f6a20f1a1b4ee50 0 126977750 2
e5bbf4f2f861cbbe6f6a20f1a1b4ee50 0 49670580 1
e5bbf4f2f861cbbe6f6a20f1a1b4ee50 0 1132865 2
e5bbf4f2f861cbbe6f6a20f1a1b4ee50 0 124700069 1
e5bbf4f2f861cbbe6f6a20f1a1b4ee50 0 578805 1
e5bbf4f2f861cbbe6f6a20f1a1b4ee50 0 137648203 2
e5bbf4f2f861cbbe6f6a20f1a1b4ee50 0 54164156 0
e5bbf4f2f861cbbe6f6a20f1a1b4ee50 0 2128042 2
e5bbf4f2f861cbbe6f6a20f1a1b4ee50 0 138010246 2
e5bbf4f2f861cbbe6f6a20f1a1b4ee50 0 85975394 0
e5bbf4f2f861cbbe6f6a20f1a1b4ee50 0 24874842 2
e5bbf4f2f861cbbe6f6a20f1a1b4ee50 0 69055196 1
e5bbf4f2f861cbbe6f6a20f1a1b4ee50 0 578511 1
e5bbf4f2f861cbbe6f6a20f1a1b4ee50 0 58948595 2
e5bbf4f2f861cbbe6f6a20f1a1b4ee50 0 736310 1
e5bbf4f2f861cbbe6f6a20f1a1b4ee50 0 162794461 1
e5bbf4f2f861cbbe6f6a20f1a1b4ee50 0 8455132 2
e5bbf4f2f861cbbe6f6a20f1a1b4ee50 0 1125173 0
e5bbf4f2f861cbbe6f6a20f1a1b4ee50 0 6297975 0
e5bbf4f2f861cbbe6f6a20f1a1b4ee50 0 163922543 2
e5bbf4f2f861cbbe6f6a20f1a1b4ee50 0 275731346 0
e5bbf4f2f861cbbe6f6a20f1a1b4ee50 0 304894542 0
e5bbf4f2f861cbbe6f6a20f1a1b4ee50 0 42851563 0
e5bbf4f2f861cbbe6f6a20f1a1b4ee50 0 586150 2
c0682123597d0b1027f59cabe06e19b9 0 31129528 2
c0682123597d0b1027f59cabe06e19b9 0 228194395 2
c0682123597d0b1027f59cabe06e19b9 0 57310668 2
c0682123597d0b1027f59cabe06e19b9 0 22477236 2
c0682123597d0b1027f59cabe06e19b9 0 122735259 2
c0682123597d0b1027f59cabe06e19b9 0 129604119 2
c0682123597d0b1027f59cabe06e19b9 0 292045534 2
c0682123597d0b1027f59cabe06e19b9 0 21708630 2
c0682123597d0b1027f59cabe06e19b9 0 124977758 2
c0682123597d0b1027f59cabe06e19b9 0 8228269 2
c0682123597d0b1027f59cabe06e19b9 0 149751245 2
c0682123597d0b1027f59cabe06e19b9 0 46666931 2
c0682123597d0b1027f59cabe06e19b9 0 121539790 2
c0682123597d0b1027f59cabe06e19b9 0 148008958 2
c0682123597d0b1027f59cabe06e19b9 0 31102439 2
c0682123597d0b1027f59cabe06e19b9 0 150347191 2
c0682123597d0b1027f59cabe06e19b9 0 153042333 2
c0682123597d0b1027f59cabe06e19b9 0 152966514 2
c0682123597d0b1027f59cabe06e19b9 0 152998950 2
c0682123597d0b1027f59cabe06e19b9 0 123905945 2
c0682123597d0b1027f59cabe06e19b9 0 45965578 2
c0682123597d0b1027f59cabe06e19b9 0 137219039 2
c0682123597d0b1027f59cabe06e19b9 0 312653054 2
587bda4ca6b1f73cc861c7426a6db876 0 313087279 1
587bda4ca6b1f73cc861c7426a6db876 0 290702140 1
587bda4ca6b1f73cc861c7426a6db876 0 300175069 1
587bda4ca6b1f73cc861c7426a6db876 0 298860698 1
587bda4ca6b1f73cc861c7426a6db876 0 308388630 2
587bda4ca6b1f73cc861c7426a6db876 0 6304025 1
587bda4ca6b1f73cc861c7426a6db876 0 311435737 1
587bda4ca6b1f73cc861c7426a6db876 0 313596559 1
587bda4ca6b1f73cc861c7426a6db876 0 300918067 0
587bda4ca6b1f73cc861c7426a6db876 0 308454609 1
587bda4ca6b1f73cc861c7426a6db876 0 43531919 1
587bda4ca6b1f73cc861c7426a6db876 0 301320348 2
587bda4ca6b1f73cc861c7426a6db876 0 291415264 1
587bda4ca6b1f73cc861c7426a6db876 0 305218908 1
587bda4ca6b1f73cc861c7426a6db876 0 313631556 1
587bda4ca6b1f73cc861c7426a6db876 0 166430207 1
587bda4ca6b1f73cc861c7426a6db876 0 295605434 2
587bda4ca6b1f73cc861c7426a6db876 0 292280578 1
587bda4ca6b1f73cc861c7426a6db876 0 268317667 1
587bda4ca6b1f73cc861c7426a6db876 0 308876309 2
587bda4ca6b1f73cc861c7426a6db876 0 312892713 1
587bda4ca6b1f73cc861c7426a6db876 0 276496762 1
587bda4ca6b1f73cc861c7426a6db876 0 132428838 1
587bda4ca6b1f73cc861c7426a6db876 0 305779101 1
587bda4ca6b1f73cc861c7426a6db876 0 304947733 1
587bda4ca6b1f73cc861c7426a6db876 0 291602029 2
587bda4ca6b1f73cc861c7426a6db876 0 309232461 1
0ed9bd6ce8865fdc1ab11848ad5cb34d 0 33669271 2
0ed9bd6ce8865fdc1ab11848ad5cb34d 0 2698905 1
0ed9bd6ce8865fdc1ab11848ad5cb34d 0 10726447 1
0ed9bd6ce8865fdc1ab11848ad5cb34d 0 294675814 1
0ed9bd6ce8865fdc1ab11848ad5cb34d 0 299093664 2
0ed9bd6ce8865fdc1ab11848ad5cb34d 0 62566248 2
0ed9bd6ce8865fdc1ab11848ad5cb34d 0 10679188 2
0ed9bd6ce8865fdc1ab11848ad5cb34d 0 2652555 2
0ed9bd6ce8865fdc1ab11848ad5cb34d 0 292414750 2
0ed9bd6ce8865fdc1ab11848ad5cb34d 0 68451577 2
0ed9bd6ce8865fdc1ab11848ad5cb34d 0 297512906 2
0ed9bd6ce8865fdc1ab11848ad5cb34d 0 144258752 2
0ed9bd6ce8865fdc1ab11848ad5cb34d 0 279645315 2
0ed9bd6ce8865fdc1ab11848ad5cb34d 0 10726444 2
0ed9bd6ce8865fdc1ab11848ad5cb34d 0 9064101 2
0ed9bd6ce8865fdc1ab11848ad5cb34d 0 303964855 2
0ed9bd6ce8865fdc1ab11848ad5cb34d 0 40318953 2
0ed9bd6ce8865fdc1ab11848ad5cb34d 0 75195318 1
0ed9bd6ce8865fdc1ab11848ad5cb34d 0 22472601 2
0ed9bd6ce8865fdc1ab11848ad5cb34d 0 24475386 2
0ed9bd6ce8865fdc1ab11848ad5cb34d 0 158353614 2
02650836154c6cd4cddacd509daa77e4 0 292324690 0
02650836154c6cd4cddacd509daa77e4 0 302752176 0
02650836154c6cd4cddacd509daa77e4 0 276530844 0
02650836154c6cd4cddacd509daa77e4 0 14286 0
02650836154c6cd4cddacd509daa77e4 0 83704813 0
02650836154c6cd4cddacd509daa77e4 0 10373496 0
02650836154c6cd4cddacd509daa77e4 0 46249117 2
02650836154c6cd4cddacd509daa77e4 0 305448081 0
02650836154c6cd4cddacd509daa77e4 0 40128151 0
02650836154c6cd4cddacd509daa77e4 0 60095186 1
02650836154c6cd4cddacd509daa77e4 0 75782569 0
02650836154c6cd4cddacd509daa77e4 0 17825463 0
02650836154c6cd4cddacd509daa77e4 0 290988238 2
02650836154c6cd4cddacd509daa77e4 0 293922861 2
02650836154c6cd4cddacd509daa77e4 0 293923062 0
02650836154c6cd4cddacd509daa77e4 0 191678575 1
02650836154c6cd4cddacd509daa77e4 0 122495078 0
02650836154c6cd4cddacd509daa77e4 0 276104616 1
02650836154c6cd4cddacd509daa77e4 0 281194019 0
02650836154c6cd4cddacd509daa77e4 0 302871982 0
02650836154c6cd4cddacd509daa77e4 0 302878273 0
02650836154c6cd4cddacd509daa77e4 0 129586374 1
02650836154c6cd4cddacd509daa77e4 0 308769941 1
02650836154c6cd4cddacd509daa77e4 0 45975343 0
02650836154c6cd4cddacd509daa77e4 0 275611345 0
5ef548b174d925e873f8b5f138d6d8af 0 294180542 0
5ef548b174d925e873f8b5f138d6d8af 0 304982659 0
5ef548b174d925e873f8b5f138d6d8af 0 168328874 1
5ef548b174d925e873f8b5f138d6d8af 0 172024992 0
5ef548b174d925e873f8b5f138d6d8af 0 290108259 1
5ef548b174d925e873f8b5f138d6d8af 0 164632484 0
5ef548b174d925e873f8b5f138d6d8af 0 304409848 1
5ef548b174d925e873f8b5f138d6d8af 0 303353487 0
5ef548b174d925e873f8b5f138d6d8af 0 143685737 0
5ef548b174d925e873f8b5f138d6d8af 0 8785479 0
5ef548b174d925e873f8b5f138d6d8af 0 295395543 1
5ef548b174d925e873f8b5f138d6d8af 0 309034512 0
5ef548b174d925e873f8b5f138d6d8af 0 302393173 0
5ef548b174d925e873f8b5f138d6d8af 0 267243638 0
5ef548b174d925e873f8b5f138d6d8af 0 310349414 0
5ef548b174d925e873f8b5f138d6d8af 0 40921090 0
5ef548b174d925e873f8b5f138d6d8af 0 304884068 1
5ef548b174d925e873f8b5f138d6d8af 0 10906336 0
5ef548b174d925e873f8b5f138d6d8af 0 168912413 0
5ef548b174d925e873f8b5f138d6d8af 0 157184349 0
5ef548b174d925e873f8b5f138d6d8af 0 20681107 0
5ef548b174d925e873f8b5f138d6d8af 0 310268689 0
5ef548b174d925e873f8b5f138d6d8af 0 311066235 0
5ef548b174d925e873f8b5f138d6d8af 0 150267600 0
5ef548b174d925e873f8b5f138d6d8af 0 306762484 0
5ef548b174d925e873f8b5f138d6d8af 0 291374749 0
5ef548b174d925e873f8b5f138d6d8af 0 304976889 0
5ef548b174d925e873f8b5f138d6d8af 0 305590128 0
36f5e25b282583b2865d30f5f7a76644 0 108563830 1
36f5e25b282583b2865d30f5f7a76644 0 78114761 2
36f5e25b282583b2865d30f5f7a76644 0 63314318 2
36f5e25b282583b2865d30f5f7a76644 0 75598414 1
36f5e25b282583b2865d30f5f7a76644 0 9128301 2
36f5e25b282583b2865d30f5f7a76644 0 96618296 1
36f5e25b282583b2865d30f5f7a76644 0 304923396 2
36f5e25b282583b2865d30f5f7a76644 0 44864608 2
36f5e25b282583b2865d30f5f7a76644 0 34228319 1
36f5e25b282583b2865d30f5f7a76644 0 19174113 2
36f5e25b282583b2865d30f5f7a76644 0 86292893 2
36f5e25b282583b2865d30f5f7a76644 0 69238264 2
36f5e25b282583b2865d30f5f7a76644 0 69353980 2
36f5e25b282583b2865d30f5f7a76644 0 18701828 2
36f5e25b282583b2865d30f5f7a76644 0 302780559 2
36f5e25b282583b2865d30f5f7a76644 0 40128380 2
36f5e25b282583b2865d30f5f7a76644 0 3000544 2
4753c4253cb28ccda7223d73cd66857f 0 228091161 0
4753c4253cb28ccda7223d73cd66857f 0 301847519 1
4753c4253cb28ccda7223d73cd66857f 0 36343748 0
4753c4253cb28ccda7223d73cd66857f 0 297911383 2
4753c4253cb28ccda7223d73cd66857f 0 63035066 1
4753c4253cb28ccda7223d73cd66857f 0 76745963 0
4753c4253cb28ccda7223d73cd66857f 0 144607436 0
4753c4253cb28ccda7223d73cd66857f 0 63365604 2
4753c4253cb28ccda7223d73cd66857f 0 36336715 0
4753c4253cb28ccda7223d73cd66857f 0 8607458 1
4753c4253cb28ccda7223d73cd66857f 0 132104545 0
4753c4253cb28ccda7223d73cd66857f 0 45265832 0
4753c4253cb28ccda7223d73cd66857f 0 8387591 0
4753c4253cb28ccda7223d73cd66857f 0 308890108 0
4753c4253cb28ccda7223d73cd66857f 0 274709860 0
4753c4253cb28ccda7223d73cd66857f 0 24722027 0
4753c4253cb28ccda7223d73cd66857f 0 159152380 0
4753c4253cb28ccda7223d73cd66857f 0 8363688 0
4753c4253cb28ccda7223d73cd66857f 0 8842952 0
4753c4253cb28ccda7223d73cd66857f 0 301266521 2
4753c4253cb28ccda7223d73cd66857f 0 25492282 0
4753c4253cb28ccda7223d73cd66857f 0 235496 1
4753c4253cb28ccda7223d73cd66857f 0 4244844 1
4753c4253cb28ccda7223d73cd66857f 0 36332272 1
cca3dd5aa311bc7a728839dd6fa4321b 0 299384504 1
cca3dd5aa311bc7a728839dd6fa4321b 0 302397136 2
cca3dd5aa311bc7a728839dd6fa4321b 0 309421612 1
cca3dd5aa311bc7a728839dd6fa4321b 0 294148036 1
cca3dd5aa311bc7a728839dd6fa4321b 0 301220157 2
cca3dd5aa311bc7a728839dd6fa4321b 0 85859207 1
cca3dd5aa311bc7a728839dd6fa4321b 0 294338982 1
cca3dd5aa311bc7a728839dd6fa4321b 0 311464086 1
cca3dd5aa311bc7a728839dd6fa4321b 0 305754594 1
cca3dd5aa311bc7a728839dd6fa4321b 0 292390632 2
cca3dd5aa311bc7a728839dd6fa4321b 0 45760913 1
cca3dd5aa311bc7a728839dd6fa4321b 0 42653338 1
cca3dd5aa311bc7a728839dd6fa4321b 0 301929425 1
cca3dd5aa311bc7a728839dd6fa4321b 0 305751428 2
cca3dd5aa311bc7a728839dd6fa4321b 0 303758730 2
cca3dd5aa311bc7a728839dd6fa4321b 0 30601990 1
cca3dd5aa311bc7a728839dd6fa4321b 0 31105499 1
cca3dd5aa311bc7a728839dd6fa4321b 0 3845577 1
cca3dd5aa311bc7a728839dd6fa4321b 0 8576434 0
cca3dd5aa311bc7a728839dd6fa4321b 0 305722334 1
cca3dd5aa311bc7a728839dd6fa4321b 0 300984656 1
cca3dd5aa311bc7a728839dd6fa4321b 0 296257846 2
cca3dd5aa311bc7a728839dd6fa4321b 0 45761579 1
cca3dd5aa311bc7a728839dd6fa4321b 0 2535556 1
cca3dd5aa311bc7a728839dd6fa4321b 0 300980227 1
cca3dd5aa311bc7a728839dd6fa4321b 0 302606034 1
cca3dd5aa311bc7a728839dd6fa4321b 0 135066306 0
cca3dd5aa311bc7a728839dd6fa4321b 0 36991362 1
cca3dd5aa311bc7a728839dd6fa4321b 0 83534952 1
cca3dd5aa311bc7a728839dd6fa4321b 0 275720781 1
cdab5007fa0102e35bef72755502c45b 0 141762551 1
cdab5007fa0102e35bef72755502c45b 0 239963 1
cdab5007fa0102e35bef72755502c45b 0 290454515 2
cdab5007fa0102e35bef72755502c45b 0 293039302 2
cdab5007fa0102e35bef72755502c45b 0 16089337 2
cdab5007fa0102e35bef72755502c45b 0 302943713 2
cdab5007fa0102e35bef72755502c45b 0 127896071 2
cdab5007fa0102e35bef72755502c45b 0 274102593 2
cdab5007fa0102e35bef72755502c45b 0 10895632 2
cdab5007fa0102e35bef72755502c45b 0 6278517 2
cdab5007fa0102e35bef72755502c45b 0 552463 2
cdab5007fa0102e35bef72755502c45b 0 152055987 2
cdab5007fa0102e35bef72755502c45b 0 2224975 2
cdab5007fa0102e35bef72755502c45b 0 2390086 2
cdab5007fa0102e35bef72755502c45b 0 11868393 1
cdab5007fa0102e35bef72755502c45b 0 6849262 2
cdab5007fa0102e35bef72755502c45b 0 312631938 1
cdab5007fa0102e35bef72755502c45b 0 2124664 2
cdab5007fa0102e35bef72755502c45b 0 6337680 2
cdab5007fa0102e35bef72755502c45b 0 1103671 2
cdab5007fa0102e35bef72755502c45b 0 6362275 2
cdab5007fa0102e35bef72755502c45b 0 301894439 2
cdab5007fa0102e35bef72755502c45b 0 310289670 0
cdab5007fa0102e35bef72755502c45b 0 2124820 2
0da43e818ee36f379dd0d53094a708c4 0 150426583 2
0da43e818ee36f379dd0d53094a708c4 0 267286 1
0da43e818ee36f379dd0d53094a708c4 0 305141840 2
0da43e818ee36f379dd0d53094a708c4 0 290089547 2
0da43e818ee36f379dd0d53094a708c4 0 34126082 2
0da43e818ee36f379dd0d53094a708c4 0 132454141 2
0da43e818ee36f379dd0d53094a708c4 0 48123651 2
0da43e818ee36f379dd0d53094a708c4 0 228124433 2
0da43e818ee36f379dd0d53094a708c4 0 59281011 2
0da43e818ee36f379dd0d53094a708c4 0 302025457 2
0da43e818ee36f379dd0d53094a708c4 0 302824397 2
0da43e818ee36f379dd0d53094a708c4 0 168826024 2
0da43e818ee36f379dd0d53094a708c4 0 303396973 2
0da43e818ee36f379dd0d53094a708c4 0 8568040 2
0da43e818ee36f379dd0d53094a708c4 0 18955611 1
0da43e818ee36f379dd0d53094a708c4 0 19097690 2
0da43e818ee36f379dd0d53094a708c4 0 122851161 2
0da43e818ee36f379dd0d53094a708c4 0 8174611 2
0da43e818ee36f379dd0d53094a708c4 0 18939444 2
0da43e818ee36f379dd0d53094a708c4 0 155260902 2
0311e191f7a1e1d2ee53d824a45c720f 0 160390849 0
0311e191f7a1e1d2ee53d824a45c720f 0 292068620 1
0311e191f7a1e1d2ee53d824a45c720f 0 96435244 1
0311e191f7a1e1d2ee53d824a45c720f 0 160708876 1
0311e191f7a1e1d2ee53d824a45c720f 0 301649089 1
0311e191f7a1e1d2ee53d824a45c720f 0 146580665 1
0311e191f7a1e1d2ee53d824a45c720f 0 310885535 1
0311e191f7a1e1d2ee53d824a45c720f 0 312280958 2
0311e191f7a1e1d2ee53d824a45c720f 0 291805602 1
0311e191f7a1e1d2ee53d824a45c720f 0 108201812 1
0311e191f7a1e1d2ee53d824a45c720f 0 123848779 1
0311e191f7a1e1d2ee53d824a45c720f 0 313006779 1
0311e191f7a1e1d2ee53d824a45c720f 0 99057750 1
0311e191f7a1e1d2ee53d824a45c720f 0 40074024 1
0311e191f7a1e1d2ee53d824a45c720f 0 155645554 0
0311e191f7a1e1d2ee53d824a45c720f 0 14411061 1
0311e191f7a1e1d2ee53d824a45c720f 0 112351395 1
0311e191f7a1e1d2ee53d824a45c720f 0 235841850 0
0311e191f7a1e1d2ee53d824a45c720f 0 96629659 1
0311e191f7a1e1d2ee53d824a45c720f 0 19179074 1
d3c2d232f0a39dae1f18c762ccdb1eab 0 301924727 0
d3c2d232f0a39dae1f18c762ccdb1eab 0 291878167 1
d3c2d232f0a39dae1f18c762ccdb1eab 0 313328600 0
d3c2d232f0a39dae1f18c762ccdb1eab 0 309407876 1
d3c2d232f0a39dae1f18c762ccdb1eab 0 304485960 0
d3c2d232f0a39dae1f18c762ccdb1eab 0 300216965 1
d3c2d232f0a39dae1f18c762ccdb1eab 0 87328693 0
d3c2d232f0a39dae1f18c762ccdb1eab 0 304979201 1
d3c2d232f0a39dae1f18c762ccdb1eab 0 303521989 0
d3c2d232f0a39dae1f18c762ccdb1eab 0 5241736 2
d3c2d232f0a39dae1f18c762ccdb1eab 0 306738761 1
d3c2d232f0a39dae1f18c762ccdb1eab 0 292481350 1
d3c2d232f0a39dae1f18c762ccdb1eab 0 9032267 1
d3c2d232f0a39dae1f18c762ccdb1eab 0 73876758 1
d3c2d232f0a39dae1f18c762ccdb1eab 0 310709873 1
d3c2d232f0a39dae1f18c762ccdb1eab 0 310709958 1
d3c2d232f0a39dae1f18c762ccdb1eab 0 298277496 0
d3c2d232f0a39dae1f18c762ccdb1eab 0 304375426 1
d3c2d232f0a39dae1f18c762ccdb1eab 0 291375595 0
d3c2d232f0a39dae1f18c762ccdb1eab 0 275167241 0
d3c2d232f0a39dae1f18c762ccdb1eab 0 289668042 0
d3c2d232f0a39dae1f18c762ccdb1eab 0 302955245 1
d3c2d232f0a39dae1f18c762ccdb1eab 0 302822055 2
d3c2d232f0a39dae1f18c762ccdb1eab 0 308868095 1
d3c2d232f0a39dae1f18c762ccdb1eab 0 300018122 0
d3c2d232f0a39dae1f18c762ccdb1eab 0 69037135 1
d3c2d232f0a39dae1f18c762ccdb1eab 0 301932542 0
d3c2d232f0a39dae1f18c762ccdb1eab 0 305436153 1
d3c2d232f0a39dae1f18c762ccdb1eab 0 291429156 2
abbb6962a34a5824a33e7662482b1af1 0 276270548 2
abbb6962a34a5824a33e7662482b1af1 0 295720805 1
abbb6962a34a5824a33e7662482b1af1 0 2659009 2
abbb6962a34a5824a33e7662482b1af1 0 83534372 2
abbb6962a34a5824a33e7662482b1af1 0 5850195 2
abbb6962a34a5824a33e7662482b1af1 0 36994097 1
abbb6962a34a5824a33e7662482b1af1 0 20657228 2
abbb6962a34a5824a33e7662482b1af1 0 2949882 2
abbb6962a34a5824a33e7662482b1af1 0 83528381 2
abbb6962a34a5824a33e7662482b1af1 0 27225971 2
abbb6962a34a5824a33e7662482b1af1 0 300595241 2
abbb6962a34a5824a33e7662482b1af1 0 33148975 2
abbb6962a34a5824a33e7662482b1af1 0 74722398 2
abbb6962a34a5824a33e7662482b1af1 0 161406271 2
abbb6962a34a5824a33e7662482b1af1 0 8042018 2
abbb6962a34a5824a33e7662482b1af1 0 46231757 2
abbb6962a34a5824a33e7662482b1af1 0 2591668 2
abbb6962a34a5824a33e7662482b1af1 0 62536562 2
abbb6962a34a5824a33e7662482b1af1 0 159070169 1
abbb6962a34a5824a33e7662482b1af1 0 2906220 2
abbb6962a34a5824a33e7662482b1af1 0 4415947 2
abbb6962a34a5824a33e7662482b1af1 0 15077904 1
abbb6962a34a5824a33e7662482b1af1 0 291368092 2
abbb6962a34a5824a33e7662482b1af1 0 34232104 1
abbb6962a34a5824a33e7662482b1af1 0 304993985 2
abbb6962a34a5824a33e7662482b1af1 0 46664895 2
2452d3534488439c4d53818a902ca0f9 0 310794508 1
2452d3534488439c4d53818a902ca0f9 0 87105501 0
2452d3534488439c4d53818a902ca0f9 0 18926043 0
2452d3534488439c4d53818a902ca0f9 0 268094736 1
2452d3534488439c4d53818a902ca0f9 0 8253595 0
2452d3534488439c4d53818a902ca0f9 0 128013246 0
2452d3534488439c4d53818a902ca0f9 0 9103701 0
2452d3534488439c4d53818a902ca0f9 0 303473626 0
2452d3534488439c4d53818a902ca0f9 0 297490701 0
2452d3534488439c4d53818a902ca0f9 0 290355552 0
2452d3534488439c4d53818a902ca0f9 0 311210757 1
2452d3534488439c4d53818a902ca0f9 0 2059430 0
2452d3534488439c4d53818a902ca0f9 0 68629534 0
2452d3534488439c4d53818a902ca0f9 0 83521248 0
2452d3534488439c4d53818a902ca0f9 0 159152843 0
2452d3534488439c4d53818a902ca0f9 0 1199248 0
2452d3534488439c4d53818a902ca0f9 0 63657766 1
2452d3534488439c4d53818a902ca0f9 0 10290351 0
2452d3534488439c4d53818a902ca0f9 0 62637900 0
2452d3534488439c4d53818a902ca0f9 0 166709983 0
2452d3534488439c4d53818a902ca0f9 0 62580996 1
2452d3534488439c4d53818a902ca0f9 0 50050107 0
2452d3534488439c4d53818a902ca0f9 0 71426262 0
2452d3534488439c4d53818a902ca0f9 0 71427994 0
2452d3534488439c4d53818a902ca0f9 0 274845837 0
2452d3534488439c4d53818a902ca0f9 0 292636137 0
3d00ad96232a55ad9d10e556cb87e606 0 2657486 2
3d00ad96232a55ad9d10e556cb87e606 0 6236974 2
3d00ad96232a55ad9d10e556cb87e606 0 2725545 2
3d00ad96232a55ad9d10e556cb87e606 0 2763990 2
3d00ad96232a55ad9d10e556cb87e606 0 2617594 2
3d00ad96232a55ad9d10e556cb87e606 0 6910371 2
3d00ad96232a55ad9d10e556cb87e606 0 8867671 2
3d00ad96232a55ad9d10e556cb87e606 0 3105016 2
3d00ad96232a55ad9d10e556cb87e606 0 305503978 2
3d00ad96232a55ad9d10e556cb87e606 0 2767491 2
3d00ad96232a55ad9d10e556cb87e606 0 2352919 2
3d00ad96232a55ad9d10e556cb87e606 0 6387098 2
3d00ad96232a55ad9d10e556cb87e606 0 18613974 2
3d00ad96232a55ad9d10e556cb87e606 0 8868469 2
3d00ad96232a55ad9d10e556cb87e606 0 2464398 2
3d00ad96232a55ad9d10e556cb87e606 0 67880113 2
3d00ad96232a55ad9d10e556cb87e606 0 8852313 2
3d00ad96232a55ad9d10e556cb87e606 0 2515653 2
3d00ad96232a55ad9d10e556cb87e606 0 8015996 2
3d00ad96232a55ad9d10e556cb87e606 0 8035553 2
3d00ad96232a55ad9d10e556cb87e606 0 7142733 2
3d00ad96232a55ad9d10e556cb87e606 0 5673290 2
3d00ad96232a55ad9d10e556cb87e606 0 2627693 2
3d00ad96232a55ad9d10e556cb87e606 0 2576627 2
8e23ebe4f08a48825befb7b5f565a0a5 0 80211110 2
8e23ebe4f08a48825befb7b5f565a0a5 0 305713772 2
8e23ebe4f08a48825befb7b5f565a0a5 0 128009987 2
8e23ebe4f08a48825befb7b5f565a0a5 0 279651448 2
8e23ebe4f08a48825befb7b5f565a0a5 0 310154616 2
8e23ebe4f08a48825befb7b5f565a0a5 0 8341473 1
8e23ebe4f08a48825befb7b5f565a0a5 0 80165139 2
8e23ebe4f08a48825befb7b5f565a0a5 0 295837017 2
8e23ebe4f08a48825befb7b5f565a0a5 0 160799709 2
8e23ebe4f08a48825befb7b5f565a0a5 0 14127652 1
8e23ebe4f08a48825befb7b5f565a0a5 0 11728136 2
8e23ebe4f08a48825befb7b5f565a0a5 0 291410643 2
8e23ebe4f08a48825befb7b5f565a0a5 0 26841339 2
8e23ebe4f08a48825befb7b5f565a0a5 0 83854332 2
8e23ebe4f08a48825befb7b5f565a0a5 0 48782875 2
8e23ebe4f08a48825befb7b5f565a0a5 0 149930455 2
8e23ebe4f08a48825befb7b5f565a0a5 0 305713925 2
8e23ebe4f08a48825befb7b5f565a0a5 0 143545400 2
8e23ebe4f08a48825befb7b5f565a0a5 0 169295403 2
8e23ebe4f08a48825befb7b5f565a0a5 0 71883596 2
8e23ebe4f08a48825befb7b5f565a0a5 0 58961841 2
8e23ebe4f08a48825befb7b5f565a0a5 0 45774705 2
8e23ebe4f08a48825befb7b5f565a0a5 0 157895549 2
8e23ebe4f08a48825befb7b5f565a0a5 0 157849426 2
d1098d6d4857c785239c3b3e7d8d64d2 0 290881503 2
d1098d6d4857c785239c3b3e7d8d64d2 0 295899178 2
d1098d6d4857c785239c3b3e7d8d64d2 0 298418913 2
d1098d6d4857c785239c3b3e7d8d64d2 0 292832081 2
d1098d6d4857c785239c3b3e7d8d64d2 0 149274600 2
d1098d6d4857c785239c3b3e7d8d64d2 0 312103218 2
d1098d6d4857c785239c3b3e7d8d64d2 0 153501176 2
d1098d6d4857c785239c3b3e7d8d64d2 0 290056792 2
d1098d6d4857c785239c3b3e7d8d64d2 0 303227783 2
d1098d6d4857c785239c3b3e7d8d64d2 0 142719127 2
d1098d6d4857c785239c3b3e7d8d64d2 0 238622237 2
d1098d6d4857c785239c3b3e7d8d64d2 0 290135260 2
d1098d6d4857c785239c3b3e7d8d64d2 0 160777440 2
d1098d6d4857c785239c3b3e7d8d64d2 0 157406398 2
d1098d6d4857c785239c3b3e7d8d64d2 0 170382012 2
d1098d6d4857c785239c3b3e7d8d64d2 0 298357882 1
d1098d6d4857c785239c3b3e7d8d64d2 0 301611330 2
d1098d6d4857c785239c3b3e7d8d64d2 0 170178843 2
d1098d6d4857c785239c3b3e7d8d64d2 0 274734381 2
d1098d6d4857c785239c3b3e7d8d64d2 0 292343203 1
d1098d6d4857c785239c3b3e7d8d64d2 0 301395177 2
d1098d6d4857c785239c3b3e7d8d64d2 0 301761875 2
d1098d6d4857c785239c3b3e7d8d64d2 0 279661143 2
d1098d6d4857c785239c3b3e7d8d64d2 0 153561840 2
d1098d6d4857c785239c3b3e7d8d64d2 0 292561429 2
5a306c1090217bbd3c8b0613fbbc0504 0 5240153 1
5a306c1090217bbd3c8b0613fbbc0504 0 294922207 2
5a306c1090217bbd3c8b0613fbbc0504 0 304753658 0
5a306c1090217bbd3c8b0613fbbc0504 0 144210143 0
5a306c1090217bbd3c8b0613fbbc0504 0 292465847 2
5a306c1090217bbd3c8b0613fbbc0504 0 113597934 1
5a306c1090217bbd3c8b0613fbbc0504 0 158903989 1
5a306c1090217bbd3c8b0613fbbc0504 0 6935719 1
5a306c1090217bbd3c8b0613fbbc0504 0 295660418 0
5a306c1090217bbd3c8b0613fbbc0504 0 308876627 0
5a306c1090217bbd3c8b0613fbbc0504 0 295234664 1
5a306c1090217bbd3c8b0613fbbc0504 0 289579536 1
5a306c1090217bbd3c8b0613fbbc0504 0 69251314 1
5a306c1090217bbd3c8b0613fbbc0504 0 41654908 1
5a306c1090217bbd3c8b0613fbbc0504 0 313159202 0
5a306c1090217bbd3c8b0613fbbc0504 0 50643536 0
5a306c1090217bbd3c8b0613fbbc0504 0 158067557 0
5a306c1090217bbd3c8b0613fbbc0504 0 275710006 1
5a306c1090217bbd3c8b0613fbbc0504 0 293022922 1
5a306c1090217bbd3c8b0613fbbc0504 0 299882825 1
5a306c1090217bbd3c8b0613fbbc0504 0 295663622 1
5a306c1090217bbd3c8b0613fbbc0504 0 63368085 1
5a306c1090217bbd3c8b0613fbbc0504 0 44134197 1
5a306c1090217bbd3c8b0613fbbc0504 0 75782002 1
5a306c1090217bbd3c8b0613fbbc0504 0 135075156 0
5a306c1090217bbd3c8b0613fbbc0504 0 99271262 1
5a306c1090217bbd3c8b0613fbbc0504 0 300705773 0
5a306c1090217bbd3c8b0613fbbc0504 0 302970718 1
ecf8a42af61b9c2e9a23365128390266 0 107964647 2
ecf8a42af61b9c2e9a23365128390266 0 276606285 1
ecf8a42af61b9c2e9a23365128390266 0 46736 2
ecf8a42af61b9c2e9a23365128390266 0 42616713 1
ecf8a42af61b9c2e9a23365128390266 0 301700851 1
ecf8a42af61b9c2e9a23365128390266 0 304490719 2
ecf8a42af61b9c2e9a23365128390266 0 8734247 1
ecf8a42af61b9c2e9a23365128390266 0 75708574 2
ecf8a42af61b9c2e9a23365128390266 0 24989885 1
ecf8a42af61b9c2e9a23365128390266 0 301424880 2
ecf8a42af61b9c2e9a23365128390266 0 131836043 1
ecf8a42af61b9c2e9a23365128390266 0 47138557 2
ecf8a42af61b9c2e9a23365128390266 0 6515128 2
ecf8a42af61b9c2e9a23365128390266 0 292064974 2
ecf8a42af61b9c2e9a23365128390266 0 293909480 2
ecf8a42af61b9c2e9a23365128390266 0 24992973 1
ecf8a42af61b9c2e9a23365128390266 0 313857921 2
ecf8a42af61b9c2e9a23365128390266 0 83021280 1
ecf8a42af61b9c2e9a23365128390266 0 24968114 2
ecf8a42af61b9c2e9a23365128390266 0 143712534 1
ecf8a42af61b9c2e9a23365128390266 0 8489313 1
ecf8a42af61b9c2e9a23365128390266 0 167728301 1
ecf8a42af61b9c2e9a23365128390266 0 170311422 2
ecf8a42af61b9c2e9a23365128390266 0 304895508 2
ecf8a42af61b9c2e9a23365128390266 0 34200054 2
ecf8a42af61b9c2e9a23365128390266 0 19300899 1
ecf8a42af61b9c2e9a23365128390266 0 304882285 1
ecf8a42af61b9c2e9a23365128390266 0 45589103 1
dc474fd9c8dcf3f6de600ff398f21165 0 24864083 1
dc474fd9c8dcf3f6de600ff398f21165 0 12010322 0
dc474fd9c8dcf3f6de600ff398f21165 0 297831192 0
dc474fd9c8dcf3f6de600ff398f21165 0 2360493 0
dc474fd9c8dcf3f6de600ff398f21165 0 156076135 2
dc474fd9c8dcf3f6de600ff398f21165 0 143629960 0
dc474fd9c8dcf3f6de600ff398f21165 0 292619676 0
dc474fd9c8dcf3f6de600ff398f21165 0 10960234 1
dc474fd9c8dcf3f6de600ff398f21165 0 276262518 1
dc474fd9c8dcf3f6de600ff398f21165 0 308358335 0
dc474fd9c8dcf3f6de600ff398f21165 0 274813924 2
dc474fd9c8dcf3f6de600ff398f21165 0 276262567 1
dc474fd9c8dcf3f6de600ff398f21165 0 64775655 0
dc474fd9c8dcf3f6de600ff398f21165 0 276300871 0
dc474fd9c8dcf3f6de600ff398f21165 0 133664477 0
dc474fd9c8dcf3f6de600ff398f21165 0 83841531 0
dc474fd9c8dcf3f6de600ff398f21165 0 313159117 0
dc474fd9c8dcf3f6de600ff398f21165 0 62563228 0
dc474fd9c8dcf3f6de600ff398f21165 0 74613042 0
dc474fd9c8dcf3f6de600ff398f21165 0 276262455 1
dc474fd9c8dcf3f6de600ff398f21165 0 299839457 0
dc474fd9c8dcf3f6de600ff398f21165 0 33130444 0
dc474fd9c8dcf3f6de600ff398f21165 0 301940233 1
547f504ff3c897aa262396385d4af920 0 2110958 1
547f504ff3c897aa262396385d4af920 0 42859616 2
547f504ff3c897aa262396385d4af920 0 14332259 0
547f504ff3c897aa262396385d4af920 0 300707802 0
547f504ff3c897aa262396385d4af920 0 82647702 0
547f504ff3c897aa262396385d4af920 0 17169350 0
547f504ff3c897aa262396385d4af920 0 148723169 0
547f504ff3c897aa262396385d4af920 0 42846665 0
547f504ff3c897aa262396385d4af920 0 24740896 0
547f504ff3c897aa262396385d4af920 0 161454987 1
547f504ff3c897aa262396385d4af920 0 24744358 0
547f504ff3c897aa262396385d4af920 0 42963727 0
547f504ff3c897aa262396385d4af920 0 29163721 0
547f504ff3c897aa262396385d4af920 0 14742035 0
547f504ff3c897aa262396385d4af920 0 297431398 1
547f504ff3c897aa262396385d4af920 0 312051055 0
547f504ff3c897aa262396385d4af920 0 309892896 1
547f504ff3c897aa262396385d4af920 0 157287699 1
547f504ff3c897aa262396385d4af920 0 17133983 0
547f504ff3c897aa262396385d4af920 0 37646336 1
547f504ff3c897aa262396385d4af920 0 158136902 0
547f504ff3c897aa262396385d4af920 0 24745532 0
10c7ef19d812f4c1bacecc0ee54d30a8 0 295977358 2
10c7ef19d812f4c1bacecc0ee54d30a8 0 5480704 2
10c7ef19d812f4c1bacecc0ee54d30a8 0 5180707 2
10c7ef19d812f4c1bacecc0ee54d30a8 0 314643397 2
10c7ef19d812f4c1bacecc0ee54d30a8 0 10962698 2
10c7ef19d812f4c1bacecc0ee54d30a8 0 160926486 1
10c7ef19d812f4c1bacecc0ee54d30a8 0 85866302 2
10c7ef19d812f4c1bacecc0ee54d30a8 0 70412093 1
10c7ef19d812f4c1bacecc0ee54d30a8 0 10557343 2
10c7ef19d812f4c1bacecc0ee54d30a8 0 148700944 0
10c7ef19d812f4c1bacecc0ee54d30a8 0 313546133 2
10c7ef19d812f4c1bacecc0ee54d30a8 0 85463300 1
10c7ef19d812f4c1bacecc0ee54d30a8 0 42737216 2
10c7ef19d812f4c1bacecc0ee54d30a8 0 295545141 2
10c7ef19d812f4c1bacecc0ee54d30a8 0 45243657 2
10c7ef19d812f4c1bacecc0ee54d30a8 0 292498253 2
10c7ef19d812f4c1bacecc0ee54d30a8 0 304881213 1
10c7ef19d812f4c1bacecc0ee54d30a8 0 8804208 2
10c7ef19d812f4c1bacecc0ee54d30a8 0 294895387 2
10c7ef19d812f4c1bacecc0ee54d30a8 0 75075990 2
10c7ef19d812f4c1bacecc0ee54d30a8 0 299791163 2
10c7ef19d812f4c1bacecc0ee54d30a8 0 295963114 2
10c7ef19d812f4c1bacecc0ee54d30a8 0 276307863 2
10c7ef19d812f4c1bacecc0ee54d30a8 0 303203931 2
10c7ef19d812f4c1bacecc0ee54d30a8 0 292049822 2
10c7ef19d812f4c1bacecc0ee54d30a8 0 302862338 1
10c7ef19d812f4c1bacecc0ee54d30a8 0 302049549 2
1af2260d1db1803f299c9579d769eaaf 0 301542591 2
1af2260d1db1803f299c9579d769eaaf 0 301893384 2
1af2260d1db1803f299c9579d769eaaf 0 304817039 1
1af2260d1db1803f299c9579d769eaaf 0 292678225 2
1af2260d1db1803f299c9579d769eaaf 0 172298002 1
1af2260d1db1803f299c9579d769eaaf 0 297565275 2
1af2260d1db1803f299c9579d769eaaf 0 274100345 2
1af2260d1db1803f299c9579d769eaaf 0 168906465 2
1af2260d1db1803f299c9579d769eaaf 0 276271796 2
1af2260d1db1803f299c9579d769eaaf 0 312385817 2
1af2260d1db1803f299c9579d769eaaf 0 301379257 2
1af2260d1db1803f299c9579d769eaaf 0 158145452 2
1af2260d1db1803f299c9579d769eaaf 0 160691488 1
1af2260d1db1803f299c9579d769eaaf 0 305956449 2
1af2260d1db1803f299c9579d769eaaf 0 148390111 1
1af2260d1db1803f299c9579d769eaaf 0 310870178 2
1af2260d1db1803f299c9579d769eaaf 0 290135260 2
1af2260d1db1803f299c9579d769eaaf 0 143188642 2
1af2260d1db1803f299c9579d769eaaf 0 275066624 1
1af2260d1db1803f299c9579d769eaaf 0 170382012 1
1af2260d1db1803f299c9579d769eaaf 0 164481146 2
1af2260d1db1803f299c9579d769eaaf 0 294937570 2
1af2260d1db1803f299c9579d769eaaf 0 310869230 2
1af2260d1db1803f299c9579d769eaaf 0 291146328 2
1af2260d1db1803f299c9579d769eaaf 0 299293656 2
1af2260d1db1803f299c9579d769eaaf 0 169088145 2
1af2260d1db1803f299c9579d769eaaf 0 144519726 1
1af2260d1db1803f299c9579d769eaaf 0 153561840 2
0bd1dc340f31515847d7cf44efa1d53b 0 297852746 1
0bd1dc340f31515847d7cf44efa1d53b 0 2256217 2
0bd1dc340f31515847d7cf44efa1d53b 0 85860817 2
0bd1dc340f31515847d7cf44efa1d53b 0 7132476 2
0bd1dc340f31515847d7cf44efa1d53b 0 8869431 2
0bd1dc340f31515847d7cf44efa1d53b 0 50759644 1
0bd1dc340f31515847d7cf44efa1d53b 0 24859616 2
0bd1dc340f31515847d7cf44efa1d53b 0 161059557 2
0bd1dc340f31515847d7cf44efa1d53b 0 9080323 2
0bd1dc340f31515847d7cf44efa1d53b 0 291380823 2
0bd1dc340f31515847d7cf44efa1d53b 0 24720568 2
0bd1dc340f31515847d7cf44efa1d53b 0 39928366 1
0bd1dc340f31515847d7cf44efa1d53b 0 8866502 2
0bd1dc340f31515847d7cf44efa1d53b 0 301752914 2
0bd1dc340f31515847d7cf44efa1d53b 0 98555333 2
0bd1dc340f31515847d7cf44efa1d53b 0 39928864 2
0bd1dc340f31515847d7cf44efa1d53b 0 46677034 1
0bd1dc340f31515847d7cf44efa1d53b 0 299545900 2
0bd1dc340f31515847d7cf44efa1d53b 0 8861013 2
0bd1dc340f31515847d7cf44efa1d53b 0 305693061 2
0bd1dc340f31515847d7cf44efa1d53b 0 302903288 2
0bd1dc340f31515847d7cf44efa1d53b 0 268638811 2
0bd1dc340f31515847d7cf44efa1d53b 0 276822797 2
0bd1dc340f31515847d7cf44efa1d53b 0 9115800 2
0bd1dc340f31515847d7cf44efa1d53b 0 152409906 2
f22ca5f3c10330d678e5604ff4128591 0 150281699 2
f22ca5f3c10330d678e5604ff4128591 0 301607548 0
f22ca5f3c10330d678e5604ff4128591 0 290316075 1
f22ca5f3c10330d678e5604ff4128591 0 291873841 0
f22ca5f3c10330d678e5604ff4128591 0 302908317 1
f22ca5f3c10330d678e5604ff4128591 0 301307076 0
f22ca5f3c10330d678e5604ff4128591 0 156066342 0
f22ca5f3c10330d678e5604ff4128591 0 155154622 2
f22ca5f3c10330d678e5604ff4128591 0 149880732 2
f22ca5f3c10330d678e5604ff4128591 0 129022932 0
f22ca5f3c10330d678e5604ff4128591 0 297965971 0
f22ca5f3c10330d678e5604ff4128591 0 310783529 1
f22ca5f3c10330d678e5604ff4128591 0 154444017 2
f22ca5f3c10330d678e5604ff4128591 0 308751025 0
f22ca5f3c10330d678e5604ff4128591 0 291428284 2
f22ca5f3c10330d678e5604ff4128591 0 41006673 1
f22ca5f3c10330d678e5604ff4128591 0 87158941 1
f22ca5f3c10330d678e5604ff4128591 0 303400671 0
5e62449a564d4f5c079ce124e8060dcd 0 2527432 2
5e62449a564d4f5c079ce124e8060dcd 0 39428347 2
5e62449a564d4f5c079ce124e8060dcd 0 37770002 2
5e62449a564d4f5c079ce124e8060dcd 0 2778300 2
5e62449a564d4f5c079ce124e8060dcd 0 306569448 2
5e62449a564d4f5c079ce124e8060dcd 0 148239252 1
5e62449a564d4f5c079ce124e8060dcd 0 6616138 1
5e62449a564d4f5c079ce124e8060dcd 0 46602034 2
5e62449a564d4f5c079ce124e8060dcd 0 2527924 1
5e62449a564d4f5c079ce124e8060dcd 0 2351341 2
5e62449a564d4f5c079ce124e8060dcd 0 292880847 2
5e62449a564d4f5c079ce124e8060dcd 0 71178007 1
5e62449a564d4f5c079ce124e8060dcd 0 161347407 2
5e62449a564d4f5c079ce124e8060dcd 0 3006181 1
5e62449a564d4f5c079ce124e8060dcd 0 12065448 2
5e62449a564d4f5c079ce124e8060dcd 0 305636922 2
5e62449a564d4f5c079ce124e8060dcd 0 124564308 2
5e62449a564d4f5c079ce124e8060dcd 0 15109623 2
5e62449a564d4f5c079ce124e8060dcd 0 33422007 1
5e62449a564d4f5c079ce124e8060dcd 0 18929451 1
5e62449a564d4f5c079ce124e8060dcd 0 26259071 1
5e62449a564d4f5c079ce124e8060dcd 0 774495 1
5e62449a564d4f5c079ce124e8060dcd 0 305475578 2
4f4fdc52af27482b294541c885bfcae8 0 37505936 2
4f4fdc52af27482b294541c885bfcae8 0 303973264 2
4f4fdc52af27482b294541c885bfcae8 0 303301759 2
4f4fdc52af27482b294541c885bfcae8 0 309823617 2
4f4fdc52af27482b294541c885bfcae8 0 59375284 2
4f4fdc52af27482b294541c885bfcae8 0 291404233 2
4f4fdc52af27482b294541c885bfcae8 0 303686794 2
4f4fdc52af27482b294541c885bfcae8 0 164668748 2
4f4fdc52af27482b294541c885bfcae8 0 135819752 1
4f4fdc52af27482b294541c885bfcae8 0 70412189 2
4f4fdc52af27482b294541c885bfcae8 0 284743277 2
4f4fdc52af27482b294541c885bfcae8 0 164657410 2
4f4fdc52af27482b294541c885bfcae8 0 69314594 2
4f4fdc52af27482b294541c885bfcae8 0 108391471 1
4f4fdc52af27482b294541c885bfcae8 0 75064696 2
4f4fdc52af27482b294541c885bfcae8 0 29954406 2
4f4fdc52af27482b294541c885bfcae8 0 59895252 2
4f4fdc52af27482b294541c885bfcae8 0 166643081 2
4f4fdc52af27482b294541c885bfcae8 0 161060162 2
4f4fdc52af27482b294541c885bfcae8 0 5674063 2
4f4fdc52af27482b294541c885bfcae8 0 125790166 2
b4c5d67cd9033c97cd1b4c0449b32dbb 0 2990389 1
b4c5d67cd9033c97cd1b4c0449b32dbb 0 2870852 2
b4c5d67cd9033c97cd1b4c0449b32dbb 0 170617785 1
b4c5d67cd9033c97cd1b4c0449b32dbb 0 163201637 1
b4c5d67cd9033c97cd1b4c0449b32dbb 0 295504816 2
b4c5d67cd9033c97cd1b4c0449b32dbb 0 2761050 1
b4c5d67cd9033c97cd1b4c0449b32dbb 0 98840373 1
b4c5d67cd9033c97cd1b4c0449b32dbb 0 124931113 1
b4c5d67cd9033c97cd1b4c0449b32dbb 0 2876655 1
b4c5d67cd9033c97cd1b4c0449b32dbb 0 2978344 1
b4c5d67cd9033c97cd1b4c0449b32dbb 0 70840799 2
b4c5d67cd9033c97cd1b4c0449b32dbb 0 162755456 1
b4c5d67cd9033c97cd1b4c0449b32dbb 0 158347953 1
b4c5d67cd9033c97cd1b4c0449b32dbb 0 301103366 2
b4c5d67cd9033c97cd1b4c0449b32dbb 0 8642695 1
b4c5d67cd9033c97cd1b4c0449b32dbb 0 2665464 1
b4c5d67cd9033c97cd1b4c0449b32dbb 0 31865796 1
b4c5d67cd9033c97cd1b4c0449b32dbb 0 2958530 1
b4c5d67cd9033c97cd1b4c0449b32dbb 0 2681047 2
b4c5d67cd9033c97cd1b4c0449b32dbb 0 131306899 2
b4c5d67cd9033c97cd1b4c0449b32dbb 0 2694057 2
b4c5d67cd9033c97cd1b4c0449b32dbb 0 141210036 2
b4c5d67cd9033c97cd1b4c0449b32dbb 0 166763726 1
b4c5d67cd9033c97cd1b4c0449b32dbb 0 4226824 2
b4c5d67cd9033c97cd1b4c0449b32dbb 0 86747184 2
b4c5d67cd9033c97cd1b4c0449b32dbb 0 298723412 1
d75124204c0f3fc2bd4d9dd172ca714c 0 310416744 2
d75124204c0f3fc2bd4d9dd172ca714c 0 34129782 2
d75124204c0f3fc2bd4d9dd172ca714c 0 11614374 2
d75124204c0f3fc2bd4d9dd172ca714c 0 291380579 2
d75124204c0f3fc2bd4d9dd172ca714c 0 78139458 1
d75124204c0f3fc2bd4d9dd172ca714c 0 48211576 2
d75124204c0f3fc2bd4d9dd172ca714c 0 13973627 2
d75124204c0f3fc2bd4d9dd172ca714c 0 138520889 2
d75124204c0f3fc2bd4d9dd172ca714c 0 70309928 2
d75124204c0f3fc2bd4d9dd172ca714c 0 45611533 2
d75124204c0f3fc2bd4d9dd172ca714c 0 8568790 2
d75124204c0f3fc2bd4d9dd172ca714c 0 295662074 2
d75124204c0f3fc2bd4d9dd172ca714c 0 107963632 2
d75124204c0f3fc2bd4d9dd172ca714c 0 129023207 2
d75124204c0f3fc2bd4d9dd172ca714c 0 85649784 2
d75124204c0f3fc2bd4d9dd172ca714c 0 301650440 2
d75124204c0f3fc2bd4d9dd172ca714c 0 78140797 1
d75124204c0f3fc2bd4d9dd172ca714c 0 303975631 2
d75124204c0f3fc2bd4d9dd172ca714c 0 125808867 2
d75124204c0f3fc2bd4d9dd172ca714c 0 14375885 2
d75124204c0f3fc2bd4d9dd172ca714c 0 43333345 2
d75124204c0f3fc2bd4d9dd172ca714c 0 69290254 2
d75124204c0f3fc2bd4d9dd172ca714c 0 9053847 2
d75124204c0f3fc2bd4d9dd172ca714c 0 165817416 2
d75124204c0f3fc2bd4d9dd172ca714c 0 150068862 2
d75124204c0f3fc2bd4d9dd172ca714c 0 19527308 2
d75124204c0f3fc2bd4d9dd172ca714c 0 45982462 2
ba0cf3a00bad34c0db57419d4b4df7bd 0 43524936 2
ba0cf3a00bad34c0db57419d4b4df7bd 0 293018381 1
ba0cf3a00bad34c0db57419d4b4df7bd 0 305424061 2
ba0cf3a00bad34c0db57419d4b4df7bd 0 302990169 0
ba0cf3a00bad34c0db57419d4b4df7bd 0 289833094 2
ba0cf3a00bad34c0db57419d4b4df7bd 0 8059888 1
ba0cf3a00bad34c0db57419d4b4df7bd 0 42695896 0
ba0cf3a00bad34c0db57419d4b4df7bd 0 171537977 2
ba0cf3a00bad34c0db57419d4b4df7bd 0 312617505 1
ba0cf3a00bad34c0db57419d4b4df7bd 0 156990129 2
ba0cf3a00bad34c0db57419d4b4df7bd 0 31256271 2
ba0cf3a00bad34c0db57419d4b4df7bd 0 122337377 1
ba0cf3a00bad34c0db57419d4b4df7bd 0 301244811 2
ba0cf3a00bad34c0db57419d4b4df7bd 0 163396212 1
ba0cf3a00bad34c0db57419d4b4df7bd 0 301570624 1
ba0cf3a00bad34c0db57419d4b4df7bd 0 290073004 1
ba0cf3a00bad34c0db57419d4b4df7bd 0 274996947 2
ba0cf3a00bad34c0db57419d4b4df7bd 0 295893053 1
ba0cf3a00bad34c0db57419d4b4df7bd 0 134358440 2
ba0cf3a00bad34c0db57419d4b4df7bd 0 308882502 0
ba0cf3a00bad34c0db57419d4b4df7bd 0 42727469 1
ba0cf3a00bad34c0db57419d4b4df7bd 0 36306693 1
ba0cf3a00bad34c0db57419d4b4df7bd 0 18522560 1
ba0cf3a00bad34c0db57419d4b4df7bd 0 301517617 2
ba0cf3a00bad34c0db57419d4b4df7bd 0 159289684 1
ba0cf3a00bad34c0db57419d4b4df7bd 0 11019216 1
ebad9d28b3499477b88aa1858932bc46 0 313544261 1
ebad9d28b3499477b88aa1858932bc46 0 302043589 2
ebad9d28b3499477b88aa1858932bc46 0 301590297 2
ebad9d28b3499477b88aa1858932bc46 0 134355519 2
ebad9d28b3499477b88aa1858932bc46 0 302666009 2
ebad9d28b3499477b88aa1858932bc46 0 165088779 2
ebad9d28b3499477b88aa1858932bc46 0 28257627 2
ebad9d28b3499477b88aa1858932bc46 0 11700590 2
ebad9d28b3499477b88aa1858932bc46 0 282320398 2
ebad9d28b3499477b88aa1858932bc46 0 292680643 2
ebad9d28b3499477b88aa1858932bc46 0 294919530 2
ebad9d28b3499477b88aa1858932bc46 0 305639370 1
ebad9d28b3499477b88aa1858932bc46 0 292675993 2
ebad9d28b3499477b88aa1858932bc46 0 24706363 2
ebad9d28b3499477b88aa1858932bc46 0 2587193 2
ebad9d28b3499477b88aa1858932bc46 0 301849746 2
ebad9d28b3499477b88aa1858932bc46 0 2717813 2
ebad9d28b3499477b88aa1858932bc46 0 10115318 2
ebad9d28b3499477b88aa1858932bc46 0 8868027 2
ebad9d28b3499477b88aa1858932bc46 0 305639112 2
ebad9d28b3499477b88aa1858932bc46 0 292680529 2
ebad9d28b3499477b88aa1858932bc46 0 36989270 2
ebad9d28b3499477b88aa1858932bc46 0 156908777 2
ebad9d28b3499477b88aa1858932bc46 0 292323863 2
35c0f17bf81e581290efc4a10449174f 0 8018008 2
35c0f17bf81e581290efc4a10449174f 0 43499056 2
35c0f17bf81e581290efc4a10449174f 0 8135848 2
35c0f17bf81e581290efc4a10449174f 0 156029505 2
35c0f17bf81e581290efc4a10449174f 0 11687835 2
35c0f17bf81e581290efc4a10449174f 0 149934838 2
35c0f17bf81e581290efc4a10449174f 0 275699128 2
35c0f17bf81e581290efc4a10449174f 0 10994229 2
35c0f17bf81e581290efc4a10449174f 0 131689233 2
35c0f17bf81e581290efc4a10449174f 0 149427266 1
35c0f17bf81e581290efc4a10449174f 0 11695996 2
35c0f17bf81e581290efc4a10449174f 0 295662648 2
35c0f17bf81e581290efc4a10449174f 0 158742153 2
35c0f17bf81e581290efc4a10449174f 0 18692517 2
35c0f17bf81e581290efc4a10449174f 0 305440224 2
35c0f17bf81e581290efc4a10449174f 0 8010931 2
35c0f17bf81e581290efc4a10449174f 0 303891835 2
35c0f17bf81e581290efc4a10449174f 0 154079656 1
35c0f17bf81e581290efc4a10449174f 0 18692717 1
35c0f17bf81e581290efc4a10449174f 0 274997330 2
35c0f17bf81e581290efc4a10449174f 0 274814775 2
35c0f17bf81e581290efc4a10449174f 0 152208871 2
35c0f17bf81e581290efc4a10449174f 0 158251723 2
35c0f17bf81e581290efc4a10449174f 0 154075489 2
476f68b3901eef85a4d2e74c9c112409 0 37401512 2
476f68b3901eef85a4d2e74c9c112409 0 86293229 2
476f68b3901eef85a4d2e74c9c112409 0 133096432 2
476f68b3901eef85a4d2e74c9c112409 0 83452571 2
476f68b3901eef85a4d2e74c9c112409 0 157635025 2
476f68b3901eef85a4d2e74c9c112409 0 68179179 2
476f68b3901eef85a4d2e74c9c112409 0 108412147 2
476f68b3901eef85a4d2e74c9c112409 0 15071979 2
476f68b3901eef85a4d2e74c9c112409 0 133925335 2
476f68b3901eef85a4d2e74c9c112409 0 308350708 2
476f68b3901eef85a4d2e74c9c112409 0 6052159 2
476f68b3901eef85a4d2e74c9c112409 0 41074216 2
476f68b3901eef85a4d2e74c9c112409 0 132739846 2
476f68b3901eef85a4d2e74c9c112409 0 134376545 2
476f68b3901eef85a4d2e74c9c112409 0 39771475 2
476f68b3901eef85a4d2e74c9c112409 0 8974568 2
476f68b3901eef85a4d2e74c9c112409 0 48732263 2
476f68b3901eef85a4d2e74c9c112409 0 51936132 2
476f68b3901eef85a4d2e74c9c112409 0 300718300 2
476f68b3901eef85a4d2e74c9c112409 0 9021134 2
476f68b3901eef85a4d2e74c9c112409 0 131109110 2
476f68b3901eef85a4d2e74c9c112409 0 155668790 2
476f68b3901eef85a4d2e74c9c112409 0 123540938 1
476f68b3901eef85a4d2e74c9c112409 0 83939165 2
fbe6a289dc137d81b5b0b768bffeb450 0 234695994 2
fbe6a289dc137d81b5b0b768bffeb450 0 71361059 2
fbe6a289dc137d81b5b0b768bffeb450 0 13799853 2
fbe6a289dc137d81b5b0b768bffeb450 0 51486688 2
fbe6a289dc137d81b5b0b768bffeb450 0 219267 1
fbe6a289dc137d81b5b0b768bffeb450 0 34141442 1
fbe6a289dc137d81b5b0b768bffeb450 0 170318812 2
fbe6a289dc137d81b5b0b768bffeb450 0 6428955 1
fbe6a289dc137d81b5b0b768bffeb450 0 2458785 2
fbe6a289dc137d81b5b0b768bffeb450 0 7920930 2
fbe6a289dc137d81b5b0b768bffeb450 0 290316103 2
fbe6a289dc137d81b5b0b768bffeb450 0 298926481 1
fbe6a289dc137d81b5b0b768bffeb450 0 311537485 2
fbe6a289dc137d81b5b0b768bffeb450 0 6917524 1
fbe6a289dc137d81b5b0b768bffeb450 0 36992208 2
fbe6a289dc137d81b5b0b768bffeb450 0 304514157 2
fbe6a289dc137d81b5b0b768bffeb450 0 12269663 1
fbe6a289dc137d81b5b0b768bffeb450 0 299094778 2
fbe6a289dc137d81b5b0b768bffeb450 0 297668914 2
fbe6a289dc137d81b5b0b768bffeb450 0 42946033 2
fbe6a289dc137d81b5b0b768bffeb450 0 301272051 2
fbe6a289dc137d81b5b0b768bffeb450 0 275046445 1
fbe6a289dc137d81b5b0b768bffeb450 0 158312235 2
fbe6a289dc137d81b5b0b768bffeb450 0 389980 2
fbe6a289dc137d81b5b0b768bffeb450 0 2919513 2
fbe6a289dc137d81b5b0b768bffeb450 0 305411548 1
fbe6a289dc137d81b5b0b768bffeb450 0 42863264 1
fbe6a289dc137d81b5b0b768bffeb450 0 159514108 2
fbe6a289dc137d81b5b0b768bffeb450 0 81748309 1
a8a463fe5c77781ae586810949bc43b4 0 293515116 1
a8a463fe5c77781ae586810949bc43b4 0 313620928 1
a8a463fe5c77781ae586810949bc43b4 0 310270046 2
a8a463fe5c77781ae586810949bc43b4 0 301683952 1
a8a463fe5c77781ae586810949bc43b4 0 154654799 1
a8a463fe5c77781ae586810949bc43b4 0 291156643 2
a8a463fe5c77781ae586810949bc43b4 0 268348811 2
a8a463fe5c77781ae586810949bc43b4 0 287582166 1
a8a463fe5c77781ae586810949bc43b4 0 291191326 1
a8a463fe5c77781ae586810949bc43b4 0 290433118 2
a8a463fe5c77781ae586810949bc43b4 0 301592428 1
a8a463fe5c77781ae586810949bc43b4 0 139254352 2
a8a463fe5c77781ae586810949bc43b4 0 162922413 2
a8a463fe5c77781ae586810949bc43b4 0 297688816 1
a8a463fe5c77781ae586810949bc43b4 0 155032810 1
a8a463fe5c77781ae586810949bc43b4 0 258406184 2
a8a463fe5c77781ae586810949bc43b4 0 292804587 2
a8a463fe5c77781ae586810949bc43b4 0 305772449 1
a8a463fe5c77781ae586810949bc43b4 0 290569972 0
a8a463fe5c77781ae586810949bc43b4 0 298311219 2
a8a463fe5c77781ae586810949bc43b4 0 169913748 2
a8a463fe5c77781ae586810949bc43b4 0 311850230 1
19097f187aee29be76a702aaed4e9804 0 55631792 1
19097f187aee29be76a702aaed4e9804 0 154065206 2
19097f187aee29be76a702aaed4e9804 0 71363661 2
19097f187aee29be76a702aaed4e9804 0 143260287 1
19097f187aee29be76a702aaed4e9804 0 138446442 2
19097f187aee29be76a702aaed4e9804 0 137182460 2
19097f187aee29be76a702aaed4e9804 0 308887913 1
19097f187aee29be76a702aaed4e9804 0 299291752 1
19097f187aee29be76a702aaed4e9804 0 138455555 2
19097f187aee29be76a702aaed4e9804 0 153875056 2
19097f187aee29be76a702aaed4e9804 0 18759330 2
19097f187aee29be76a702aaed4e9804 0 31111621 2
19097f187aee29be76a702aaed4e9804 0 63282465 2
19097f187aee29be76a702aaed4e9804 0 11430636 2
19097f187aee29be76a702aaed4e9804 0 44985184 2
19097f187aee29be76a702aaed4e9804 0 299291677 2
19097f187aee29be76a702aaed4e9804 0 126957064 2
19097f187aee29be76a702aaed4e9804 0 11837386 2
19097f187aee29be76a702aaed4e9804 0 236447465 1
19097f187aee29be76a702aaed4e9804 0 14322687 2
19097f187aee29be76a702aaed4e9804 0 276512242 1
19097f187aee29be76a702aaed4e9804 0 46395586 2
956d5b066f6e4b34ab2b835cb63f311e 0 289611538 1
956d5b066f6e4b34ab2b835cb63f311e 0 121364315 1
956d5b066f6e4b34ab2b835cb63f311e 0 29042532 2
956d5b066f6e4b34ab2b835cb63f311e 0 8869941 1
956d5b066f6e4b34ab2b835cb63f311e 0 299272632 2
956d5b066f6e4b34ab2b835cb63f311e 0 309418951 1
956d5b066f6e4b34ab2b835cb63f311e 0 8869003 2
956d5b066f6e4b34ab2b835cb63f311e 0 164448210 1
956d5b066f6e4b34ab2b835cb63f311e 0 305863859 2
956d5b066f6e4b34ab2b835cb63f311e 0 83771762 1
956d5b066f6e4b34ab2b835cb63f311e 0 71003144 2
956d5b066f6e4b34ab2b835cb63f311e 0 23065175 2
956d5b066f6e4b34ab2b835cb63f311e 0 290569798 1
956d5b066f6e4b34ab2b835cb63f311e 0 276268951 0
956d5b066f6e4b34ab2b835cb63f311e 0 15067435 1
956d5b066f6e4b34ab2b835cb63f311e 0 310348016 2
956d5b066f6e4b34ab2b835cb63f311e 0 299874846 1
956d5b066f6e4b34ab2b835cb63f311e 0 8867402 1
956d5b066f6e4b34ab2b835cb63f311e 0 4404923 2
956d5b066f6e4b34ab2b835cb63f311e 0 297184956 2
956d5b066f6e4b34ab2b835cb63f311e 0 298116705 1
956d5b066f6e4b34ab2b835cb63f311e 0 9133000 1
956d5b066f6e4b34ab2b835cb63f311e 0 284247115 1
471a0903327aebe720f561315e32d5d9 0 169407802 2
471a0903327aebe720f561315e32d5d9 0 151234531 2
471a0903327aebe720f561315e32d5d9 0 83943737 1
471a0903327aebe720f561315e32d5d9 0 83940377 1
471a0903327aebe720f561315e32d5d9 0 71147305 2
471a0903327aebe720f561315e32d5d9 0 49402323 2
471a0903327aebe720f561315e32d5d9 0 30658345 2
471a0903327aebe720f561315e32d5d9 0 74576102 1
471a0903327aebe720f561315e32d5d9 0 30665024 1
471a0903327aebe720f561315e32d5d9 0 9455955 2
471a0903327aebe720f561315e32d5d9 0 59695604 2
471a0903327aebe720f561315e32d5d9 0 74576212 2
471a0903327aebe720f561315e32d5d9 0 25408950 1
471a0903327aebe720f561315e32d5d9 0 134758320 2
e4830d227bc9842ee0351fc54a894194 0 300678970 2
e4830d227bc9842ee0351fc54a894194 0 168114532 2
e4830d227bc9842ee0351fc54a894194 0 75715572 2
e4830d227bc9842ee0351fc54a894194 0 169078838 2
e4830d227bc9842ee0351fc54a894194 0 313862591 1
e4830d227bc9842ee0351fc54a894194 0 160634714 2
e4830d227bc9842ee0351fc54a894194 0 159527358 2
e4830d227bc9842ee0351fc54a894194 0 160732808 2
e4830d227bc9842ee0351fc54a894194 0 92657205 2
e4830d227bc9842ee0351fc54a894194 0 17806679 1
e4830d227bc9842ee0351fc54a894194 0 275770015 2
e4830d227bc9842ee0351fc54a894194 0 304356172 2
e4830d227bc9842ee0351fc54a894194 0 157905987 2
e4830d227bc9842ee0351fc54a894194 0 84365452 2
e4830d227bc9842ee0351fc54a894194 0 126074522 2
e4830d227bc9842ee0351fc54a894194 0 137210824 2
e4830d227bc9842ee0351fc54a894194 0 17803774 2
e4830d227bc9842ee0351fc54a894194 0 128989136 2
e4830d227bc9842ee0351fc54a894194 0 171822258 2
e4830d227bc9842ee0351fc54a894194 0 157858716 2
e4830d227bc9842ee0351fc54a894194 0 163204093 2
e4830d227bc9842ee0351fc54a894194 0 19014297 2
e4830d227bc9842ee0351fc54a894194 0 18622144 2
e4830d227bc9842ee0351fc54a894194 0 148200981 2
af166e3441b23e4e8457fd45b70e0fb6 0 154514699 2
af166e3441b23e4e8457fd45b70e0fb6 0 69520841 2
af166e3441b23e4e8457fd45b70e0fb6 0 6449055 2
af166e3441b23e4e8457fd45b70e0fb6 0 9016827 1
af166e3441b23e4e8457fd45b70e0fb6 0 8848020 2
af166e3441b23e4e8457fd45b70e0fb6 0 292834045 2
af166e3441b23e4e8457fd45b70e0fb6 0 290776874 2
af166e3441b23e4e8457fd45b70e0fb6 0 302749316 1
af166e3441b23e4e8457fd45b70e0fb6 0 47798983 2
af166e3441b23e4e8457fd45b70e0fb6 0 293069820 2
af166e3441b23e4e8457fd45b70e0fb6 0 303309851 1
af166e3441b23e4e8457fd45b70e0fb6 0 33113598 1
af166e3441b23e4e8457fd45b70e0fb6 0 305563604 2
af166e3441b23e4e8457fd45b70e0fb6 0 30326751 1
af166e3441b23e4e8457fd45b70e0fb6 0 304489114 2
af166e3441b23e4e8457fd45b70e0fb6 0 301253227 2
af166e3441b23e4e8457fd45b70e0fb6 0 308891233 2
af166e3441b23e4e8457fd45b70e0fb6 0 28619465 2
af166e3441b23e4e8457fd45b70e0fb6 0 305964738 2
af166e3441b23e4e8457fd45b70e0fb6 0 298400795 2
af166e3441b23e4e8457fd45b70e0fb6 0 10099133 2
af166e3441b23e4e8457fd45b70e0fb6 0 309409125 2
af166e3441b23e4e8457fd45b70e0fb6 0 289556523 2
af166e3441b23e4e8457fd45b70e0fb6 0 276496875 2
af166e3441b23e4e8457fd45b70e0fb6 0 304470643 1
80ef3402a6825b0b34386923fddd177f 0 150260897 2
80ef3402a6825b0b34386923fddd177f 0 156087213 2
80ef3402a6825b0b34386923fddd177f 0 156934310 2
80ef3402a6825b0b34386923fddd177f 0 152370361 2
80ef3402a6825b0b34386923fddd177f 0 312505167 2
80ef3402a6825b0b34386923fddd177f 0 169909916 2
80ef3402a6825b0b34386923fddd177f 0 132362684 2
80ef3402a6825b0b34386923fddd177f 0 136918632 2
80ef3402a6825b0b34386923fddd177f 0 152868203 2
80ef3402a6825b0b34386923fddd177f 0 124867119 2
80ef3402a6825b0b34386923fddd177f 0 138554667 2
80ef3402a6825b0b34386923fddd177f 0 132362736 2
80ef3402a6825b0b34386923fddd177f 0 309481526 2
80ef3402a6825b0b34386923fddd177f 0 134098322 2
80ef3402a6825b0b34386923fddd177f 0 159483734 2
80ef3402a6825b0b34386923fddd177f 0 143803609 1
80ef3402a6825b0b34386923fddd177f 0 153501229 2
80ef3402a6825b0b34386923fddd177f 0 276154638 2
80ef3402a6825b0b34386923fddd177f 0 145838193 2
80ef3402a6825b0b34386923fddd177f 0 158096620 2
589374fa626019dae74b8170b7f4c4d7 0 295665361 1
589374fa626019dae74b8170b7f4c4d7 0 144956543 2
589374fa626019dae74b8170b7f4c4d7 0 302216062 2
589374fa626019dae74b8170b7f4c4d7 0 290790689 2
589374fa626019dae74b8170b7f4c4d7 0 160394802 1
589374fa626019dae74b8170b7f4c4d7 0 153322836 2
589374fa626019dae74b8170b7f4c4d7 0 287585216 2
589374fa626019dae74b8170b7f4c4d7 0 301593014 2
589374fa626019dae74b8170b7f4c4d7 0 7966400 1
589374fa626019dae74b8170b7f4c4d7 0 297525842 2
589374fa626019dae74b8170b7f4c4d7 0 156211089 2
589374fa626019dae74b8170b7f4c4d7 0 129230917 1
589374fa626019dae74b8170b7f4c4d7 0 154133194 1
589374fa626019dae74b8170b7f4c4d7 0 164414613 2
589374fa626019dae74b8170b7f4c4d7 0 154184986 1
589374fa626019dae74b8170b7f4c4d7 0 166712816 2
589374fa626019dae74b8170b7f4c4d7 0 152224390 1
589374fa626019dae74b8170b7f4c4d7 0 78252331 2
589374fa626019dae74b8170b7f4c4d7 0 151184452 2
589374fa626019dae74b8170b7f4c4d7 0 298127255 1
589374fa626019dae74b8170b7f4c4d7 0 299516560 2
589374fa626019dae74b8170b7f4c4d7 0 313502586 2
589374fa626019dae74b8170b7f4c4d7 0 308818635 1
589374fa626019dae74b8170b7f4c4d7 0 150808660 2
589374fa626019dae74b8170b7f4c4d7 0 140344971 1
589374fa626019dae74b8170b7f4c4d7 0 299247806 1
589374fa626019dae74b8170b7f4c4d7 0 120196503 2
540992ac0d6d1987574cf71fee06485a 0 70413569 2
540992ac0d6d1987574cf71fee06485a 0 50745757 2
540992ac0d6d1987574cf71fee06485a 0 149971448 2
540992ac0d6d1987574cf71fee06485a 0 122628738 2
540992ac0d6d1987574cf71fee06485a 0 32995775 2
540992ac0d6d1987574cf71fee06485a 0 310932141 2
540992ac0d6d1987574cf71fee06485a 0 312574397 2
540992ac0d6d1987574cf71fee06485a 0 24985341 2
540992ac0d6d1987574cf71fee06485a 0 141748311 2
540992ac0d6d1987574cf71fee06485a 0 141526649 2
540992ac0d6d1987574cf71fee06485a 0 136789468 2
540992ac0d6d1987574cf71fee06485a 0 25475959 2
540992ac0d6d1987574cf71fee06485a 0 10525819 2
540992ac0d6d1987574cf71fee06485a 0 304517505 2
540992ac0d6d1987574cf71fee06485a 0 148295279 2
540992ac0d6d1987574cf71fee06485a 0 157247501 2
540992ac0d6d1987574cf71fee06485a 0 67143442 2
540992ac0d6d1987574cf71fee06485a 0 159476767 2
540992ac0d6d1987574cf71fee06485a 0 129211376 2
540992ac0d6d1987574cf71fee06485a 0 69360580 2
540992ac0d6d1987574cf71fee06485a 0 140098044 2
540992ac0d6d1987574cf71fee06485a 0 293029917 2
46f4b0bdedf1c02453bd59b7f96acecd 0 17489992 2
46f4b0bdedf1c02453bd59b7f96acecd 0 301069563 2
46f4b0bdedf1c02453bd59b7f96acecd 0 303789479 2
46f4b0bdedf1c02453bd59b7f96acecd 0 274810095 2
46f4b0bdedf1c02453bd59b7f96acecd 0 1157639 2
46f4b0bdedf1c02453bd59b7f96acecd 0 63047003 1
46f4b0bdedf1c02453bd59b7f96acecd 0 2972789 2
46f4b0bdedf1c02453bd59b7f96acecd 0 301855215 1
46f4b0bdedf1c02453bd59b7f96acecd 0 2763759 2
46f4b0bdedf1c02453bd59b7f96acecd 0 312641377 2
46f4b0bdedf1c02453bd59b7f96acecd 0 310985303 2
46f4b0bdedf1c02453bd59b7f96acecd 0 310952028 2
46f4b0bdedf1c02453bd59b7f96acecd 0 70338741 2
46f4b0bdedf1c02453bd59b7f96acecd 0 19088887 2
46f4b0bdedf1c02453bd59b7f96acecd 0 290037800 1
46f4b0bdedf1c02453bd59b7f96acecd 0 33178981 2
46f4b0bdedf1c02453bd59b7f96acecd 0 42796856 2
46f4b0bdedf1c02453bd59b7f96acecd 0 4403254 2
46f4b0bdedf1c02453bd59b7f96acecd 0 2655095 2
46f4b0bdedf1c02453bd59b7f96acecd 0 309431354 2
46f4b0bdedf1c02453bd59b7f96acecd 0 312641467 2
46f4b0bdedf1c02453bd59b7f96acecd 0 47079 2
46f4b0bdedf1c02453bd59b7f96acecd 0 298723388 2
9c64c59a7a6aadb5f0ec8252e0df99aa 0 2456275 0
9c64c59a7a6aadb5f0ec8252e0df99aa 0 71162863 0
9c64c59a7a6aadb5f0ec8252e0df99aa 0 138423473 0
9c64c59a7a6aadb5f0ec8252e0df99aa 0 299727617 0
9c64c59a7a6aadb5f0ec8252e0df99aa 0 2384057 0
9c64c59a7a6aadb5f0ec8252e0df99aa 0 300875799 0
9c64c59a7a6aadb5f0ec8252e0df99aa 0 60637046 1
9c64c59a7a6aadb5f0ec8252e0df99aa 0 290856261 0
9c64c59a7a6aadb5f0ec8252e0df99aa 0 2403716 0
9c64c59a7a6aadb5f0ec8252e0df99aa 0 275535789 0
9c64c59a7a6aadb5f0ec8252e0df99aa 0 150033809 0
9c64c59a7a6aadb5f0ec8252e0df99aa 0 303475901 0
9c64c59a7a6aadb5f0ec8252e0df99aa 0 298352786 1
9c64c59a7a6aadb5f0ec8252e0df99aa 0 2872280 0
9c64c59a7a6aadb5f0ec8252e0df99aa 0 19158008 0
9c64c59a7a6aadb5f0ec8252e0df99aa 0 156850176 0
9c64c59a7a6aadb5f0ec8252e0df99aa 0 160939508 1
9c64c59a7a6aadb5f0ec8252e0df99aa 0 9129538 0
9c64c59a7a6aadb5f0ec8252e0df99aa 0 303474891 0
9c64c59a7a6aadb5f0ec8252e0df99aa 0 293750734 0
9c64c59a7a6aadb5f0ec8252e0df99aa 0 132798358 1
9c64c59a7a6aadb5f0ec8252e0df99aa 0 19800941 0
9c64c59a7a6aadb5f0ec8252e0df99aa 0 301891172 0
9c64c59a7a6aadb5f0ec8252e0df99aa 0 39409692 1
9c64c59a7a6aadb5f0ec8252e0df99aa 0 4233989 0
9c64c59a7a6aadb5f0ec8252e0df99aa 0 2491879 0
9113313cc2065ca1aff3af63a47aa991 0 148989372 2
9113313cc2065ca1aff3af63a47aa991 0 71964367 2
9113313cc2065ca1aff3af63a47aa991 0 46350142 2
9113313cc2065ca1aff3af63a47aa991 0 25471450 2
9113313cc2065ca1aff3af63a47aa991 0 157786983 2
9113313cc2065ca1aff3af63a47aa991 0 166025954 2
9113313cc2065ca1aff3af63a47aa991 0 41201617 2
9113313cc2065ca1aff3af63a47aa991 0 41200982 0
9113313cc2065ca1aff3af63a47aa991 0 21198999 2
9113313cc2065ca1aff3af63a47aa991 0 146364352 2
9113313cc2065ca1aff3af63a47aa991 0 142911792 2
9113313cc2065ca1aff3af63a47aa991 0 86238849 2
9113313cc2065ca1aff3af63a47aa991 0 133458841 2
9113313cc2065ca1aff3af63a47aa991 0 308811269 2
9113313cc2065ca1aff3af63a47aa991 0 43407735 2
9113313cc2065ca1aff3af63a47aa991 0 158731995 2
9113313cc2065ca1aff3af63a47aa991 0 86236149 1
9113313cc2065ca1aff3af63a47aa991 0 11634200 2
9113313cc2065ca1aff3af63a47aa991 0 142175845 2
9113313cc2065ca1aff3af63a47aa991 0 125296863 2
9113313cc2065ca1aff3af63a47aa991 0 296061006 2
9113313cc2065ca1aff3af63a47aa991 0 296060729 2
bc4f726ad66b9127936c8cfc09fce9ba 0 41359653 1
bc4f726ad66b9127936c8cfc09fce9ba 0 167922289 0
bc4f726ad66b9127936c8cfc09fce9ba 0 68965440 0
bc4f726ad66b9127936c8cfc09fce9ba 0 168029561 0
bc4f726ad66b9127936c8cfc09fce9ba 0 8593274 0
bc4f726ad66b9127936c8cfc09fce9ba 0 68965181 0
bc4f726ad66b9127936c8cfc09fce9ba 0 129363101 0
bc4f726ad66b9127936c8cfc09fce9ba 0 292682622 0
bc4f726ad66b9127936c8cfc09fce9ba 0 169322158 0
bc4f726ad66b9127936c8cfc09fce9ba 0 62550887 0
bc4f726ad66b9127936c8cfc09fce9ba 0 310711310 0
bc4f726ad66b9127936c8cfc09fce9ba 0 133674375 0
bc4f726ad66b9127936c8cfc09fce9ba 0 8455133 0
bc4f726ad66b9127936c8cfc09fce9ba 0 40087203 0
bc4f726ad66b9127936c8cfc09fce9ba 0 46604314 0
bc4f726ad66b9127936c8cfc09fce9ba 0 2611767 0
bc4f726ad66b9127936c8cfc09fce9ba 0 2499632 0
bc4f726ad66b9127936c8cfc09fce9ba 0 293864830 0
bc4f726ad66b9127936c8cfc09fce9ba 0 174853718 0
bc4f726ad66b9127936c8cfc09fce9ba 0 40461275 0
bc4f726ad66b9127936c8cfc09fce9ba 0 2634527 0
bc4f726ad66b9127936c8cfc09fce9ba 0 122211784 0
bc4f726ad66b9127936c8cfc09fce9ba 0 47606019 0
bc4f726ad66b9127936c8cfc09fce9ba 0 303922533 0
bc4f726ad66b9127936c8cfc09fce9ba 0 138454489 1
bc4f726ad66b9127936c8cfc09fce9ba 0 70335128 0
bc4f726ad66b9127936c8cfc09fce9ba 0 7174334 0
bc4f726ad66b9127936c8cfc09fce9ba 0 158309116 0
bc4f726ad66b9127936c8cfc09fce9ba 0 6725312 1
eca1fcfa5b2b0492daa1a676159ac1a0 0 122782560 2
eca1fcfa5b2b0492daa1a676159ac1a0 0 303965987 2
eca1fcfa5b2b0492daa1a676159ac1a0 0 54746995 0
eca1fcfa5b2b0492daa1a676159ac1a0 0 304356343 1
eca1fcfa5b2b0492daa1a676159ac1a0 0 126769622 2
eca1fcfa5b2b0492daa1a676159ac1a0 0 89336730 2
eca1fcfa5b2b0492daa1a676159ac1a0 0 57018139 1
eca1fcfa5b2b0492daa1a676159ac1a0 0 62545427 2
eca1fcfa5b2b0492daa1a676159ac1a0 0 157125080 2
eca1fcfa5b2b0492daa1a676159ac1a0 0 164674004 2
eca1fcfa5b2b0492daa1a676159ac1a0 0 164655229 2
eca1fcfa5b2b0492daa1a676159ac1a0 0 290397767 2
eca1fcfa5b2b0492daa1a676159ac1a0 0 313858729 0
eca1fcfa5b2b0492daa1a676159ac1a0 0 164665377 2
eca1fcfa5b2b0492daa1a676159ac1a0 0 57016337 2
9db831533ed3cfc0211280d567a041ff 0 305710884 2
9db831533ed3cfc0211280d567a041ff 0 159416834 2
9db831533ed3cfc0211280d567a041ff 0 132238837 2
9db831533ed3cfc0211280d567a041ff 0 68170744 1
9db831533ed3cfc0211280d567a041ff 0 150418335 2
9db831533ed3cfc0211280d567a041ff 0 71474682 2
9db831533ed3cfc0211280d567a041ff 0 11444484 2
9db831533ed3cfc0211280d567a041ff 0 142513270 2
9db831533ed3cfc0211280d567a041ff 0 40376159 2
9db831533ed3cfc0211280d567a041ff 0 40375452 2
9db831533ed3cfc0211280d567a041ff 0 131346627 2
9db831533ed3cfc0211280d567a041ff 0 48202732 2
9db831533ed3cfc0211280d567a041ff 0 308892012 2
9db831533ed3cfc0211280d567a041ff 0 69385717 1
9db831533ed3cfc0211280d567a041ff 0 9088668 2
9db831533ed3cfc0211280d567a041ff 0 10431187 1
9db831533ed3cfc0211280d567a041ff 0 154799155 1
9db831533ed3cfc0211280d567a041ff 0 41648027 2
9db831533ed3cfc0211280d567a041ff 0 68168672 2
9db831533ed3cfc0211280d567a041ff 0 131348602 2
9db831533ed3cfc0211280d567a041ff 0 10457834 2
9db831533ed3cfc0211280d567a041ff 0 126904400 2
9db831533ed3cfc0211280d567a041ff 0 162352288 2
9db831533ed3cfc0211280d567a041ff 0 139944934 2
9db831533ed3cfc0211280d567a041ff 0 71850182 2
9db831533ed3cfc0211280d567a041ff 0 309484254 2
9db831533ed3cfc0211280d567a041ff 0 157921639 2
9db831533ed3cfc0211280d567a041ff 0 142317848 1
b64733753f9a591fc7662aef2aca1068 0 61166084 1
b64733753f9a591fc7662aef2aca1068 0 21970273 2
b64733753f9a591fc7662aef2aca1068 0 133759191 2
b64733753f9a591fc7662aef2aca1068 0 38017974 2
b64733753f9a591fc7662aef2aca1068 0 160678239 2
b64733753f9a591fc7662aef2aca1068 0 172097720 2
b64733753f9a591fc7662aef2aca1068 0 308814842 2
b64733753f9a591fc7662aef2aca1068 0 302875106 2
b64733753f9a591fc7662aef2aca1068 0 33111157 2
b64733753f9a591fc7662aef2aca1068 0 295984320 2
b64733753f9a591fc7662aef2aca1068 0 40027112 1
b64733753f9a591fc7662aef2aca1068 0 42609714 2
b64733753f9a591fc7662aef2aca1068 0 63571031 2
b64733753f9a591fc7662aef2aca1068 0 4473282 2
b64733753f9a591fc7662aef2aca1068 0 294414779 2
b64733753f9a591fc7662aef2aca1068 0 154332825 0
b64733753f9a591fc7662aef2aca1068 0 166669884 2
b64733753f9a591fc7662aef2aca1068 0 138438320 2
b64733753f9a591fc7662aef2aca1068 0 42981210 2
b64733753f9a591fc7662aef2aca1068 0 17446122 2
b64733753f9a591fc7662aef2aca1068 0 65486611 2
b64733753f9a591fc7662aef2aca1068 0 133649892 2
d6e0c8db96b3118ebdf59c57fb717dd7 0 292269866 2
d6e0c8db96b3118ebdf59c57fb717dd7 0 296377675 2
d6e0c8db96b3118ebdf59c57fb717dd7 0 153522962 1
d6e0c8db96b3118ebdf59c57fb717dd7 0 295234714 2
d6e0c8db96b3118ebdf59c57fb717dd7 0 302021641 1
d6e0c8db96b3118ebdf59c57fb717dd7 0 24711394 2
d6e0c8db96b3118ebdf59c57fb717dd7 0 291382776 1
d6e0c8db96b3118ebdf59c57fb717dd7 0 293075781 2
d6e0c8db96b3118ebdf59c57fb717dd7 0 160732109 1
d6e0c8db96b3118ebdf59c57fb717dd7 0 62532625 1
d6e0c8db96b3118ebdf59c57fb717dd7 0 300039178 1
d6e0c8db96b3118ebdf59c57fb717dd7 0 274113510 1
d6e0c8db96b3118ebdf59c57fb717dd7 0 174670669 2
d6e0c8db96b3118ebdf59c57fb717dd7 0 302870574 1
d6e0c8db96b3118ebdf59c57fb717dd7 0 6427732 2
d6e0c8db96b3118ebdf59c57fb717dd7 0 70412073 1
d6e0c8db96b3118ebdf59c57fb717dd7 0 297457976 1
d6e0c8db96b3118ebdf59c57fb717dd7 0 158140867 2
d6e0c8db96b3118ebdf59c57fb717dd7 0 4406539 2
d6e0c8db96b3118ebdf59c57fb717dd7 0 9811323 2
a51420961c3596d8b269354d07514dd6 0 304947744 2
a51420961c3596d8b269354d07514dd6 0 44759864 1
a51420961c3596d8b269354d07514dd6 0 294184568 1
a51420961c3596d8b269354d07514dd6 0 150562476 2
a51420961c3596d8b269354d07514dd6 0 70310513 2
a51420961c3596d8b269354d07514dd6 0 159055625 1
a51420961c3596d8b269354d07514dd6 0 20659749 2
a51420961c3596d8b269354d07514dd6 0 63581954 2
a51420961c3596d8b269354d07514dd6 0 174840921 2
a51420961c3596d8b269354d07514dd6 0 296001466 1
a51420961c3596d8b269354d07514dd6 0 11027576 1
a51420961c3596d8b269354d07514dd6 0 302846236 2
a51420961c3596d8b269354d07514dd6 0 295447522 2
a51420961c3596d8b269354d07514dd6 0 83003813 2
a51420961c3596d8b269354d07514dd6 0 174840918 1
a51420961c3596d8b269354d07514dd6 0 125768462 1
a51420961c3596d8b269354d07514dd6 0 14387737 1
a51420961c3596d8b269354d07514dd6 0 63015406 2
a51420961c3596d8b269354d07514dd6 0 287344373 2
a51420961c3596d8b269354d07514dd6 0 123865760 2
a51420961c3596d8b269354d07514dd6 0 161814909 2
a51420961c3596d8b269354d07514dd6 0 294171952 2
a51420961c3596d8b269354d07514dd6 0 294173545 2
a51420961c3596d8b269354d07514dd6 0 293339772 2
a51420961c3596d8b269354d07514dd6 0 84860068 2
a51420961c3596d8b269354d07514dd6 0 299518913 2
a51420961c3596d8b269354d07514dd6 0 305620954 2
a51420961c3596d8b269354d07514dd6 0 71031758 2
a51420961c3596d8b269354d07514dd6 0 310597427 2
a51420961c3596d8b269354d07514dd6 0 2047985 2
d9204a56e34a1c344391ad4e2c8963c0 0 99049908 1
d9204a56e34a1c344391ad4e2c8963c0 0 293808675 0
d9204a56e34a1c344391ad4e2c8963c0 0 300629502 2
d9204a56e34a1c344391ad4e2c8963c0 0 296454975 0
d9204a56e34a1c344391ad4e2c8963c0 0 310697092 0
d9204a56e34a1c344391ad4e2c8963c0 0 305681823 2
d9204a56e34a1c344391ad4e2c8963c0 0 70297614 1
d9204a56e34a1c344391ad4e2c8963c0 0 289870320 1
d9204a56e34a1c344391ad4e2c8963c0 0 309484659 1
d9204a56e34a1c344391ad4e2c8963c0 0 18605345 2
d9204a56e34a1c344391ad4e2c8963c0 0 292650217 0
d9204a56e34a1c344391ad4e2c8963c0 0 289562727 0
d9204a56e34a1c344391ad4e2c8963c0 0 292506779 2
d9204a56e34a1c344391ad4e2c8963c0 0 122431139 1
d9204a56e34a1c344391ad4e2c8963c0 0 11586406 1
d9204a56e34a1c344391ad4e2c8963c0 0 303496809 1
d9204a56e34a1c344391ad4e2c8963c0 0 289553606 1
d9204a56e34a1c344391ad4e2c8963c0 0 300872498 1
d9204a56e34a1c344391ad4e2c8963c0 0 19030170 1
d9204a56e34a1c344391ad4e2c8963c0 0 301892932 2
d9204a56e34a1c344391ad4e2c8963c0 0 171564558 1
d9204a56e34a1c344391ad4e2c8963c0 0 304389935 0
d9204a56e34a1c344391ad4e2c8963c0 0 166871509 1
d9204a56e34a1c344391ad4e2c8963c0 0 298286138 1
d9204a56e34a1c344391ad4e2c8963c0 0 171564553 1
d9204a56e34a1c344391ad4e2c8963c0 0 308813029 0
93552e2eb156f5c55161c41a17f2a01a 0 87173766 1
93552e2eb156f5c55161c41a17f2a01a 0 298521712 2
93552e2eb156f5c55161c41a17f2a01a 0 292068585 2
93552e2eb156f5c55161c41a17f2a01a 0 143246805 2
93552e2eb156f5c55161c41a17f2a01a 0 141745268 1
93552e2eb156f5c55161c41a17f2a01a 0 168089183 2
93552e2eb156f5c55161c41a17f2a01a 0 70311659 0
93552e2eb156f5c55161c41a17f2a01a 0 149923465 2
93552e2eb156f5c55161c41a17f2a01a 0 303973629 2
93552e2eb156f5c55161c41a17f2a01a 0 301255314 2
93552e2eb156f5c55161c41a17f2a01a 0 304380637 2
93552e2eb156f5c55161c41a17f2a01a 0 123318291 1
93552e2eb156f5c55161c41a17f2a01a 0 123537485 1
93552e2eb156f5c55161c41a17f2a01a 0 70311944 2
93552e2eb156f5c55161c41a17f2a01a 0 78107449 2
93552e2eb156f5c55161c41a17f2a01a 0 307632056 2
93552e2eb156f5c55161c41a17f2a01a 0 303816688 2
93552e2eb156f5c55161c41a17f2a01a 0 298307930 2
93552e2eb156f5c55161c41a17f2a01a 0 83005162 1
93552e2eb156f5c55161c41a17f2a01a 0 6502232 2
93552e2eb156f5c55161c41a17f2a01a 0 71400055 2
93552e2eb156f5c55161c41a17f2a01a 0 126886911 2
93552e2eb156f5c55161c41a17f2a01a 0 302957672 2
ed79fa2457530c1961cffee00b364ee5 0 276362898 2
ed79fa2457530c1961cffee00b364ee5 0 301341072 2
ed79fa2457530c1961cffee00b364ee5 0 314831373 2
ed79fa2457530c1961cffee00b364ee5 0 80476863 2
ed79fa2457530c1961cffee00b364ee5 0 4632061 2
ed79fa2457530c1961cffee00b364ee5 0 289766045 2
ed79fa2457530c1961cffee00b364ee5 0 304050057 2
ed79fa2457530c1961cffee00b364ee5 0 292568077 1
ed79fa2457530c1961cffee00b364ee5 0 44760181 2
ed79fa2457530c1961cffee00b364ee5 0 310975146 0
ed79fa2457530c1961cffee00b364ee5 0 275791349 2
ed79fa2457530c1961cffee00b364ee5 0 303922196 2
ed79fa2457530c1961cffee00b364ee5 0 62047199 2
ed79fa2457530c1961cffee00b364ee5 0 83845801 2
ed79fa2457530c1961cffee00b364ee5 0 4633243 2
ed79fa2457530c1961cffee00b364ee5 0 38174644 1
ed79fa2457530c1961cffee00b364ee5 0 2337314 1
ed79fa2457530c1961cffee00b364ee5 0 309698667 2
ed79fa2457530c1961cffee00b364ee5 0 295913723 2
ed79fa2457530c1961cffee00b364ee5 0 7650059 2
ed79fa2457530c1961cffee00b364ee5 0 54164076 2
ed79fa2457530c1961cffee00b364ee5 0 299967248 2
ed79fa2457530c1961cffee00b364ee5 0 24884265 2
ed79fa2457530c1961cffee00b364ee5 0 5126652 2
ed79fa2457530c1961cffee00b364ee5 0 296922377 2
ed79fa2457530c1961cffee00b364ee5 0 41016795 2
ed79fa2457530c1961cffee00b364ee5 0 6257471 2
ed79fa2457530c1961cffee00b364ee5 0 24700677 2
ed79fa2457530c1961cffee00b364ee5 0 9053679 2
ed79fa2457530c1961cffee00b364ee5 0 292661208 2
79915fa3192e4cbc5ff3067084a9bffa 0 37589508 2
79915fa3192e4cbc5ff3067084a9bffa 0 135613402 2
79915fa3192e4cbc5ff3067084a9bffa 0 54174886 0
79915fa3192e4cbc5ff3067084a9bffa 0 79043349 2
79915fa3192e4cbc5ff3067084a9bffa 0 150989728 2
79915fa3192e4cbc5ff3067084a9bffa 0 237904 1
79915fa3192e4cbc5ff3067084a9bffa 0 135973157 2
79915fa3192e4cbc5ff3067084a9bffa 0 123426384 2
79915fa3192e4cbc5ff3067084a9bffa 0 2819431 2
79915fa3192e4cbc5ff3067084a9bffa 0 127010037 2
79915fa3192e4cbc5ff3067084a9bffa 0 86786568 2
79915fa3192e4cbc5ff3067084a9bffa 0 38151852 2
79915fa3192e4cbc5ff3067084a9bffa 0 108803014 2
79915fa3192e4cbc5ff3067084a9bffa 0 19111214 2
79915fa3192e4cbc5ff3067084a9bffa 0 13905408 2
79915fa3192e4cbc5ff3067084a9bffa 0 57619804 1
79915fa3192e4cbc5ff3067084a9bffa 0 126157508 1
79915fa3192e4cbc5ff3067084a9bffa 0 68382638 2
79915fa3192e4cbc5ff3067084a9bffa 0 140341094 2
79915fa3192e4cbc5ff3067084a9bffa 0 142384056 2
79915fa3192e4cbc5ff3067084a9bffa 0 301622825 2
79915fa3192e4cbc5ff3067084a9bffa 0 37725735 2
79915fa3192e4cbc5ff3067084a9bffa 0 68365825 2
79915fa3192e4cbc5ff3067084a9bffa 0 293029122 2
79915fa3192e4cbc5ff3067084a9bffa 0 37980203 2
79915fa3192e4cbc5ff3067084a9bffa 0 11017286 2
081a8a13c4fe322862cbc56d2fd7a58b 0 164610743 2
081a8a13c4fe322862cbc56d2fd7a58b 0 160461202 2
081a8a13c4fe322862cbc56d2fd7a58b 0 48122887 2
081a8a13c4fe322862cbc56d2fd7a58b 0 153567156 2
081a8a13c4fe322862cbc56d2fd7a58b 0 299517879 2
081a8a13c4fe322862cbc56d2fd7a58b 0 125176484 2
081a8a13c4fe322862cbc56d2fd7a58b 0 125173606 2
081a8a13c4fe322862cbc56d2fd7a58b 0 77865905 2
081a8a13c4fe322862cbc56d2fd7a58b 0 310876365 2
081a8a13c4fe322862cbc56d2fd7a58b 0 123445894 1
081a8a13c4fe322862cbc56d2fd7a58b 0 134976601 2
081a8a13c4fe322862cbc56d2fd7a58b 0 136032130 2
081a8a13c4fe322862cbc56d2fd7a58b 0 297490696 2
081a8a13c4fe322862cbc56d2fd7a58b 0 170701747 2
081a8a13c4fe322862cbc56d2fd7a58b 0 157819169 2
081a8a13c4fe322862cbc56d2fd7a58b 0 156007287 2
081a8a13c4fe322862cbc56d2fd7a58b 0 88924837 2
081a8a13c4fe322862cbc56d2fd7a58b 0 59813372 2
081a8a13c4fe322862cbc56d2fd7a58b 0 164610815 2
081a8a13c4fe322862cbc56d2fd7a58b 0 71431758 2
e06a5a6278f3d948526124bc4c0a7a16 0 299289788 2
e06a5a6278f3d948526124bc4c0a7a16 0 304513338 1
e06a5a6278f3d948526124bc4c0a7a16 0 156684857 1
e06a5a6278f3d948526124bc4c0a7a16 0 297938312 2
e06a5a6278f3d948526124bc4c0a7a16 0 4856698 1
e06a5a6278f3d948526124bc4c0a7a16 0 302054469 1
e06a5a6278f3d948526124bc4c0a7a16 0 290351783 2
e06a5a6278f3d948526124bc4c0a7a16 0 137379140 1
e06a5a6278f3d948526124bc4c0a7a16 0 160672201 1
e06a5a6278f3d948526124bc4c0a7a16 0 299624365 2
e06a5a6278f3d948526124bc4c0a7a16 0 291419356 1
e06a5a6278f3d948526124bc4c0a7a16 0 46835853 1
e06a5a6278f3d948526124bc4c0a7a16 0 143430439 1
e06a5a6278f3d948526124bc4c0a7a16 0 298857516 1
e06a5a6278f3d948526124bc4c0a7a16 0 276253715 1
e06a5a6278f3d948526124bc4c0a7a16 0 292469324 2
e06a5a6278f3d948526124bc4c0a7a16 0 143803609 2
e06a5a6278f3d948526124bc4c0a7a16 0 308906390 2
e06a5a6278f3d948526124bc4c0a7a16 0 18056905 0
e06a5a6278f3d948526124bc4c0a7a16 0 166182883 2
e06a5a6278f3d948526124bc4c0a7a16 0 299883141 1
e06a5a6278f3d948526124bc4c0a7a16 0 276244344 2
e06a5a6278f3d948526124bc4c0a7a16 0 296115204 2
e06a5a6278f3d948526124bc4c0a7a16 0 54167451 0
e06a5a6278f3d948526124bc4c0a7a16 0 170565253 1
e06a5a6278f3d948526124bc4c0a7a16 0 305758613 2
9f53f39aad8fb609c058a13da9148881 0 296090625 0
9f53f39aad8fb609c058a13da9148881 0 129023699 0
9f53f39aad8fb609c058a13da9148881 0 300187662 2
9f53f39aad8fb609c058a13da9148881 0 60966292 1
9f53f39aad8fb609c058a13da9148881 0 304387894 2
9f53f39aad8fb609c058a13da9148881 0 304390050 1
9f53f39aad8fb609c058a13da9148881 0 300187677 2
9f53f39aad8fb609c058a13da9148881 0 313305739 0
9f53f39aad8fb609c058a13da9148881 0 304388487 1
9f53f39aad8fb609c058a13da9148881 0 301736899 0
9f53f39aad8fb609c058a13da9148881 0 302932896 0
9f53f39aad8fb609c058a13da9148881 0 172895803 2
9f53f39aad8fb609c058a13da9148881 0 14352334 1
9f53f39aad8fb609c058a13da9148881 0 301565274 2
9f53f39aad8fb609c058a13da9148881 0 300356242 2
9f53f39aad8fb609c058a13da9148881 0 7594974 2
9f53f39aad8fb609c058a13da9148881 0 7593784 0
9f53f39aad8fb609c058a13da9148881 0 14422509 2
9f53f39aad8fb609c058a13da9148881 0 51871233 1
9f53f39aad8fb609c058a13da9148881 0 7594982 0
9f53f39aad8fb609c058a13da9148881 0 305714268 2
9f53f39aad8fb609c058a13da9148881 0 14352617 2
9f53f39aad8fb609c058a13da9148881 0 7609454 1
9f53f39aad8fb609c058a13da9148881 0 51414009 1
9f53f39aad8fb609c058a13da9148881 0 160479476 1
9f53f39aad8fb609c058a13da9148881 0 300187669 2
9f53f39aad8fb609c058a13da9148881 0 7593307 1
1bf216d64c70401c54241fc48b650589 0 108580936 2
1bf216d64c70401c54241fc48b650589 0 304977814 2
1bf216d64c70401c54241fc48b650589 0 38614609 2
1bf216d64c70401c54241fc48b650589 0 5241767 2
1bf216d64c70401c54241fc48b650589 0 299722275 1
1bf216d64c70401c54241fc48b650589 0 303811463 1
1bf216d64c70401c54241fc48b650589 0 101086658 2
1bf216d64c70401c54241fc48b650589 0 305758149 1
1bf216d64c70401c54241fc48b650589 0 154185090 2
1bf216d64c70401c54241fc48b650589 0 168921085 2
1bf216d64c70401c54241fc48b650589 0 80040537 1
1bf216d64c70401c54241fc48b650589 0 8035140 2
1bf216d64c70401c54241fc48b650589 0 42981688 1
1bf216d64c70401c54241fc48b650589 0 160419887 2
1bf216d64c70401c54241fc48b650589 0 304978314 1
1bf216d64c70401c54241fc48b650589 0 110085838 2
1bf216d64c70401c54241fc48b650589 0 9146438 1
1bf216d64c70401c54241fc48b650589 0 297940383 1
1bf216d64c70401c54241fc48b650589 0 304902363 1
1bf216d64c70401c54241fc48b650589 0 298936790 1
1bf216d64c70401c54241fc48b650589 0 291318671 2
1bf216d64c70401c54241fc48b650589 0 2266056 1
1bf216d64c70401c54241fc48b650589 0 80363229 2
1bf216d64c70401c54241fc48b650589 0 6699508 2
1bf216d64c70401c54241fc48b650589 0 307621044 1
1bf216d64c70401c54241fc48b650589 0 70585226 1
357430e58b89f8aab997560de0f66e80 0 291384659 2
357430e58b89f8aab997560de0f66e80 0 276104119 2
357430e58b89f8aab997560de0f66e80 0 309385623 2
357430e58b89f8aab997560de0f66e80 0 305618027 2
357430e58b89f8aab997560de0f66e80 0 302868092 2
357430e58b89f8aab997560de0f66e80 0 108425201 2
357430e58b89f8aab997560de0f66e80 0 293015049 2
357430e58b89f8aab997560de0f66e80 0 291424090 2
357430e58b89f8aab997560de0f66e80 0 132819831 2
357430e58b89f8aab997560de0f66e80 0 295539741 2
357430e58b89f8aab997560de0f66e80 0 301684409 2
357430e58b89f8aab997560de0f66e80 0 312542434 2
357430e58b89f8aab997560de0f66e80 0 291903888 1
357430e58b89f8aab997560de0f66e80 0 153546875 2
357430e58b89f8aab997560de0f66e80 0 165817076 2
357430e58b89f8aab997560de0f66e80 0 301684271 2
357430e58b89f8aab997560de0f66e80 0 159564542 2
357430e58b89f8aab997560de0f66e80 0 289499783 2
357430e58b89f8aab997560de0f66e80 0 295422536 2
357430e58b89f8aab997560de0f66e80 0 292649246 2
357430e58b89f8aab997560de0f66e80 0 143477233 2
357430e58b89f8aab997560de0f66e80 0 293423645 2
357430e58b89f8aab997560de0f66e80 0 156031049 2
357430e58b89f8aab997560de0f66e80 0 301608836 2
4726afa301f2ff48fdbc0cb8fd9c516f 0 15025550 2
4726afa301f2ff48fdbc0cb8fd9c516f 0 268358599 2
4726afa301f2ff48fdbc0cb8fd9c516f 0 165133633 2
4726afa301f2ff48fdbc0cb8fd9c516f 0 14094391 2
4726afa301f2ff48fdbc0cb8fd9c516f 0 161406439 2
4726afa301f2ff48fdbc0cb8fd9c516f 0 63338256 2
4726afa301f2ff48fdbc0cb8fd9c516f 0 310957329 2
4726afa301f2ff48fdbc0cb8fd9c516f 0 61677088 2
4726afa301f2ff48fdbc0cb8fd9c516f 0 46136508 2
4726afa301f2ff48fdbc0cb8fd9c516f 0 165133774 2
4726afa301f2ff48fdbc0cb8fd9c516f 0 158506557 2
4726afa301f2ff48fdbc0cb8fd9c516f 0 168969932 2
4726afa301f2ff48fdbc0cb8fd9c516f 0 303765906 2
4726afa301f2ff48fdbc0cb8fd9c516f 0 158942969 2
4726afa301f2ff48fdbc0cb8fd9c516f 0 311683901 2
4726afa301f2ff48fdbc0cb8fd9c516f 0 291600616 2
4726afa301f2ff48fdbc0cb8fd9c516f 0 86768840 2
4726afa301f2ff48fdbc0cb8fd9c516f 0 159447891 1
4726afa301f2ff48fdbc0cb8fd9c516f 0 158732302 2
4726afa301f2ff48fdbc0cb8fd9c516f 0 158732275 2
4726afa301f2ff48fdbc0cb8fd9c516f 0 295964630 2
4726afa301f2ff48fdbc0cb8fd9c516f 0 122083538 2
4726afa301f2ff48fdbc0cb8fd9c516f 0 96066114 2
4726afa301f2ff48fdbc0cb8fd9c516f 0 48217945 1
67bf1399882db064d331402f451f8b26 0 88836191 0
67bf1399882db064d331402f451f8b26 0 17164469 1
67bf1399882db064d331402f451f8b26 0 293187614 1
67bf1399882db064d331402f451f8b26 0 301534631 0
67bf1399882db064d331402f451f8b26 0 75782007 1
67bf1399882db064d331402f451f8b26 0 52307414 0
67bf1399882db064d331402f451f8b26 0 78114866 0
67bf1399882db064d331402f451f8b26 0 295425932 1
67bf1399882db064d331402f451f8b26 0 287266559 1
67bf1399882db064d331402f451f8b26 0 43961348 1
67bf1399882db064d331402f451f8b26 0 4763943 1
67bf1399882db064d331402f451f8b26 0 296652380 0
67bf1399882db064d331402f451f8b26 0 10652859 1
67bf1399882db064d331402f451f8b26 0 85793286 0
67bf1399882db064d331402f451f8b26 0 174741013 0
67bf1399882db064d331402f451f8b26 0 304540150 0
67bf1399882db064d331402f451f8b26 0 304599113 0
67bf1399882db064d331402f451f8b26 0 292479469 0
67bf1399882db064d331402f451f8b26 0 296356549 0
67bf1399882db064d331402f451f8b26 0 85603129 0
67bf1399882db064d331402f451f8b26 0 37625740 1
67bf1399882db064d331402f451f8b26 0 309103608 0
67bf1399882db064d331402f451f8b26 0 309032701 0
67bf1399882db064d331402f451f8b26 0 309030794 0
67bf1399882db064d331402f451f8b26 0 52211926 1
67bf1399882db064d331402f451f8b26 0 298278232 0
67bf1399882db064d331402f451f8b26 0 163915519 1
67bf1399882db064d331402f451f8b26 0 313010479 1
116e791922ed83468b9685eba8b0e6a3 0 68448346 0
116e791922ed83468b9685eba8b0e6a3 0 144698591 2
116e791922ed83468b9685eba8b0e6a3 0 284783296 2
116e791922ed83468b9685eba8b0e6a3 0 67177988 1
116e791922ed83468b9685eba8b0e6a3 0 291875959 1
116e791922ed83468b9685eba8b0e6a3 0 298931285 2
116e791922ed83468b9685eba8b0e6a3 0 96709359 2
116e791922ed83468b9685eba8b0e6a3 0 69792051 1
116e791922ed83468b9685eba8b0e6a3 0 159138608 0
116e791922ed83468b9685eba8b0e6a3 0 33913722 0
116e791922ed83468b9685eba8b0e6a3 0 201658 2
116e791922ed83468b9685eba8b0e6a3 0 18771823 2
116e791922ed83468b9685eba8b0e6a3 0 310910512 2
116e791922ed83468b9685eba8b0e6a3 0 112350291 1
116e791922ed83468b9685eba8b0e6a3 0 83539517 2
116e791922ed83468b9685eba8b0e6a3 0 305618458 2
116e791922ed83468b9685eba8b0e6a3 0 19026491 1
116e791922ed83468b9685eba8b0e6a3 0 303390940 2
116e791922ed83468b9685eba8b0e6a3 0 154501613 2
116e791922ed83468b9685eba8b0e6a3 0 148546027 0
116e791922ed83468b9685eba8b0e6a3 0 44156250 2
116e791922ed83468b9685eba8b0e6a3 0 120118747 1
116e791922ed83468b9685eba8b0e6a3 0 238621950 2
34b7db10871b2425e44af504623590e3 0 290113477 1
34b7db10871b2425e44af504623590e3 0 290570956 2
34b7db10871b2425e44af504623590e3 0 14720369 2
34b7db10871b2425e44af504623590e3 0 85860364 1
34b7db10871b2425e44af504623590e3 0 311988117 2
34b7db10871b2425e44af504623590e3 0 44983756 1
34b7db10871b2425e44af504623590e3 0 51681718 2
34b7db10871b2425e44af504623590e3 0 289482792 2
34b7db10871b2425e44af504623590e3 0 291389749 1
34b7db10871b2425e44af504623590e3 0 290578001 2
34b7db10871b2425e44af504623590e3 0 302980028 2
34b7db10871b2425e44af504623590e3 0 308820138 1
34b7db10871b2425e44af504623590e3 0 26188476 1
34b7db10871b2425e44af504623590e3 0 290764844 2
34b7db10871b2425e44af504623590e3 0 303674537 2
34b7db10871b2425e44af504623590e3 0 304979442 2
34b7db10871b2425e44af504623590e3 0 302756922 2
34b7db10871b2425e44af504623590e3 0 310710197 2
34b7db10871b2425e44af504623590e3 0 302692826 2
34b7db10871b2425e44af504623590e3 0 301932542 2
34b7db10871b2425e44af504623590e3 0 302815529 2
34b7db10871b2425e44af504623590e3 0 298520661 1
34b7db10871b2425e44af504623590e3 0 85859369 1
34b7db10871b2425e44af504623590e3 0 78115730 2
34b7db10871b2425e44af504623590e3 0 305015393 2
4f6aeec241df5b2a68ef8109473935cb 0 285305359 1
4f6aeec241df5b2a68ef8109473935cb 0 302101882 1
4f6aeec241df5b2a68ef8109473935cb 0 292886221 1
4f6aeec241df5b2a68ef8109473935cb 0 171819701 1
4f6aeec241df5b2a68ef8109473935cb 0 292649508 2
4f6aeec241df5b2a68ef8109473935cb 0 165117904 2
4f6aeec241df5b2a68ef8109473935cb 0 152601439 1
4f6aeec241df5b2a68ef8109473935cb 0 292569689 1
4f6aeec241df5b2a68ef8109473935cb 0 149984809 2
4f6aeec241df5b2a68ef8109473935cb 0 292538714 2
4f6aeec241df5b2a68ef8109473935cb 0 146974531 1
4f6aeec241df5b2a68ef8109473935cb 0 311162057 1
4f6aeec241df5b2a68ef8109473935cb 0 147740327 1
4f6aeec241df5b2a68ef8109473935cb 0 298330552 2
4f6aeec241df5b2a68ef8109473935cb 0 109784533 2
4f6aeec241df5b2a68ef8109473935cb 0 304524622 2
4f6aeec241df5b2a68ef8109473935cb 0 301435849 2
4f6aeec241df5b2a68ef8109473935cb 0 132172328 1
4f6aeec241df5b2a68ef8109473935cb 0 292503630 1
4f6aeec241df5b2a68ef8109473935cb 0 295916480 1
58fd19c62fe32b0064fa514d5b699359 0 157250786 2
58fd19c62fe32b0064fa514d5b699359 0 292280186 2
58fd19c62fe32b0064fa514d5b699359 0 299891532 2
58fd19c62fe32b0064fa514d5b699359 0 168796467 1
58fd19c62fe32b0064fa514d5b699359 0 311643412 2
58fd19c62fe32b0064fa514d5b699359 0 161548302 2
58fd19c62fe32b0064fa514d5b699359 0 306818627 2
58fd19c62fe32b0064fa514d5b699359 0 301505614 2
58fd19c62fe32b0064fa514d5b699359 0 274997265 2
58fd19c62fe32b0064fa514d5b699359 0 164873563 2
58fd19c62fe32b0064fa514d5b699359 0 168089162 2
58fd19c62fe32b0064fa514d5b699359 0 309735724 2
58fd19c62fe32b0064fa514d5b699359 0 304489137 2
58fd19c62fe32b0064fa514d5b699359 0 153460535 2
58fd19c62fe32b0064fa514d5b699359 0 300231109 2
58fd19c62fe32b0064fa514d5b699359 0 161326438 2
58fd19c62fe32b0064fa514d5b699359 0 290344383 2
58fd19c62fe32b0064fa514d5b699359 0 146460023 2
58fd19c62fe32b0064fa514d5b699359 0 304356754 2
58fd19c62fe32b0064fa514d5b699359 0 171663273 2
58fd19c62fe32b0064fa514d5b699359 0 291091796 2
58fd19c62fe32b0064fa514d5b699359 0 292466725 2
58fd19c62fe32b0064fa514d5b699359 0 291392387 2
58fd19c62fe32b0064fa514d5b699359 0 145009159 2
58fd19c62fe32b0064fa514d5b699359 0 172263498 2
66d27ab9f8c1302bad8574f588406046 0 292555567 2
66d27ab9f8c1302bad8574f588406046 0 164089764 2
66d27ab9f8c1302bad8574f588406046 0 37993542 1
66d27ab9f8c1302bad8574f588406046 0 59021700 2
66d27ab9f8c1302bad8574f588406046 0 293850273 2
66d27ab9f8c1302bad8574f588406046 0 302364631 2
66d27ab9f8c1302bad8574f588406046 0 291100730 2
66d27ab9f8c1302bad8574f588406046 0 168174285 1
66d27ab9f8c1302bad8574f588406046 0 305205856 0
66d27ab9f8c1302bad8574f588406046 0 164080733 1
66d27ab9f8c1302bad8574f588406046 0 162186115 2
66d27ab9f8c1302bad8574f588406046 0 129231706 2
66d27ab9f8c1302bad8574f588406046 0 79193147 2
66d27ab9f8c1302bad8574f588406046 0 141763300 1
66d27ab9f8c1302bad8574f588406046 0 144562514 2
66d27ab9f8c1302bad8574f588406046 0 153319372 2
66d27ab9f8c1302bad8574f588406046 0 78559314 2
7913830a5c5ab3c239d4063a349dec98 0 26690445 2
7913830a5c5ab3c239d4063a349dec98 0 62307066 2
7913830a5c5ab3c239d4063a349dec98 0 314626858 1
7913830a5c5ab3c239d4063a349dec98 0 27747309 2
7913830a5c5ab3c239d4063a349dec98 0 303287247 2
7913830a5c5ab3c239d4063a349dec98 0 8866859 1
7913830a5c5ab3c239d4063a349dec98 0 292661594 2
7913830a5c5ab3c239d4063a349dec98 0 2589702 1
7913830a5c5ab3c239d4063a349dec98 0 34078201 2
7913830a5c5ab3c239d4063a349dec98 0 74709006 2
7913830a5c5ab3c239d4063a349dec98 0 33379915 2
7913830a5c5ab3c239d4063a349dec98 0 8865984 2
7913830a5c5ab3c239d4063a349dec98 0 7769837 2
7913830a5c5ab3c239d4063a349dec98 0 2502754 2
7913830a5c5ab3c239d4063a349dec98 0 314912487 2
7913830a5c5ab3c239d4063a349dec98 0 43513868 2
7913830a5c5ab3c239d4063a349dec98 0 27581637 2
7913830a5c5ab3c239d4063a349dec98 0 44765035 2
7913830a5c5ab3c239d4063a349dec98 0 18699289 2
7913830a5c5ab3c239d4063a349dec98 0 50252270 2
7913830a5c5ab3c239d4063a349dec98 0 6249686 2
0743b48256f396ad4f803a4575927613 0 290436771 1
0743b48256f396ad4f803a4575927613 0 39986360 2
0743b48256f396ad4f803a4575927613 0 59076746 2
0743b48256f396ad4f803a4575927613 0 312617500 2
0743b48256f396ad4f803a4575927613 0 66846939 0
0743b48256f396ad4f803a4575927613 0 305326937 2
0743b48256f396ad4f803a4575927613 0 53880027 2
0743b48256f396ad4f803a4575927613 0 31398391 1
0743b48256f396ad4f803a4575927613 0 299251025 2
0743b48256f396ad4f803a4575927613 0 302981944 2
0743b48256f396ad4f803a4575927613 0 75063338 1
0743b48256f396ad4f803a4575927613 0 292566933 2
0743b48256f396ad4f803a4575927613 0 68451577 0
0743b48256f396ad4f803a4575927613 0 38557756 2
0743b48256f396ad4f803a4575927613 0 120280475 1
0743b48256f396ad4f803a4575927613 0 11405263 1
0743b48256f396ad4f803a4575927613 0 69932409 2
0743b48256f396ad4f803a4575927613 0 8594973 2
0743b48256f396ad4f803a4575927613 0 85255194 1
0743b48256f396ad4f803a4575927613 0 7025347 2
0743b48256f396ad4f803a4575927613 0 70488986 1
0743b48256f396ad4f803a4575927613 0 168349143 0
0743b48256f396ad4f803a4575927613 0 33766026 2
0743b48256f396ad4f803a4575927613 0 302703970 2
0743b48256f396ad4f803a4575927613 0 160435547 0
0743b48256f396ad4f803a4575927613 0 40302607 1
cf62d1840ba5d5b67a13a9face49845a 0 301569430 1
cf62d1840ba5d5b67a13a9face49845a 0 168983682 1
cf62d1840ba5d5b67a13a9face49845a 0 296039982 1
cf62d1840ba5d5b67a13a9face49845a 0 312625865 1
cf62d1840ba5d5b67a13a9face49845a 0 121440197 1
cf62d1840ba5d5b67a13a9face49845a 0 289669761 1
cf62d1840ba5d5b67a13a9face49845a 0 168278577 1
cf62d1840ba5d5b67a13a9face49845a 0 292649619 2
cf62d1840ba5d5b67a13a9face49845a 0 167164824 1
cf62d1840ba5d5b67a13a9face49845a 0 312797310 1
cf62d1840ba5d5b67a13a9face49845a 0 170314674 1
cf62d1840ba5d5b67a13a9face49845a 0 155174811 1
cf62d1840ba5d5b67a13a9face49845a 0 301584797 2
cf62d1840ba5d5b67a13a9face49845a 0 292649670 1
cf62d1840ba5d5b67a13a9face49845a 0 168041474 1
cf62d1840ba5d5b67a13a9face49845a 0 170314760 1
c7f4279af1b23758d6477607a2bbcefa 0 301246978 2
c7f4279af1b23758d6477607a2bbcefa 0 2728997 1
c7f4279af1b23758d6477607a2bbcefa 0 298352704 2
c7f4279af1b23758d6477607a2bbcefa 0 301227425 2
c7f4279af1b23758d6477607a2bbcefa 0 301771335 1
c7f4279af1b23758d6477607a2bbcefa 0 11444456 2
c7f4279af1b23758d6477607a2bbcefa 0 301572243 2
c7f4279af1b23758d6477607a2bbcefa 0 156006580 1
c7f4279af1b23758d6477607a2bbcefa 0 8059079 1
c7f4279af1b23758d6477607a2bbcefa 0 6439658 2
c7f4279af1b23758d6477607a2bbcefa 0 298119864 2
c7f4279af1b23758d6477607a2bbcefa 0 305237630 1
c7f4279af1b23758d6477607a2bbcefa 0 297478871 2
c7f4279af1b23758d6477607a2bbcefa 0 2860289 2
c7f4279af1b23758d6477607a2bbcefa 0 289765609 2
c7f4279af1b23758d6477607a2bbcefa 0 292704600 2
c7f4279af1b23758d6477607a2bbcefa 0 145608070 2
c7f4279af1b23758d6477607a2bbcefa 0 300788606 2
c7f4279af1b23758d6477607a2bbcefa 0 289528168 2
c7f4279af1b23758d6477607a2bbcefa 0 292832565 2
c7f4279af1b23758d6477607a2bbcefa 0 312417770 2
c7f4279af1b23758d6477607a2bbcefa 0 45608381 1
c7f4279af1b23758d6477607a2bbcefa 0 290848339 2
c7f4279af1b23758d6477607a2bbcefa 0 296824558 2
85ac80d97bbb5c56881e357b9c6a7a7a 0 46432059 0
85ac80d97bbb5c56881e357b9c6a7a7a 0 139439291 1
85ac80d97bbb5c56881e357b9c6a7a7a 0 52670347 0
85ac80d97bbb5c56881e357b9c6a7a7a 0 51722309 1
85ac80d97bbb5c56881e357b9c6a7a7a 0 34103423 0
85ac80d97bbb5c56881e357b9c6a7a7a 0 10280850 0
85ac80d97bbb5c56881e357b9c6a7a7a 0 308923476 0
85ac80d97bbb5c56881e357b9c6a7a7a 0 31418111 0
85ac80d97bbb5c56881e357b9c6a7a7a 0 308918974 1
85ac80d97bbb5c56881e357b9c6a7a7a 0 44762336 1
85ac80d97bbb5c56881e357b9c6a7a7a 0 71681209 1
85ac80d97bbb5c56881e357b9c6a7a7a 0 31560915 1
85ac80d97bbb5c56881e357b9c6a7a7a 0 312572533 1
85ac80d97bbb5c56881e357b9c6a7a7a 0 140115791 2
85ac80d97bbb5c56881e357b9c6a7a7a 0 291832015 0
85ac80d97bbb5c56881e357b9c6a7a7a 0 275718519 1
85ac80d97bbb5c56881e357b9c6a7a7a 0 34023209 2
1c4bc3e0f4bf5add8b37a379e3910463 0 303197879 1
1c4bc3e0f4bf5add8b37a379e3910463 0 289767023 1
1c4bc3e0f4bf5add8b37a379e3910463 0 291712340 1
1c4bc3e0f4bf5add8b37a379e3910463 0 304943163 1
1c4bc3e0f4bf5add8b37a379e3910463 0 313713698 1
1c4bc3e0f4bf5add8b37a379e3910463 0 287302257 2
1c4bc3e0f4bf5add8b37a379e3910463 0 308894066 1
1c4bc3e0f4bf5add8b37a379e3910463 0 299196985 1
1c4bc3e0f4bf5add8b37a379e3910463 0 302897224 2
1c4bc3e0f4bf5add8b37a379e3910463 0 37994368 0
1c4bc3e0f4bf5add8b37a379e3910463 0 302880781 1
1c4bc3e0f4bf5add8b37a379e3910463 0 304868245 2
1c4bc3e0f4bf5add8b37a379e3910463 0 276266045 1
1c4bc3e0f4bf5add8b37a379e3910463 0 139960656 1
1c4bc3e0f4bf5add8b37a379e3910463 0 17474794 0
1c4bc3e0f4bf5add8b37a379e3910463 0 2658863 1
1c4bc3e0f4bf5add8b37a379e3910463 0 305248252 2
1c4bc3e0f4bf5add8b37a379e3910463 0 298354005 1
1c4bc3e0f4bf5add8b37a379e3910463 0 305589695 1
1c4bc3e0f4bf5add8b37a379e3910463 0 311058684 2
1c4bc3e0f4bf5add8b37a379e3910463 0 299117319 2
1c4bc3e0f4bf5add8b37a379e3910463 0 293239846 1
1c4bc3e0f4bf5add8b37a379e3910463 0 155971960 1
1c4bc3e0f4bf5add8b37a379e3910463 0 305972204 1
1c4bc3e0f4bf5add8b37a379e3910463 0 8016988 1
1c4bc3e0f4bf5add8b37a379e3910463 0 36992071 0
1c4bc3e0f4bf5add8b37a379e3910463 0 303326837 1
1c4bc3e0f4bf5add8b37a379e3910463 0 159983211 2
cf0a23a14082d55d74fad12e78a868e6 0 301602881 0
cf0a23a14082d55d74fad12e78a868e6 0 151198686 2
cf0a23a14082d55d74fad12e78a868e6 0 150468985 0
cf0a23a14082d55d74fad12e78a868e6 0 50064968 1
cf0a23a14082d55d74fad12e78a868e6 0 301341543 0
cf0a23a14082d55d74fad12e78a868e6 0 303491674 3
cf0a23a14082d55d74fad12e78a868e6 0 292270973 0
cf0a23a14082d55d74fad12e78a868e6 0 86784693 0
cf0a23a14082d55d74fad12e78a868e6 0 233117821 2
cf0a23a14082d55d74fad12e78a868e6 0 292924535 0
cf0a23a14082d55d74fad12e78a868e6 0 19056702 1
cf0a23a14082d55d74fad12e78a868e6 0 304033721 0
cf0a23a14082d55d74fad12e78a868e6 0 296015879 2
cf0a23a14082d55d74fad12e78a868e6 0 303299602 1
cf0a23a14082d55d74fad12e78a868e6 0 312324831 1
cf0a23a14082d55d74fad12e78a868e6 0 171472466 1
cf0a23a14082d55d74fad12e78a868e6 0 300917952 0
cf0a23a14082d55d74fad12e78a868e6 0 295720145 0
cf0a23a14082d55d74fad12e78a868e6 0 292237126 1
cf0a23a14082d55d74fad12e78a868e6 0 152499994 0
cf0a23a14082d55d74fad12e78a868e6 0 303304227 2
bde93b8e8293890c7cbf1a42fbfede2b 0 283172831 2
bde93b8e8293890c7cbf1a42fbfede2b 0 21837071 2
bde93b8e8293890c7cbf1a42fbfede2b 0 33543762 2
bde93b8e8293890c7cbf1a42fbfede2b 0 51792373 2
bde93b8e8293890c7cbf1a42fbfede2b 0 293420956 2
bde93b8e8293890c7cbf1a42fbfede2b 0 45232171 2
bde93b8e8293890c7cbf1a42fbfede2b 0 9189884 2
bde93b8e8293890c7cbf1a42fbfede2b 0 300609092 2
bde93b8e8293890c7cbf1a42fbfede2b 0 126955191 2
bde93b8e8293890c7cbf1a42fbfede2b 0 9170087 2
bde93b8e8293890c7cbf1a42fbfede2b 0 22466824 2
bde93b8e8293890c7cbf1a42fbfede2b 0 123483418 2
bde93b8e8293890c7cbf1a42fbfede2b 0 34099761 2
bde93b8e8293890c7cbf1a42fbfede2b 0 47505064 2
bde93b8e8293890c7cbf1a42fbfede2b 0 121660187 2
bde93b8e8293890c7cbf1a42fbfede2b 0 64089426 2
bde93b8e8293890c7cbf1a42fbfede2b 0 301310658 2
bde93b8e8293890c7cbf1a42fbfede2b 0 10997482 2
bde93b8e8293890c7cbf1a42fbfede2b 0 132318534 3
bde93b8e8293890c7cbf1a42fbfede2b 0 151782105 2
bde93b8e8293890c7cbf1a42fbfede2b 0 140055636 2
bde93b8e8293890c7cbf1a42fbfede2b 0 33670168 2
bde93b8e8293890c7cbf1a42fbfede2b 0 18951771 2
bde93b8e8293890c7cbf1a42fbfede2b 0 6832916 2
bde93b8e8293890c7cbf1a42fbfede2b 0 10960712 2
5fd845420b105f529c31c74fb86504c5 0 46355735 1
5fd845420b105f529c31c74fb86504c5 0 274846759 2
5fd845420b105f529c31c74fb86504c5 0 158723956 2
5fd845420b105f529c31c74fb86504c5 0 303972916 2
5fd845420b105f529c31c74fb86504c5 0 310947324 1
5fd845420b105f529c31c74fb86504c5 0 305754200 2
5fd845420b105f529c31c74fb86504c5 0 295663058 2
5fd845420b105f529c31c74fb86504c5 0 292438366 1
5fd845420b105f529c31c74fb86504c5 0 34227300 2
5fd845420b105f529c31c74fb86504c5 0 291430522 1
5fd845420b105f529c31c74fb86504c5 0 22885251 2
5fd845420b105f529c31c74fb86504c5 0 148368216 2
5fd845420b105f529c31c74fb86504c5 0 299606085 2
5fd845420b105f529c31c74fb86504c5 0 291419734 2
5fd845420b105f529c31c74fb86504c5 0 33974370 2
5fd845420b105f529c31c74fb86504c5 0 166625509 2
5fd845420b105f529c31c74fb86504c5 0 312958974 2
5fd845420b105f529c31c74fb86504c5 0 296421282 1
5fd845420b105f529c31c74fb86504c5 0 304862605 2
5fd845420b105f529c31c74fb86504c5 0 162220364 2
5fd845420b105f529c31c74fb86504c5 0 303096117 2
5fd845420b105f529c31c74fb86504c5 0 153659676 2
5fd845420b105f529c31c74fb86504c5 0 310982383 1
5fd845420b105f529c31c74fb86504c5 0 26238544 1
4e77c925361a8d32d581b13dbb7e3f7e 0 136792154 1
4e77c925361a8d32d581b13dbb7e3f7e 0 8858513 2
4e77c925361a8d32d581b13dbb7e3f7e 0 8882291 2
4e77c925361a8d32d581b13dbb7e3f7e 0 46221268 2
4e77c925361a8d32d581b13dbb7e3f7e 0 293851601 2
4e77c925361a8d32d581b13dbb7e3f7e 0 7075470 2
4e77c925361a8d32d581b13dbb7e3f7e 0 151005458 2
4e77c925361a8d32d581b13dbb7e3f7e 0 158936837 2
4e77c925361a8d32d581b13dbb7e3f7e 0 159106849 2
4e77c925361a8d32d581b13dbb7e3f7e 0 297508021 2
4e77c925361a8d32d581b13dbb7e3f7e 0 151005459 2
4e77c925361a8d32d581b13dbb7e3f7e 0 37732052 2
4e77c925361a8d32d581b13dbb7e3f7e 0 157125694 2
4e77c925361a8d32d581b13dbb7e3f7e 0 312763099 2
4e77c925361a8d32d581b13dbb7e3f7e 0 15009991 2
4e77c925361a8d32d581b13dbb7e3f7e 0 158936838 2
4e77c925361a8d32d581b13dbb7e3f7e 0 305450258 2
4e77c925361a8d32d581b13dbb7e3f7e 0 66929807 2
4e77c925361a8d32d581b13dbb7e3f7e 0 7075968 2
4e77c925361a8d32d581b13dbb7e3f7e 0 75198786 2
6110331bfb6045900ddc497b9fcdc0e8 0 301079172 1
6110331bfb6045900ddc497b9fcdc0e8 0 313254631 2
6110331bfb6045900ddc497b9fcdc0e8 0 310417099 2
6110331bfb6045900ddc497b9fcdc0e8 0 158039206 1
6110331bfb6045900ddc497b9fcdc0e8 0 291380871 1
6110331bfb6045900ddc497b9fcdc0e8 0 305020742 2
6110331bfb6045900ddc497b9fcdc0e8 0 304529002 2
6110331bfb6045900ddc497b9fcdc0e8 0 140144654 1
6110331bfb6045900ddc497b9fcdc0e8 0 171411875 2
6110331bfb6045900ddc497b9fcdc0e8 0 279645155 2
6110331bfb6045900ddc497b9fcdc0e8 0 158110740 1
6110331bfb6045900ddc497b9fcdc0e8 0 152949974 2
6110331bfb6045900ddc497b9fcdc0e8 0 292044752 1
6110331bfb6045900ddc497b9fcdc0e8 0 170564496 2
6110331bfb6045900ddc497b9fcdc0e8 0 143396552 1
6110331bfb6045900ddc497b9fcdc0e8 0 297730616 2
6110331bfb6045900ddc497b9fcdc0e8 0 160737569 0
6110331bfb6045900ddc497b9fcdc0e8 0 289556482 2
6110331bfb6045900ddc497b9fcdc0e8 0 161535009 1
6110331bfb6045900ddc497b9fcdc0e8 0 170190105 2
6110331bfb6045900ddc497b9fcdc0e8 0 301420750 2
6110331bfb6045900ddc497b9fcdc0e8 0 159443435 1
6110331bfb6045900ddc497b9fcdc0e8 0 171541986 2
b791ff63a203b978cd20beac6597d084 0 291521632 1
b791ff63a203b978cd20beac6597d084 0 159422864 2
b791ff63a203b978cd20beac6597d084 0 4874036 2
b791ff63a203b978cd20beac6597d084 0 7175156 2
b791ff63a203b978cd20beac6597d084 0 24969514 0
b791ff63a203b978cd20beac6597d084 0 295844408 2
b791ff63a203b978cd20beac6597d084 0 301561131 2
b791ff63a203b978cd20beac6597d084 0 296126261 2
b791ff63a203b978cd20beac6597d084 0 8753641 2
b791ff63a203b978cd20beac6597d084 0 313408881 2
b791ff63a203b978cd20beac6597d084 0 3023263 2
b791ff63a203b978cd20beac6597d084 0 11869251 2
b791ff63a203b978cd20beac6597d084 0 4857318 2
b791ff63a203b978cd20beac6597d084 0 2121030 1
b791ff63a203b978cd20beac6597d084 0 305588726 2
b791ff63a203b978cd20beac6597d084 0 4869143 2
b791ff63a203b978cd20beac6597d084 0 3024245 1
b791ff63a203b978cd20beac6597d084 0 3023422 1
b791ff63a203b978cd20beac6597d084 0 11773393 1
b791ff63a203b978cd20beac6597d084 0 3023819 2
b791ff63a203b978cd20beac6597d084 0 8029271 2
b791ff63a203b978cd20beac6597d084 0 62557719 2
b791ff63a203b978cd20beac6597d084 0 3024225 2
6513b320bfbcd0ed11d192b17f985131 0 87527753 2
6513b320bfbcd0ed11d192b17f985131 0 66900603 2
6513b320bfbcd0ed11d192b17f985131 0 86694518 2
6513b320bfbcd0ed11d192b17f985131 0 148286164 2
6513b320bfbcd0ed11d192b17f985131 0 128584423 2
6513b320bfbcd0ed11d192b17f985131 0 160434124 2
6513b320bfbcd0ed11d192b17f985131 0 151184488 2
6513b320bfbcd0ed11d192b17f985131 0 138520889 2
6513b320bfbcd0ed11d192b17f985131 0 19486208 2
6513b320bfbcd0ed11d192b17f985131 0 304072928 2
6513b320bfbcd0ed11d192b17f985131 0 297973047 2
6513b320bfbcd0ed11d192b17f985131 0 167804811 2
6513b320bfbcd0ed11d192b17f985131 0 152366311 2
6513b320bfbcd0ed11d192b17f985131 0 11358651 2
6513b320bfbcd0ed11d192b17f985131 0 138459341 2
6513b320bfbcd0ed11d192b17f985131 0 275734263 2
6513b320bfbcd0ed11d192b17f985131 0 301433518 2
6513b320bfbcd0ed11d192b17f985131 0 128971157 2
6513b320bfbcd0ed11d192b17f985131 0 275808451 2
6513b320bfbcd0ed11d192b17f985131 0 168225392 2
6513b320bfbcd0ed11d192b17f985131 0 159483302 2
6513b320bfbcd0ed11d192b17f985131 0 301947834 2
6513b320bfbcd0ed11d192b17f985131 0 159483476 2
6513b320bfbcd0ed11d192b17f985131 0 149900196 1
6513b320bfbcd0ed11d192b17f985131 0 4209598 2
5f07a7f0a83de807eee3213560a3467c 0 24810669 0
5f07a7f0a83de807eee3213560a3467c 0 40843570 0
5f07a7f0a83de807eee3213560a3467c 0 718359 0
5f07a7f0a83de807eee3213560a3467c 0 161853613 0
5f07a7f0a83de807eee3213560a3467c 0 304658419 0
5f07a7f0a83de807eee3213560a3467c 0 2394288 0
5f07a7f0a83de807eee3213560a3467c 0 54162964 1
5f07a7f0a83de807eee3213560a3467c 0 291798094 1
5f07a7f0a83de807eee3213560a3467c 0 54162225 0
5f07a7f0a83de807eee3213560a3467c 0 24763700 0
5f07a7f0a83de807eee3213560a3467c 0 7017694 0
5f07a7f0a83de807eee3213560a3467c 0 145573118 0
5f07a7f0a83de807eee3213560a3467c 0 55883861 1
5f07a7f0a83de807eee3213560a3467c 0 299848939 1
5f07a7f0a83de807eee3213560a3467c 0 44610264 0
5f07a7f0a83de807eee3213560a3467c 0 83840252 0
5f07a7f0a83de807eee3213560a3467c 0 305450940 0
5f07a7f0a83de807eee3213560a3467c 0 17181552 0
5f07a7f0a83de807eee3213560a3467c 0 52224589 0
5f07a7f0a83de807eee3213560a3467c 0 300137886 1
5f07a7f0a83de807eee3213560a3467c 0 59115620 0
5f07a7f0a83de807eee3213560a3467c 0 24763754 0
5f07a7f0a83de807eee3213560a3467c 0 168799775 0
5f07a7f0a83de807eee3213560a3467c 0 49551040 0
5f07a7f0a83de807eee3213560a3467c 0 156686913 1
5f07a7f0a83de807eee3213560a3467c 0 309453086 1
5f07a7f0a83de807eee3213560a3467c 0 2246874 1
5f07a7f0a83de807eee3213560a3467c 0 17145530 1
5f07a7f0a83de807eee3213560a3467c 0 18094167 1
2c19f7bf825bc626b8ec40399ae413f8 0 170695531 1
2c19f7bf825bc626b8ec40399ae413f8 0 152388062 2
2c19f7bf825bc626b8ec40399ae413f8 0 312617401 2
2c19f7bf825bc626b8ec40399ae413f8 0 125886736 2
2c19f7bf825bc626b8ec40399ae413f8 0 150251305 2
2c19f7bf825bc626b8ec40399ae413f8 0 310270549 2
2c19f7bf825bc626b8ec40399ae413f8 0 81695091 2
2c19f7bf825bc626b8ec40399ae413f8 0 128969988 2
2c19f7bf825bc626b8ec40399ae413f8 0 158034365 1
2c19f7bf825bc626b8ec40399ae413f8 0 11011598 1
2c19f7bf825bc626b8ec40399ae413f8 0 167650717 2
2c19f7bf825bc626b8ec40399ae413f8 0 107380628 1
2c19f7bf825bc626b8ec40399ae413f8 0 63242100 2
2c19f7bf825bc626b8ec40399ae413f8 0 158040747 2
2c19f7bf825bc626b8ec40399ae413f8 0 276239414 2
2c19f7bf825bc626b8ec40399ae413f8 0 70301637 2
2c19f7bf825bc626b8ec40399ae413f8 0 122233030 2
2c19f7bf825bc626b8ec40399ae413f8 0 128662394 2
2c19f7bf825bc626b8ec40399ae413f8 0 123388859 2
2c19f7bf825bc626b8ec40399ae413f8 0 308758477 2
2c19f7bf825bc626b8ec40399ae413f8 0 291468600 2
2c19f7bf825bc626b8ec40399ae413f8 0 312634388 2
2c19f7bf825bc626b8ec40399ae413f8 0 160831736 2
394376c1c20bfe2fc9f3896f1193a855 0 292548073 2
394376c1c20bfe2fc9f3896f1193a855 0 171843772 2
394376c1c20bfe2fc9f3896f1193a855 0 50513660 2
394376c1c20bfe2fc9f3896f1193a855 0 10970184 2
394376c1c20bfe2fc9f3896f1193a855 0 47001199 2
394376c1c20bfe2fc9f3896f1193a855 0 305483630 1
394376c1c20bfe2fc9f3896f1193a855 0 26246565 2
394376c1c20bfe2fc9f3896f1193a855 0 136053837 2
394376c1c20bfe2fc9f3896f1193a855 0 304516536 2
394376c1c20bfe2fc9f3896f1193a855 0 291087533 2
394376c1c20bfe2fc9f3896f1193a855 0 26258682 2
394376c1c20bfe2fc9f3896f1193a855 0 45614331 2
394376c1c20bfe2fc9f3896f1193a855 0 43525871 2
394376c1c20bfe2fc9f3896f1193a855 0 84002733 1
394376c1c20bfe2fc9f3896f1193a855 0 292487433 2
394376c1c20bfe2fc9f3896f1193a855 0 46781287 2
394376c1c20bfe2fc9f3896f1193a855 0 301078226 2
394376c1c20bfe2fc9f3896f1193a855 0 31067792 2
394376c1c20bfe2fc9f3896f1193a855 0 292487539 1
394376c1c20bfe2fc9f3896f1193a855 0 292517060 2
394376c1c20bfe2fc9f3896f1193a855 0 51383967 2
394376c1c20bfe2fc9f3896f1193a855 0 41410437 2
394376c1c20bfe2fc9f3896f1193a855 0 310985728 1
394376c1c20bfe2fc9f3896f1193a855 0 298421157 1
394376c1c20bfe2fc9f3896f1193a855 0 227286030 2
394376c1c20bfe2fc9f3896f1193a855 0 25370646 1
9d698ee46c1f1ec0c697e69fc138133c 0 590122 1
9d698ee46c1f1ec0c697e69fc138133c 0 304521699 1
9d698ee46c1f1ec0c697e69fc138133c 0 1132865 1
9d698ee46c1f1ec0c697e69fc138133c 0 42857400 1
9d698ee46c1f1ec0c697e69fc138133c 0 132121905 1
9d698ee46c1f1ec0c697e69fc138133c 0 17201854 1
9d698ee46c1f1ec0c697e69fc138133c 0 276120121 2
9d698ee46c1f1ec0c697e69fc138133c 0 1058320 1
9d698ee46c1f1ec0c697e69fc138133c 0 84867096 0
9d698ee46c1f1ec0c697e69fc138133c 0 139198274 1
9d698ee46c1f1ec0c697e69fc138133c 0 100958556 2
9d698ee46c1f1ec0c697e69fc138133c 0 135917542 1
9d698ee46c1f1ec0c697e69fc138133c 0 160073859 1
9d698ee46c1f1ec0c697e69fc138133c 0 138405497 2
9d698ee46c1f1ec0c697e69fc138133c 0 14314808 1
9d698ee46c1f1ec0c697e69fc138133c 0 129598425 2
9d698ee46c1f1ec0c697e69fc138133c 0 120230694 0
9d698ee46c1f1ec0c697e69fc138133c 0 17051815 1
9d698ee46c1f1ec0c697e69fc138133c 0 86533723 1
9d698ee46c1f1ec0c697e69fc138133c 0 4921422 1
9d698ee46c1f1ec0c697e69fc138133c 0 63004634 0
70a7a4c11f729b8ced811befa82aa2b7 0 304979691 2
70a7a4c11f729b8ced811befa82aa2b7 0 292270717 2
70a7a4c11f729b8ced811befa82aa2b7 0 302964083 2
70a7a4c11f729b8ced811befa82aa2b7 0 304980520 2
70a7a4c11f729b8ced811befa82aa2b7 0 305757893 2
70a7a4c11f729b8ced811befa82aa2b7 0 305614846 2
70a7a4c11f729b8ced811befa82aa2b7 0 300705862 2
70a7a4c11f729b8ced811befa82aa2b7 0 303266547 2
70a7a4c11f729b8ced811befa82aa2b7 0 310956957 2
70a7a4c11f729b8ced811befa82aa2b7 0 298328975 2
70a7a4c11f729b8ced811befa82aa2b7 0 290370802 2
70a7a4c11f729b8ced811befa82aa2b7 0 304512676 2
70a7a4c11f729b8ced811befa82aa2b7 0 284847755 2
70a7a4c11f729b8ced811befa82aa2b7 0 292272626 2
70a7a4c11f729b8ced811befa82aa2b7 0 240536999 2
70a7a4c11f729b8ced811befa82aa2b7 0 310945093 2
70a7a4c11f729b8ced811befa82aa2b7 0 304073040 2
70a7a4c11f729b8ced811befa82aa2b7 0 292487251 1
70a7a4c11f729b8ced811befa82aa2b7 0 81792389 2
70a7a4c11f729b8ced811befa82aa2b7 0 289702624 2
70a7a4c11f729b8ced811befa82aa2b7 0 292792250 2
70a7a4c11f729b8ced811befa82aa2b7 0 162020061 2
70a7a4c11f729b8ced811befa82aa2b7 0 301709089 2
70a7a4c11f729b8ced811befa82aa2b7 0 274997459 2
70a7a4c11f729b8ced811befa82aa2b7 0 304513108 1
42fc2e2be3ac49c6564dd47816dda6ef 0 299533862 1
42fc2e2be3ac49c6564dd47816dda6ef 0 122845362 1
42fc2e2be3ac49c6564dd47816dda6ef 0 84508388 1
42fc2e2be3ac49c6564dd47816dda6ef 0 274803195 1
42fc2e2be3ac49c6564dd47816dda6ef 0 17475955 1
42fc2e2be3ac49c6564dd47816dda6ef 0 64092315 2
42fc2e2be3ac49c6564dd47816dda6ef 0 7803127 2
42fc2e2be3ac49c6564dd47816dda6ef 0 289969016 1
42fc2e2be3ac49c6564dd47816dda6ef 0 279725967 1
42fc2e2be3ac49c6564dd47816dda6ef 0 293010005 1
42fc2e2be3ac49c6564dd47816dda6ef 0 275719331 1
42fc2e2be3ac49c6564dd47816dda6ef 0 70413830 1
42fc2e2be3ac49c6564dd47816dda6ef 0 302981044 2
42fc2e2be3ac49c6564dd47816dda6ef 0 310984847 2
42fc2e2be3ac49c6564dd47816dda6ef 0 307626381 2
42fc2e2be3ac49c6564dd47816dda6ef 0 50062241 2
42fc2e2be3ac49c6564dd47816dda6ef 0 64776656 1
42fc2e2be3ac49c6564dd47816dda6ef 0 171662224 1
42fc2e2be3ac49c6564dd47816dda6ef 0 304485742 2
42fc2e2be3ac49c6564dd47816dda6ef 0 19109103 1
42fc2e2be3ac49c6564dd47816dda6ef 0 297013495 2
42fc2e2be3ac49c6564dd47816dda6ef 0 70328943 2
42fc2e2be3ac49c6564dd47816dda6ef 0 29039777 1
42fc2e2be3ac49c6564dd47816dda6ef 0 160826726 2
42fc2e2be3ac49c6564dd47816dda6ef 0 305410170 1
42fc2e2be3ac49c6564dd47816dda6ef 0 38505696 0
2cec90ec702158ed195d56177d214a9e 0 292350980 2
2cec90ec702158ed195d56177d214a9e 0 300706811 2
2cec90ec702158ed195d56177d214a9e 0 2640603 2
2cec90ec702158ed195d56177d214a9e 0 293859596 2
2cec90ec702158ed195d56177d214a9e 0 161944357 2
2cec90ec702158ed195d56177d214a9e 0 293788376 2
2cec90ec702158ed195d56177d214a9e 0 51947717 2
2cec90ec702158ed195d56177d214a9e 0 18931750 2
2cec90ec702158ed195d56177d214a9e 0 40074024 2
2cec90ec702158ed195d56177d214a9e 0 2630871 2
2cec90ec702158ed195d56177d214a9e 0 155645554 2
2cec90ec702158ed195d56177d214a9e 0 304978215 1
2cec90ec702158ed195d56177d214a9e 0 297353220 2
2cec90ec702158ed195d56177d214a9e 0 52099851 2
2cec90ec702158ed195d56177d214a9e 0 171727009 2
2cec90ec702158ed195d56177d214a9e 0 41195117 2
2cec90ec702158ed195d56177d214a9e 0 39546796 2
2cec90ec702158ed195d56177d214a9e 0 18895529 2
2cec90ec702158ed195d56177d214a9e 0 171472851 2
2cec90ec702158ed195d56177d214a9e 0 153812623 2
2cec90ec702158ed195d56177d214a9e 0 74726421 2
2cec90ec702158ed195d56177d214a9e 0 44979743 2
2cec90ec702158ed195d56177d214a9e 0 155843135 2
2cec90ec702158ed195d56177d214a9e 0 80079543 2
2cec90ec702158ed195d56177d214a9e 0 302692987 2
2cec90ec702158ed195d56177d214a9e 0 6090750 2
78d5fc8dabcc6baf31f0060d3101065b 0 276129154 2
78d5fc8dabcc6baf31f0060d3101065b 0 8754915 2
78d5fc8dabcc6baf31f0060d3101065b 0 303196174 2
78d5fc8dabcc6baf31f0060d3101065b 0 46276537 3
78d5fc8dabcc6baf31f0060d3101065b 0 17476145 2
78d5fc8dabcc6baf31f0060d3101065b 0 291392168 2
78d5fc8dabcc6baf31f0060d3101065b 0 2475438 2
78d5fc8dabcc6baf31f0060d3101065b 0 159428227 2
78d5fc8dabcc6baf31f0060d3101065b 0 302925283 2
78d5fc8dabcc6baf31f0060d3101065b 0 78766858 2
78d5fc8dabcc6baf31f0060d3101065b 0 301548629 1
78d5fc8dabcc6baf31f0060d3101065b 0 304375965 2
78d5fc8dabcc6baf31f0060d3101065b 0 296424062 2
78d5fc8dabcc6baf31f0060d3101065b 0 291391313 2
78d5fc8dabcc6baf31f0060d3101065b 0 302157887 2
78d5fc8dabcc6baf31f0060d3101065b 0 143684671 2
78d5fc8dabcc6baf31f0060d3101065b 0 291436733 2
78d5fc8dabcc6baf31f0060d3101065b 0 304884820 2
78d5fc8dabcc6baf31f0060d3101065b 0 2741906 2
78d5fc8dabcc6baf31f0060d3101065b 0 168526553 2
78d5fc8dabcc6baf31f0060d3101065b 0 172758447 1
78d5fc8dabcc6baf31f0060d3101065b 0 46725881 1
78d5fc8dabcc6baf31f0060d3101065b 0 302161256 2
78d5fc8dabcc6baf31f0060d3101065b 0 48044117 2
78d5fc8dabcc6baf31f0060d3101065b 0 51437305 2
78d5fc8dabcc6baf31f0060d3101065b 0 38529291 2
8825fceaab6c9615ff2422b373b5baee 0 290564830 1
8825fceaab6c9615ff2422b373b5baee 0 303496617 0
8825fceaab6c9615ff2422b373b5baee 0 275345114 0
8825fceaab6c9615ff2422b373b5baee 0 10720275 1
8825fceaab6c9615ff2422b373b5baee 0 24338561 0
8825fceaab6c9615ff2422b373b5baee 0 303883869 2
8825fceaab6c9615ff2422b373b5baee 0 300129236 1
8825fceaab6c9615ff2422b373b5baee 0 10141847 2
8825fceaab6c9615ff2422b373b5baee 0 310976423 0
8825fceaab6c9615ff2422b373b5baee 0 303496691 0
8825fceaab6c9615ff2422b373b5baee 0 113265927 1
8825fceaab6c9615ff2422b373b5baee 0 310411512 2
8825fceaab6c9615ff2422b373b5baee 0 291394510 0
8825fceaab6c9615ff2422b373b5baee 0 295415958 0
8825fceaab6c9615ff2422b373b5baee 0 291484741 1
8825fceaab6c9615ff2422b373b5baee 0 6007032 1
8825fceaab6c9615ff2422b373b5baee 0 143790959 1
8825fceaab6c9615ff2422b373b5baee 0 45503201 0
8825fceaab6c9615ff2422b373b5baee 0 147045095 0
8825fceaab6c9615ff2422b373b5baee 0 289705765 1
8825fceaab6c9615ff2422b373b5baee 0 303813028 2
8825fceaab6c9615ff2422b373b5baee 0 301810352 2
8825fceaab6c9615ff2422b373b5baee 0 46072419 1
8825fceaab6c9615ff2422b373b5baee 0 19216662 0
8825fceaab6c9615ff2422b373b5baee 0 311534635 2
8825fceaab6c9615ff2422b373b5baee 0 298723169 1
8825fceaab6c9615ff2422b373b5baee 0 19031670 0
a75d54b247cf81049aa2506fa2d5b776 0 293755082 1
a75d54b247cf81049aa2506fa2d5b776 0 85850000 1
a75d54b247cf81049aa2506fa2d5b776 0 81223236 1
a75d54b247cf81049aa2506fa2d5b776 0 300162815 2
a75d54b247cf81049aa2506fa2d5b776 0 162016802 1
a75d54b247cf81049aa2506fa2d5b776 0 305480620 2
a75d54b247cf81049aa2506fa2d5b776 0 4403092 2
a75d54b247cf81049aa2506fa2d5b776 0 274720042 2
a75d54b247cf81049aa2506fa2d5b776 0 166769840 2
a75d54b247cf81049aa2506fa2d5b776 0 14073823 2
a75d54b247cf81049aa2506fa2d5b776 0 136055422 2
a75d54b247cf81049aa2506fa2d5b776 0 9462449 2
a75d54b247cf81049aa2506fa2d5b776 0 303031383 2
a75d54b247cf81049aa2506fa2d5b776 0 149128844 1
a75d54b247cf81049aa2506fa2d5b776 0 18986347 2
a75d54b247cf81049aa2506fa2d5b776 0 18986631 2
a75d54b247cf81049aa2506fa2d5b776 0 150417079 2
a75d54b247cf81049aa2506fa2d5b776 0 275650437 2
a75d54b247cf81049aa2506fa2d5b776 0 290960322 2
a75d54b247cf81049aa2506fa2d5b776 0 297112037 2
a75d54b247cf81049aa2506fa2d5b776 0 293792147 2
a75d54b247cf81049aa2506fa2d5b776 0 10968353 2
a75d54b247cf81049aa2506fa2d5b776 0 50541469 2
a75d54b247cf81049aa2506fa2d5b776 0 310984454 2
a75d54b247cf81049aa2506fa2d5b776 0 57746774 2
a75d54b247cf81049aa2506fa2d5b776 0 8137770 2
a75d54b247cf81049aa2506fa2d5b776 0 44880633 2
c7ac0c6292e5c67406659959b4dfaad5 0 74851702 1
c7ac0c6292e5c67406659959b4dfaad5 0 148938803 2
c7ac0c6292e5c67406659959b4dfaad5 0 122345144 2
c7ac0c6292e5c67406659959b4dfaad5 0 156950189 2
c7ac0c6292e5c67406659959b4dfaad5 0 2795175 2
c7ac0c6292e5c67406659959b4dfaad5 0 4235453 2
c7ac0c6292e5c67406659959b4dfaad5 0 2508997 1
c7ac0c6292e5c67406659959b4dfaad5 0 2817939 2
c7ac0c6292e5c67406659959b4dfaad5 0 128098829 2
c7ac0c6292e5c67406659959b4dfaad5 0 2482732 1
c7ac0c6292e5c67406659959b4dfaad5 0 8497873 2
c7ac0c6292e5c67406659959b4dfaad5 0 18929686 2
c7ac0c6292e5c67406659959b4dfaad5 0 44988554 2
c7ac0c6292e5c67406659959b4dfaad5 0 11917019 2
c7ac0c6292e5c67406659959b4dfaad5 0 18927172 1
c7ac0c6292e5c67406659959b4dfaad5 0 157128226 2
c7ac0c6292e5c67406659959b4dfaad5 0 313643139 2
c7ac0c6292e5c67406659959b4dfaad5 0 2981180 2
c7ac0c6292e5c67406659959b4dfaad5 0 150467811 1
c7ac0c6292e5c67406659959b4dfaad5 0 18929563 1
21659a15321024640ba3d71b9d51877f 0 21018727 0
21659a15321024640ba3d71b9d51877f 0 85007057 1
21659a15321024640ba3d71b9d51877f 0 269177 1
21659a15321024640ba3d71b9d51877f 0 290458214 1
21659a15321024640ba3d71b9d51877f 0 300885646 0
21659a15321024640ba3d71b9d51877f 0 14912405 1
21659a15321024640ba3d71b9d51877f 0 296444950 2
21659a15321024640ba3d71b9d51877f 0 10722315 1
21659a15321024640ba3d71b9d51877f 0 36983017 0
21659a15321024640ba3d71b9d51877f 0 305887675 1
21659a15321024640ba3d71b9d51877f 0 289590677 1
21659a15321024640ba3d71b9d51877f 0 37059345 0
21659a15321024640ba3d71b9d51877f 0 305718960 1
21659a15321024640ba3d71b9d51877f 0 2526944 1
21659a15321024640ba3d71b9d51877f 0 2761783 0
21659a15321024640ba3d71b9d51877f 0 11778320 1
21659a15321024640ba3d71b9d51877f 0 299592339 0
21659a15321024640ba3d71b9d51877f 0 293942932 1
21659a15321024640ba3d71b9d51877f 0 304085769 1
21659a15321024640ba3d71b9d51877f 0 298903625 1
21659a15321024640ba3d71b9d51877f 0 166397613 1
21659a15321024640ba3d71b9d51877f 0 2531366 0
21659a15321024640ba3d71b9d51877f 0 297184572 2
21659a15321024640ba3d71b9d51877f 0 301844213 1
21659a15321024640ba3d71b9d51877f 0 308875044 0
21659a15321024640ba3d71b9d51877f 0 290410843 1
21659a15321024640ba3d71b9d51877f 0 8642440 1
21659a15321024640ba3d71b9d51877f 0 293029811 0
d31800df0aa5536031d19e79cb9f0d95 0 108672915 1
d31800df0aa5536031d19e79cb9f0d95 0 24364295 1
d31800df0aa5536031d19e79cb9f0d95 0 9960358 1
d31800df0aa5536031d19e79cb9f0d95 0 52952869 1
d31800df0aa5536031d19e79cb9f0d95 0 297793376 2
d31800df0aa5536031d19e79cb9f0d95 0 137275818 1
d31800df0aa5536031d19e79cb9f0d95 0 297781703 1
d31800df0aa5536031d19e79cb9f0d95 0 169292174 1
d31800df0aa5536031d19e79cb9f0d95 0 305614163 1
d31800df0aa5536031d19e79cb9f0d95 0 169297655 1
d31800df0aa5536031d19e79cb9f0d95 0 33506990 1
d31800df0aa5536031d19e79cb9f0d95 0 145388859 1
d31800df0aa5536031d19e79cb9f0d95 0 289885632 1
d31800df0aa5536031d19e79cb9f0d95 0 299822217 1
d31800df0aa5536031d19e79cb9f0d95 0 303215188 1
d31800df0aa5536031d19e79cb9f0d95 0 22970513 1
d31800df0aa5536031d19e79cb9f0d95 0 151576438 1
d31800df0aa5536031d19e79cb9f0d95 0 79336968 1
d31800df0aa5536031d19e79cb9f0d95 0 291536304 1
d31800df0aa5536031d19e79cb9f0d95 0 10158642 1
d31800df0aa5536031d19e79cb9f0d95 0 155655424 1
d31800df0aa5536031d19e79cb9f0d95 0 39873003 2
